food_id,food_name,food_category,food_subcategory,commodity,scientific_name,moisture_content,protein_content,fat_content,carbohydrate_content,fiber_content,ash_content,pH,water_activity,respiration_rate,perishability,spoilage_risk,oxidation_sensitivity,moisture_sensitivity,light_sensitivity,oxygen_sensitivity,temperature_sensitivity,microbial_risk,food_quality_grade,source,source_document,page_number,notes,source_url
A001,"Amaranth seed, black (Amaranthus cruentus)",Cereals and Millets,,,Amaranthus cruentus,9.89,14.59,5.74,59.98,7.02,2.78,,,,,,,,,,,,,ICMR-NIN Indian Food Composition Tables (IFCT) 2017,Food Composition Data ICMR.pdf,41,"moisture/protein/ash/fat/energy in g or kJ per 100g edible portion (raw, except eggs); n_regions=1; energy_kJ=1490",
A003,Bajra (Pennisetum typhoideum),Cereals and Millets,,,Pennisetum typhoideum,8.97,10.96,5.43,61.78,11.49,1.37,,,,,,,,,,,,,ICMR-NIN Indian Food Composition Tables (IFCT) 2017,Food Composition Data ICMR.pdf,41,"moisture/protein/ash/fat/energy in g or kJ per 100g edible portion (raw, except eggs); n_regions=6; energy_kJ=1456",
A004,Barley (Hordeum vulgare),Cereals and Millets,,,Hordeum vulgare,9.77,10.94,1.3,61.29,15.64,1.06,,,,,,,,,,,,,ICMR-NIN Indian Food Composition Tables (IFCT) 2017,Food Composition Data ICMR.pdf,41,"moisture/protein/ash/fat/energy in g or kJ per 100g edible portion (raw, except eggs); n_regions=6; energy_kJ=1321",
A005,Jowar (Sorghum vulgare),Cereals and Millets,,,Sorghum vulgare,9.01,9.97,1.73,67.68,10.22,1.39,,,,,,,,,,,,,ICMR-NIN Indian Food Composition Tables (IFCT) 2017,Food Composition Data ICMR.pdf,41,"moisture/protein/ash/fat/energy in g or kJ per 100g edible portion (raw, except eggs); n_regions=6; energy_kJ=1398",
A006,"Maize, dry (Zea mays)",Cereals and Millets,,,Zea mays,9.26,8.8,3.77,64.77,12.24,1.17,,,,,,,,,,,,,ICMR-NIN Indian Food Composition Tables (IFCT) 2017,Food Composition Data ICMR.pdf,41,"moisture/protein/ash/fat/energy in g or kJ per 100g edible portion (raw, except eggs); n_regions=6; energy_kJ=1398",
A007,"Maize, tender, local (Zea mays)",Cereals and Millets,,,Zea mays,68.29,3.57,1.4,22.69,3.67,0.38,,,,,,,,,,,,,ICMR-NIN Indian Food Composition Tables (IFCT) 2017,Food Composition Data ICMR.pdf,41,"moisture/protein/ash/fat/energy in g or kJ per 100g edible portion (raw, except eggs); n_regions=6; energy_kJ=502",
A008,"Maize, tender, sweet (Zea mays)",Cereals and Millets,,,Zea mays,74.4,4.16,1.35,16.42,3.3,0.36,,,,,,,,,,,,,ICMR-NIN Indian Food Composition Tables (IFCT) 2017,Food Composition Data ICMR.pdf,41,"moisture/protein/ash/fat/energy in g or kJ per 100g edible portion (raw, except eggs); n_regions=4; energy_kJ=405",
A010,Ragi (Eleusine coracana),Cereals and Millets,,,Eleusine coracana,10.89,7.16,1.92,66.82,11.18,2.04,,,,,,,,,,,,,ICMR-NIN Indian Food Composition Tables (IFCT) 2017,Food Composition Data ICMR.pdf,41,"moisture/protein/ash/fat/energy in g or kJ per 100g edible portion (raw, except eggs); n_regions=5; energy_kJ=1342",
A012,Rice puffed (Oryza sativa ),Cereals and Millets,,,,9.4,7.47,1.62,77.68,2.56,1.28,,,,,,,,,,,,,ICMR-NIN Indian Food Composition Tables (IFCT) 2017,Food Composition Data ICMR.pdf,41,"moisture/protein/ash/fat/energy in g or kJ per 100g edible portion (raw, except eggs); n_regions=6; energy_kJ=1514",
A013,"Rice, raw, brown (Oryza sativa )",Cereals and Millets,,,,9.33,9.16,1.24,74.8,4.43,1.04,,,,,,,,,,,,,ICMR-NIN Indian Food Composition Tables (IFCT) 2017,Food Composition Data ICMR.pdf,41,"moisture/protein/ash/fat/energy in g or kJ per 100g edible portion (raw, except eggs); n_regions=6; energy_kJ=1480",
A014,"Rice, parboiled, milled  (Oryza sativa )",Cereals and Millets,,,,10.09,7.81,0.55,77.16,3.74,0.65,,,,,,,,,,,,,ICMR-NIN Indian Food Composition Tables (IFCT) 2017,Food Composition Data ICMR.pdf,41,"moisture/protein/ash/fat/energy in g or kJ per 100g edible portion (raw, except eggs); n_regions=6; energy_kJ=1471",
A015,"Rice, raw, milled  (Oryza sativa )",Cereals and Millets,,,,9.93,7.94,0.52,78.24,2.81,0.56,,,,,,,,,,,,,ICMR-NIN Indian Food Composition Tables (IFCT) 2017,Food Composition Data ICMR.pdf,41,"moisture/protein/ash/fat/energy in g or kJ per 100g edible portion (raw, except eggs); n_regions=6; energy_kJ=1491",
A016,Samai (Panicum miliare),Cereals and Millets,,,Panicum miliare,11.36,10.13,3.89,65.55,7.72,1.34,,,,,,,,,,,,,ICMR-NIN Indian Food Composition Tables (IFCT) 2017,Food Composition Data ICMR.pdf,41,"moisture/protein/ash/fat/energy in g or kJ per 100g edible portion (raw, except eggs); n_regions=6; energy_kJ=1449",
A017,Varagu (Paspalum scrobiculatum),Cereals and Millets,,,Paspalum scrobiculatum,14.23,8.92,2.55,66.19,6.39,1.72,,,,,,,,,,,,,ICMR-NIN Indian Food Composition Tables (IFCT) 2017,Food Composition Data ICMR.pdf,41,"moisture/protein/ash/fat/energy in g or kJ per 100g edible portion (raw, except eggs); n_regions=5; energy_kJ=1388",
A018,"Wheat flour, refined (Triticum aestivum)",Cereals and Millets,,,Triticum aestivum,11.34,10.36,0.76,74.27,2.76,0.51,,,,,,,,,,,,,ICMR-NIN Indian Food Composition Tables (IFCT) 2017,Food Composition Data ICMR.pdf,41,"moisture/protein/ash/fat/energy in g or kJ per 100g edible portion (raw, except eggs); n_regions=6; energy_kJ=1472",
A019,"Wheat flour, atta (Triticum aestivum)",Cereals and Millets,,,Triticum aestivum,11.1,10.57,1.53,64.17,11.36,1.28,,,,,,,,,,,,,ICMR-NIN Indian Food Composition Tables (IFCT) 2017,Food Composition Data ICMR.pdf,42,"moisture/protein/ash/fat/energy in g or kJ per 100g edible portion (raw, except eggs); n_regions=6; energy_kJ=1340",
A020,"Wheat, whole (Triticum aestivum)",Cereals and Millets,,,Triticum aestivum,10.58,10.59,1.47,64.72,11.23,1.42,,,,,,,,,,,,,ICMR-NIN Indian Food Composition Tables (IFCT) 2017,Food Composition Data ICMR.pdf,42,"moisture/protein/ash/fat/energy in g or kJ per 100g edible portion (raw, except eggs); n_regions=6; energy_kJ=1347",
A021,"Wheat, bulgur (Triticum aestivum)",Cereals and Millets,,,Triticum aestivum,8.61,10.84,1.45,69.06,8.81,1.23,,,,,,,,,,,,,ICMR-NIN Indian Food Composition Tables (IFCT) 2017,Food Composition Data ICMR.pdf,42,"moisture/protein/ash/fat/energy in g or kJ per 100g edible portion (raw, except eggs); n_regions=6; energy_kJ=1430",
A022,"Wheat, semolina (Triticum aestivum)",Cereals and Millets,,,Triticum aestivum,8.94,11.38,0.74,68.43,9.72,0.8,,,,,,,,,,,,,ICMR-NIN Indian Food Composition Tables (IFCT) 2017,Food Composition Data ICMR.pdf,42,"moisture/protein/ash/fat/energy in g or kJ per 100g edible portion (raw, except eggs); n_regions=6; energy_kJ=1396",
A023,"Wheat, vermicelli (Triticum aestivum)",Cereals and Millets,,,Triticum aestivum,9.59,9.7,0.45,70.39,9.28,0.6,,,,,,,,,,,,,ICMR-NIN Indian Food Composition Tables (IFCT) 2017,Food Composition Data ICMR.pdf,42,"moisture/protein/ash/fat/energy in g or kJ per 100g edible portion (raw, except eggs); n_regions=6; energy_kJ=1392",
A024,"Wheat, vermicelli, roasted (Triticum aestivum)",Cereals and Millets,,,Triticum aestivum,7.61,10.37,0.49,71.42,9.55,0.56,,,,,,,,,,,,,ICMR-NIN Indian Food Composition Tables (IFCT) 2017,Food Composition Data ICMR.pdf,42,"moisture/protein/ash/fat/energy in g or kJ per 100g edible portion (raw, except eggs); n_regions=6; energy_kJ=1423",
B001,"Bengal gram, dal (Cicer arietinum)",Grain Legumes,,,Cicer arietinum,9.18,21.55,5.31,46.72,15.15,2.1,,,,,,,,,,,,,ICMR-NIN Indian Food Composition Tables (IFCT) 2017,Food Composition Data ICMR.pdf,42,"moisture/protein/ash/fat/energy in g or kJ per 100g edible portion (raw, except eggs); n_regions=6; energy_kJ=1377",
B002,"Bengal gram, whole (Cicer arietinum)",Grain Legumes,,,Cicer arietinum,8.56,18.77,5.11,39.56,25.22,2.78,,,,,,,,,,,,,ICMR-NIN Indian Food Composition Tables (IFCT) 2017,Food Composition Data ICMR.pdf,42,"moisture/protein/ash/fat/energy in g or kJ per 100g edible portion (raw, except eggs); n_regions=6; energy_kJ=1201",
B003,"Black gram, dal (Phaseolus mungo)",Grain Legumes,,,Phaseolus mungo,9.16,23.06,1.69,51.0,11.93,3.17,,,,,,,,,,,,,ICMR-NIN Indian Food Composition Tables (IFCT) 2017,Food Composition Data ICMR.pdf,42,"moisture/protein/ash/fat/energy in g or kJ per 100g edible portion (raw, except eggs); n_regions=6; energy_kJ=1356",
B004,"Black gram, whole (Phaseolus mungo)",Grain Legumes,,,Phaseolus mungo,8.7,21.97,1.58,43.99,20.41,3.35,,,,,,,,,,,,,ICMR-NIN Indian Food Composition Tables (IFCT) 2017,Food Composition Data ICMR.pdf,42,"moisture/protein/ash/fat/energy in g or kJ per 100g edible portion (raw, except eggs); n_regions=6; energy_kJ=1219",
B005,"Cowpea, brown (Vigna catjang)",Grain Legumes,,,Vigna catjang,9.42,20.36,1.15,54.62,11.54,2.9,,,,,,,,,,,,,ICMR-NIN Indian Food Composition Tables (IFCT) 2017,Food Composition Data ICMR.pdf,42,"moisture/protein/ash/fat/energy in g or kJ per 100g edible portion (raw, except eggs); n_regions=6; energy_kJ=1340",
B006,"Cowpea, white (Vigna catjang)",Grain Legumes,,,Vigna catjang,9.32,21.25,1.14,53.77,11.7,2.83,,,,,,,,,,,,,ICMR-NIN Indian Food Composition Tables (IFCT) 2017,Food Composition Data ICMR.pdf,42,"moisture/protein/ash/fat/energy in g or kJ per 100g edible portion (raw, except eggs); n_regions=1; energy_kJ=1340",
B007,"Field bean, black (Phaseolus vulgaris)",Grain Legumes,,,Phaseolus vulgaris,9.57,19.93,0.92,43.46,23.4,2.73,,,,,,,,,,,,,ICMR-NIN Indian Food Composition Tables (IFCT) 2017,Food Composition Data ICMR.pdf,42,"moisture/protein/ash/fat/energy in g or kJ per 100g edible portion (raw, except eggs); n_regions=1; energy_kJ=1155",
B008,"Field bean, brown (Phaseolus vulgaris)",Grain Legumes,,,Phaseolus vulgaris,8.74,19.9,0.98,45.24,22.4,2.74,,,,,,,,,,,,,ICMR-NIN Indian Food Composition Tables (IFCT) 2017,Food Composition Data ICMR.pdf,42,"moisture/protein/ash/fat/energy in g or kJ per 100g edible portion (raw, except eggs); n_regions=1; energy_kJ=1184",
B009,"Field bean,  white (Phaseolus vulgaris)",Grain Legumes,,,Phaseolus vulgaris,8.61,19.84,0.94,44.53,22.99,3.09,,,,,,,,,,,,,ICMR-NIN Indian Food Composition Tables (IFCT) 2017,Food Composition Data ICMR.pdf,42,"moisture/protein/ash/fat/energy in g or kJ per 100g edible portion (raw, except eggs); n_regions=5; energy_kJ=1173",
B010,"Green gram, dal ( a)Vigna radiat",Grain Legumes,,,,9.77,23.88,1.35,52.59,9.37,3.04,,,,,,,,,,,,,ICMR-NIN Indian Food Composition Tables (IFCT) 2017,Food Composition Data ICMR.pdf,42,"moisture/protein/ash/fat/energy in g or kJ per 100g edible portion (raw, except eggs); n_regions=6; energy_kJ=1363",
B011,"Green gram, whole (Vigna radiata)",Grain Legumes,,,Vigna radiata,9.95,22.53,1.14,46.13,17.04,3.22,,,,,,,,,,,,,ICMR-NIN Indian Food Composition Tables (IFCT) 2017,Food Composition Data ICMR.pdf,42,"moisture/protein/ash/fat/energy in g or kJ per 100g edible portion (raw, except eggs); n_regions=6; energy_kJ=1229",
B012,"Horse gram, whole (Dolichos biflorus)",Grain Legumes,,,Dolichos biflorus,9.28,21.73,0.62,57.24,7.88,3.24,,,,,,,,,,,,,ICMR-NIN Indian Food Composition Tables (IFCT) 2017,Food Composition Data ICMR.pdf,42,"moisture/protein/ash/fat/energy in g or kJ per 100g edible portion (raw, except eggs); n_regions=6; energy_kJ=1379",
B013,Lentil dal (Lens culinaris),Grain Legumes,,,Lens culinaris,9.71,24.35,0.75,52.53,10.43,2.23,,,,,,,,,,,,,ICMR-NIN Indian Food Composition Tables (IFCT) 2017,Food Composition Data ICMR.pdf,42,"moisture/protein/ash/fat/energy in g or kJ per 100g edible portion (raw, except eggs); n_regions=6; energy_kJ=1349",
B014,"Lentil whole, brown (Lens culinaris)",Grain Legumes,,,Lens culinaris,9.2,22.49,0.64,48.47,16.82,2.39,,,,,,,,,,,,,ICMR-NIN Indian Food Composition Tables (IFCT) 2017,Food Composition Data ICMR.pdf,43,"moisture/protein/ash/fat/energy in g or kJ per 100g edible portion (raw, except eggs); n_regions=6; energy_kJ=1251",
B015,"Lentil whole, yellowish (Lens culinaris)",Grain Legumes,,,Lens culinaris,9.75,22.87,0.61,47.91,16.66,2.2,,,,,,,,,,,,,ICMR-NIN Indian Food Composition Tables (IFCT) 2017,Food Composition Data ICMR.pdf,43,"moisture/protein/ash/fat/energy in g or kJ per 100g edible portion (raw, except eggs); n_regions=2; energy_kJ=1246",
B016,Moth bean (Vigna aconitifolia),Grain Legumes,,,Vigna aconitifolia,8.14,19.75,1.76,52.09,15.12,3.14,,,,,,,,,,,,,ICMR-NIN Indian Food Composition Tables (IFCT) 2017,Food Composition Data ICMR.pdf,43,"moisture/protein/ash/fat/energy in g or kJ per 100g edible portion (raw, except eggs); n_regions=6; energy_kJ=1291",
B017,"Peas, dry (Pisum sativum)",Grain Legumes,,,Pisum sativum,9.33,20.43,1.89,48.93,17.01,2.41,,,,,,,,,,,,,ICMR-NIN Indian Food Composition Tables (IFCT) 2017,Food Composition Data ICMR.pdf,43,"moisture/protein/ash/fat/energy in g or kJ per 100g edible portion (raw, except eggs); n_regions=6; energy_kJ=1269",
B018,"Rajmah, black (Phaseolus vulgaris)",Grain Legumes,,,Phaseolus vulgaris,8.69,19.01,1.62,49.59,17.74,3.35,,,,,,,,,,,,,ICMR-NIN Indian Food Composition Tables (IFCT) 2017,Food Composition Data ICMR.pdf,43,"moisture/protein/ash/fat/energy in g or kJ per 100g edible portion (raw, except eggs); n_regions=2; energy_kJ=1247",
B019,"Rajmah, brown (Phaseolus vulgaris)",Grain Legumes,,,Phaseolus vulgaris,9.68,19.5,1.68,48.83,16.95,3.36,,,,,,,,,,,,,ICMR-NIN Indian Food Composition Tables (IFCT) 2017,Food Composition Data ICMR.pdf,43,"moisture/protein/ash/fat/energy in g or kJ per 100g edible portion (raw, except eggs); n_regions=6; energy_kJ=1245",
B020,"Rajmah, red (Phaseolus vulgaris)",Grain Legumes,,,Phaseolus vulgaris,9.87,19.91,1.77,48.61,16.57,3.28,,,,,,,,,,,,,ICMR-NIN Indian Food Composition Tables (IFCT) 2017,Food Composition Data ICMR.pdf,43,"moisture/protein/ash/fat/energy in g or kJ per 100g edible portion (raw, except eggs); n_regions=3; energy_kJ=1252",
B021,"Red gram, dal (Cajanus cajan)",Grain Legumes,,,Cajanus cajan,9.2,21.7,1.56,55.23,9.06,3.26,,,,,,,,,,,,,ICMR-NIN Indian Food Composition Tables (IFCT) 2017,Food Composition Data ICMR.pdf,43,"moisture/protein/ash/fat/energy in g or kJ per 100g edible portion (raw, except eggs); n_regions=6; energy_kJ=1384",
B022,"Red gram, whole (Cajanus cajan)",Grain Legumes,,,Cajanus cajan,9.3,20.47,1.38,42.48,22.84,3.53,,,,,,,,,,,,,ICMR-NIN Indian Food Composition Tables (IFCT) 2017,Food Composition Data ICMR.pdf,43,"moisture/protein/ash/fat/energy in g or kJ per 100g edible portion (raw, except eggs); n_regions=6; energy_kJ=1146",
B023,Ricebean (Vigna umbellata ),Grain Legumes,,,,11.12,19.97,0.74,51.26,13.37,3.54,,,,,,,,,,,,,ICMR-NIN Indian Food Composition Tables (IFCT) 2017,Food Composition Data ICMR.pdf,43,"moisture/protein/ash/fat/energy in g or kJ per 100g edible portion (raw, except eggs); n_regions=1; energy_kJ=1265",
B024,"Soybean, brown (Glycine max)",Grain Legumes,,,Glycine max,5.51,35.58,19.82,12.79,21.55,4.74,,,,,,,,,,,,,ICMR-NIN Indian Food Composition Tables (IFCT) 2017,Food Composition Data ICMR.pdf,43,"moisture/protein/ash/fat/energy in g or kJ per 100g edible portion (raw, except eggs); n_regions=6; energy_kJ=1596",
B025,"Soybean, white (Glycine max)",Grain Legumes,,,Glycine max,5.47,37.8,19.42,10.16,22.63,4.52,,,,,,,,,,,,,ICMR-NIN Indian Food Composition Tables (IFCT) 2017,Food Composition Data ICMR.pdf,43,"moisture/protein/ash/fat/energy in g or kJ per 100g edible portion (raw, except eggs); n_regions=1; energy_kJ=1579",
C001,Agathi leaves (Sesbania grandiflora),Green Leafy Vegetables,,,Sesbania grandiflora,74.43,8.01,1.35,5.21,8.6,2.42,,,,,,,,,,,,,ICMR-NIN Indian Food Composition Tables (IFCT) 2017,Food Composition Data ICMR.pdf,43,"moisture/protein/ash/fat/energy in g or kJ per 100g edible portion (raw, except eggs); n_regions=1; energy_kJ=295",
C002,"Amaranth leaves, green (Amaranthus gangeticus)",Green Leafy Vegetables,,,Amaranthus gangeticus,86.85,3.29,0.65,2.28,4.41,2.52,,,,,,,,,,,,,ICMR-NIN Indian Food Composition Tables (IFCT) 2017,Food Composition Data ICMR.pdf,43,"moisture/protein/ash/fat/energy in g or kJ per 100g edible portion (raw, except eggs); n_regions=6; energy_kJ=128",
C003,"Amaranth leaves, red (Amaranthus gangeticus)",Green Leafy Vegetables,,,Amaranthus gangeticus,85.56,3.93,0.63,2.37,4.91,2.61,,,,,,,,,,,,,ICMR-NIN Indian Food Composition Tables (IFCT) 2017,Food Composition Data ICMR.pdf,43,"moisture/protein/ash/fat/energy in g or kJ per 100g edible portion (raw, except eggs); n_regions=1; energy_kJ=140",
C007,Basella leaves (Basella alba),Green Leafy Vegetables,,,Basella alba,92.68,1.57,0.45,2.01,2.21,1.09,,,,,,,,,,,,,ICMR-NIN Indian Food Composition Tables (IFCT) 2017,Food Composition Data ICMR.pdf,43,"moisture/protein/ash/fat/energy in g or kJ per 100g edible portion (raw, except eggs); n_regions=2; energy_kJ=82",
C008,Bathua leaves (Chenopodium album),Green Leafy Vegetables,,,Chenopodium album,88.77,2.5,0.44,2.56,4.01,1.71,,,,,,,,,,,,,ICMR-NIN Indian Food Composition Tables (IFCT) 2017,Food Composition Data ICMR.pdf,44,"moisture/protein/ash/fat/energy in g or kJ per 100g edible portion (raw, except eggs); n_regions=2; energy_kJ=116",
C009,Beet greens (Beta vulgaris),Green Leafy Vegetables,,,Beta vulgaris,86.68,2.38,0.75,3.86,3.64,2.69,,,,,,,,,,,,,ICMR-NIN Indian Food Composition Tables (IFCT) 2017,Food Composition Data ICMR.pdf,44,"moisture/protein/ash/fat/energy in g or kJ per 100g edible portion (raw, except eggs); n_regions=6; energy_kJ=145",
C010,"Betel leaves, big (Kolkata) (Piper betle)",Green Leafy Vegetables,,,Piper betle,84.93,2.51,0.75,7.37,2.12,2.33,,,,,,,,,,,,,ICMR-NIN Indian Food Composition Tables (IFCT) 2017,Food Composition Data ICMR.pdf,44,"moisture/protein/ash/fat/energy in g or kJ per 100g edible portion (raw, except eggs); n_regions=6; energy_kJ=202",
C011,"Betel leaves, small (Piper betle)",Green Leafy Vegetables,,,Piper betle,85.92,2.62,0.75,6.16,1.97,2.59,,,,,,,,,,,,,ICMR-NIN Indian Food Composition Tables (IFCT) 2017,Food Composition Data ICMR.pdf,44,"moisture/protein/ash/fat/energy in g or kJ per 100g edible portion (raw, except eggs); n_regions=4; energy_kJ=183",
C013,"Cabbage, Chinese (Brassica rupa)",Green Leafy Vegetables,,,Brassica rupa,93.19,1.58,0.13,2.36,2.01,0.73,,,,,,,,,,,,,ICMR-NIN Indian Food Composition Tables (IFCT) 2017,Food Composition Data ICMR.pdf,44,"moisture/protein/ash/fat/energy in g or kJ per 100g edible portion (raw, except eggs); n_regions=1; energy_kJ=75",
C018,"Colocasia leaves, green (Colocasia esculenta)",Green Leafy Vegetables,,,Colocasia esculenta,83.61,3.42,1.38,3.69,5.6,2.3,,,,,,,,,,,,,ICMR-NIN Indian Food Composition Tables (IFCT) 2017,Food Composition Data ICMR.pdf,44,"moisture/protein/ash/fat/energy in g or kJ per 100g edible portion (raw, except eggs); n_regions=6; energy_kJ=182",
C019,Drumstick leaves (Moringa oleifera),Green Leafy Vegetables,,,Moringa oleifera,75.65,6.41,1.64,5.62,8.21,2.46,,,,,,,,,,,,,ICMR-NIN Indian Food Composition Tables (IFCT) 2017,Food Composition Data ICMR.pdf,44,"moisture/protein/ash/fat/energy in g or kJ per 100g edible portion (raw, except eggs); n_regions=3; energy_kJ=282",
C020,Fenugreek leaves (Trigonella foenum graecum),Green Leafy Vegetables,,,Trigonella foenum graecum,86.73,3.68,0.83,2.17,4.9,1.69,,,,,,,,,,,,,ICMR-NIN Indian Food Composition Tables (IFCT) 2017,Food Composition Data ICMR.pdf,44,"moisture/protein/ash/fat/energy in g or kJ per 100g edible portion (raw, except eggs); n_regions=5; energy_kJ=144",
C021,Garden cress (Lepidium sativum),Green Leafy Vegetables,,,Lepidium sativum,84.02,5.62,0.8,4.48,2.6,2.48,,,,,,,,,,,,,ICMR-NIN Indian Food Composition Tables (IFCT) 2017,Food Composition Data ICMR.pdf,44,"moisture/protein/ash/fat/energy in g or kJ per 100g edible portion (raw, except eggs); n_regions=2; energy_kJ=208",
C022,"Gogu leaves, green (Hibiscus cannabinus)",Green Leafy Vegetables,,,Hibiscus cannabinus,87.42,1.86,1.09,4.06,4.59,0.98,,,,,,,,,,,,,ICMR-NIN Indian Food Composition Tables (IFCT) 2017,Food Composition Data ICMR.pdf,44,"moisture/protein/ash/fat/energy in g or kJ per 100g edible portion (raw, except eggs); n_regions=4; energy_kJ=152",
C023,"Gogu leaves, red (Hibiscus cannabinus)",Green Leafy Vegetables,,,Hibiscus cannabinus,87.98,1.85,1.07,4.24,3.89,0.97,,,,,,,,,,,,,ICMR-NIN Indian Food Composition Tables (IFCT) 2017,Food Composition Data ICMR.pdf,44,"moisture/protein/ash/fat/energy in g or kJ per 100g edible portion (raw, except eggs); n_regions=1; energy_kJ=153",
C025,Lettuce (Lactuca sativa),Green Leafy Vegetables,,,Lactuca sativa,92.27,1.54,0.27,3.01,1.79,1.11,,,,,,,,,,,,,ICMR-NIN Indian Food Composition Tables (IFCT) 2017,Food Composition Data ICMR.pdf,44,"moisture/protein/ash/fat/energy in g or kJ per 100g edible portion (raw, except eggs); n_regions=3; energy_kJ=91",
C026,Mustard leaves (Brassica juncea),Green Leafy Vegetables,,,Brassica juncea,88.17,3.52,0.51,2.41,3.92,1.47,,,,,,,,,,,,,ICMR-NIN Indian Food Composition Tables (IFCT) 2017,Food Composition Data ICMR.pdf,44,"moisture/protein/ash/fat/energy in g or kJ per 100g edible portion (raw, except eggs); n_regions=3; energy_kJ=127",
C028,Parsley (Petroselinum crispum),Green Leafy Vegetables,,,Petroselinum crispum,77.76,5.55,1.14,9.43,3.87,2.25,,,,,,,,,,,,,ICMR-NIN Indian Food Composition Tables (IFCT) 2017,Food Composition Data ICMR.pdf,45,"moisture/protein/ash/fat/energy in g or kJ per 100g edible portion (raw, except eggs); n_regions=3; energy_kJ=305",
C029,Ponnaganni (Alternanthera sessilis),Green Leafy Vegetables,,,Alternanthera sessilis,79.43,5.29,0.71,5.17,6.74,2.65,,,,,,,,,,,,,ICMR-NIN Indian Food Composition Tables (IFCT) 2017,Food Composition Data ICMR.pdf,45,"moisture/protein/ash/fat/energy in g or kJ per 100g edible portion (raw, except eggs); n_regions=2; energy_kJ=213",
C030,"Pumpkin leaves, tender (Cucurbita maxima)",Green Leafy Vegetables,,,Cucurbita maxima,85.82,4.21,0.74,4.75,2.25,2.24,,,,,,,,,,,,,ICMR-NIN Indian Food Composition Tables (IFCT) 2017,Food Composition Data ICMR.pdf,45,"moisture/protein/ash/fat/energy in g or kJ per 100g edible portion (raw, except eggs); n_regions=6; energy_kJ=185",
C031,Radish leaves (Raphanus sativus),Green Leafy Vegetables,,,Raphanus sativus,91.19,2.22,0.51,2.77,1.82,1.5,,,,,,,,,,,,,ICMR-NIN Indian Food Composition Tables (IFCT) 2017,Food Composition Data ICMR.pdf,45,"moisture/protein/ash/fat/energy in g or kJ per 100g edible portion (raw, except eggs); n_regions=6; energy_kJ=109",
C032,Rumex leaves (Rumex patientia),Green Leafy Vegetables,,,Rumex patientia,93.18,1.62,0.33,2.33,1.27,1.27,,,,,,,,,,,,,ICMR-NIN Indian Food Composition Tables (IFCT) 2017,Food Composition Data ICMR.pdf,45,"moisture/protein/ash/fat/energy in g or kJ per 100g edible portion (raw, except eggs); n_regions=2; energy_kJ=82",
C033,Spinach (Spinacia oleracea),Green Leafy Vegetables,,,Spinacia oleracea,90.31,2.14,0.64,2.05,2.38,2.47,,,,,,,,,,,,,ICMR-NIN Indian Food Composition Tables (IFCT) 2017,Food Composition Data ICMR.pdf,45,"moisture/protein/ash/fat/energy in g or kJ per 100g edible portion (raw, except eggs); n_regions=6; energy_kJ=102",
C034,"Tamarind leaves, tende r (Tamarindus indica)",Green Leafy Vegetables,,,Tamarindus indica,71.69,5.84,0.49,10.04,10.7,1.25,,,,,,,,,,,,,ICMR-NIN Indian Food Composition Tables (IFCT) 2017,Food Composition Data ICMR.pdf,45,"moisture/protein/ash/fat/energy in g or kJ per 100g edible portion (raw, except eggs); n_regions=3; energy_kJ=299",
D001,Ash gourd (Benincasa hispida),Other Vegetables,,,Benincasa hispida,92.17,0.79,0.14,2.84,3.37,0.7,,,,,,,,,,,,,ICMR-NIN Indian Food Composition Tables (IFCT) 2017,Food Composition Data ICMR.pdf,45,"moisture/protein/ash/fat/energy in g or kJ per 100g edible portion (raw, except eggs); n_regions=6; energy_kJ=73",
D003,"Bean scarlet, tender (Phaseolus coccineus)",Other Vegetables,,,Phaseolus coccineus,85.51,2.86,0.99,5.16,4.5,0.96,,,,,,,,,,,,,ICMR-NIN Indian Food Composition Tables (IFCT) 2017,Food Composition Data ICMR.pdf,45,"moisture/protein/ash/fat/energy in g or kJ per 100g edible portion (raw, except eggs); n_regions=5; energy_kJ=179",
D010,Brinjal-1 (Solanum melongena),Other Vegetables,,,Solanum melongena,89.95,1.77,0.39,3.49,3.57,0.83,,,,,,,,,,,,,ICMR-NIN Indian Food Composition Tables (IFCT) 2017,Food Composition Data ICMR.pdf,45,"moisture/protein/ash/fat/energy in g or kJ per 100g edible portion (raw, except eggs); n_regions=1; energy_kJ=114",
D011,Brinjal-2 (Solanum melongena),Other Vegetables,,,Solanum melongena,90.28,1.82,0.34,2.71,4.01,0.85,,,,,,,,,,,,,ICMR-NIN Indian Food Composition Tables (IFCT) 2017,Food Composition Data ICMR.pdf,45,"moisture/protein/ash/fat/energy in g or kJ per 100g edible portion (raw, except eggs); n_regions=1; energy_kJ=99",
D012,Brinjal-3 (Solanum melongena),Other Vegetables,,,Solanum melongena,90.02,1.36,0.33,3.38,4.26,0.65,,,,,,,,,,,,,ICMR-NIN Indian Food Composition Tables (IFCT) 2017,Food Composition Data ICMR.pdf,45,"moisture/protein/ash/fat/energy in g or kJ per 100g edible portion (raw, except eggs); n_regions=2; energy_kJ=102",
D013,Brinjal-4 (Solanum melongena),Other Vegetables,,,Solanum melongena,90.28,1.51,0.31,3.19,4.04,0.66,,,,,,,,,,,,,ICMR-NIN Indian Food Composition Tables (IFCT) 2017,Food Composition Data ICMR.pdf,46,"moisture/protein/ash/fat/energy in g or kJ per 100g edible portion (raw, except eggs); n_regions=4; energy_kJ=100",
D014,Brinjal-5 (Solanum melongena),Other Vegetables,,,Solanum melongena,89.45,1.38,0.29,4.02,4.13,0.72,,,,,,,,,,,,,ICMR-NIN Indian Food Composition Tables (IFCT) 2017,Food Composition Data ICMR.pdf,46,"moisture/protein/ash/fat/energy in g or kJ per 100g edible portion (raw, except eggs); n_regions=3; energy_kJ=111",
D015,Brinjal-6 (Solanum melongena),Other Vegetables,,,Solanum melongena,90.57,1.46,0.29,3.29,3.68,0.72,,,,,,,,,,,,,ICMR-NIN Indian Food Composition Tables (IFCT) 2017,Food Composition Data ICMR.pdf,46,"moisture/protein/ash/fat/energy in g or kJ per 100g edible portion (raw, except eggs); n_regions=2; energy_kJ=97",
D016,Brinjal-7 (Solanum melongena),Other Vegetables,,,Solanum melongena,91.25,1.4,0.37,3.1,3.32,0.57,,,,,,,,,,,,,ICMR-NIN Indian Food Composition Tables (IFCT) 2017,Food Composition Data ICMR.pdf,46,"moisture/protein/ash/fat/energy in g or kJ per 100g edible portion (raw, except eggs); n_regions=1; energy_kJ=98",
D017,Brinjal-8  (Solanum melongena),Other Vegetables,,,Solanum melongena,89.28,1.82,0.33,3.75,4.01,0.8,,,,,,,,,,,,,ICMR-NIN Indian Food Composition Tables (IFCT) 2017,Food Composition Data ICMR.pdf,46,"moisture/protein/ash/fat/energy in g or kJ per 100g edible portion (raw, except eggs); n_regions=3; energy_kJ=117",
D018,Brinjal-9  (Solanum melongena),Other Vegetables,,,Solanum melongena,89.83,1.47,0.35,3.52,4.0,0.83,,,,,,,,,,,,,ICMR-NIN Indian Food Composition Tables (IFCT) 2017,Food Composition Data ICMR.pdf,46,"moisture/protein/ash/fat/energy in g or kJ per 100g edible portion (raw, except eggs); n_regions=2; energy_kJ=106",
D019,Brinjal-10 (Solanum melongena),Other Vegetables,,,Solanum melongena,89.38,1.68,0.25,4.08,3.9,0.72,,,,,,,,,,,,,ICMR-NIN Indian Food Composition Tables (IFCT) 2017,Food Composition Data ICMR.pdf,46,"moisture/protein/ash/fat/energy in g or kJ per 100g edible portion (raw, except eggs); n_regions=2; energy_kJ=116",
D020,Brinjal-11 (Solanum melongena),Other Vegetables,,,Solanum melongena,89.93,1.43,0.31,3.53,4.12,0.68,,,,,,,,,,,,,ICMR-NIN Indian Food Composition Tables (IFCT) 2017,Food Composition Data ICMR.pdf,46,"moisture/protein/ash/fat/energy in g or kJ per 100g edible portion (raw, except eggs); n_regions=6; energy_kJ=105",
D021,Brinjal-12 (Solanum melongena),Other Vegetables,,,Solanum melongena,90.94,1.6,0.27,2.73,3.89,0.58,,,,,,,,,,,,,ICMR-NIN Indian Food Composition Tables (IFCT) 2017,Food Composition Data ICMR.pdf,46,"moisture/protein/ash/fat/energy in g or kJ per 100g edible portion (raw, except eggs); n_regions=2; energy_kJ=93",
D022,Brinjal-13  (Solanum melongena),Other Vegetables,,,Solanum melongena,89.14,1.49,0.31,4.51,3.92,0.64,,,,,,,,,,,,,ICMR-NIN Indian Food Composition Tables (IFCT) 2017,Food Composition Data ICMR.pdf,46,"moisture/protein/ash/fat/energy in g or kJ per 100g edible portion (raw, except eggs); n_regions=1; energy_kJ=124",
D023,Brinjal-14  (Solanum melongena),Other Vegetables,,,Solanum melongena,90.31,1.56,0.35,3.27,3.87,0.64,,,,,,,,,,,,,ICMR-NIN Indian Food Composition Tables (IFCT) 2017,Food Composition Data ICMR.pdf,46,"moisture/protein/ash/fat/energy in g or kJ per 100g edible portion (raw, except eggs); n_regions=3; energy_kJ=106",
D024,Brinjal-15 (Solanum melongena),Other Vegetables,,,Solanum melongena,89.44,1.58,0.29,3.96,3.99,0.74,,,,,,,,,,,,,ICMR-NIN Indian Food Composition Tables (IFCT) 2017,Food Composition Data ICMR.pdf,46,"moisture/protein/ash/fat/energy in g or kJ per 100g edible portion (raw, except eggs); n_regions=4; energy_kJ=114",
D027,Brinjal-18 (Solanum melongena),Other Vegetables,,,Solanum melongena,89.07,1.47,0.33,4.1,4.38,0.66,,,,,,,,,,,,,ICMR-NIN Indian Food Composition Tables (IFCT) 2017,Food Composition Data ICMR.pdf,46,"moisture/protein/ash/fat/energy in g or kJ per 100g edible portion (raw, except eggs); n_regions=3; energy_kJ=116",
D031,Brinjal - all varieties (Solanum melongena),Other Vegetables,,,Solanum melongena,90.0,1.48,0.32,3.52,3.98,0.7,,,,,,,,,,,,,ICMR-NIN Indian Food Composition Tables (IFCT) 2017,Food Composition Data ICMR.pdf,46,"moisture/protein/ash/fat/energy in g or kJ per 100g edible portion (raw, except eggs); n_regions=6; energy_kJ=106",
D032,Broad beans (Vicia faba),Other Vegetables,,,Vicia faba,84.2,3.85,0.15,2.11,8.63,1.05,,,,,,,,,,,,,ICMR-NIN Indian Food Composition Tables (IFCT) 2017,Food Composition Data ICMR.pdf,46,"moisture/protein/ash/fat/energy in g or kJ per 100g edible portion (raw, except eggs); n_regions=3; energy_kJ=123",
D033,"Capsicum, green (Capsicum annuum)",Other Vegetables,,,Capsicum annuum,93.89,1.11,0.34,1.84,2.06,0.76,,,,,,,,,,,,,ICMR-NIN Indian Food Composition Tables (IFCT) 2017,Food Composition Data ICMR.pdf,46,"moisture/protein/ash/fat/energy in g or kJ per 100g edible portion (raw, except eggs); n_regions=6; energy_kJ=68",
D034,"Capsicum, red (Capsicum annuum)",Other Vegetables,,,Capsicum annuum,92.99,1.47,0.47,2.14,2.19,0.76,,,,,,,,,,,,,ICMR-NIN Indian Food Composition Tables (IFCT) 2017,Food Composition Data ICMR.pdf,47,"moisture/protein/ash/fat/energy in g or kJ per 100g edible portion (raw, except eggs); n_regions=4; energy_kJ=83",
D035,"Capsicum, yellow (Capsicum annuum)",Other Vegetables,,,Capsicum annuum,93.38,1.35,0.41,1.95,2.19,0.72,,,,,,,,,,,,,ICMR-NIN Indian Food Composition Tables (IFCT) 2017,Food Composition Data ICMR.pdf,47,"moisture/protein/ash/fat/energy in g or kJ per 100g edible portion (raw, except eggs); n_regions=4; energy_kJ=78",
D036,Cauliflower (Brassica oleracea var. botrytis),Other Vegetables,,,,90.76,2.15,0.44,2.03,3.71,0.91,,,,,,,,,,,,,ICMR-NIN Indian Food Composition Tables (IFCT) 2017,Food Composition Data ICMR.pdf,47,"moisture/protein/ash/fat/energy in g or kJ per 100g edible portion (raw, except eggs); n_regions=6; energy_kJ=96",
D037,Celery stalk (Apium graveolens),Other Vegetables,,,Apium graveolens,92.87,0.98,0.24,2.33,2.09,1.5,,,,,,,,,,,,,ICMR-NIN Indian Food Composition Tables (IFCT) 2017,Food Composition Data ICMR.pdf,47,"moisture/protein/ash/fat/energy in g or kJ per 100g edible portion (raw, except eggs); n_regions=3; energy_kJ=69",
D038,Cho-cho-marrow (Sechium edule),Other Vegetables,,,Sechium edule,93.78,0.66,0.15,3.47,1.55,0.38,,,,,,,,,,,,,ICMR-NIN Indian Food Composition Tables (IFCT) 2017,Food Composition Data ICMR.pdf,47,"moisture/protein/ash/fat/energy in g or kJ per 100g edible portion (raw, except eggs); n_regions=4; energy_kJ=79",
D039,Cluster beans (Cyamopsis tetragonoloba),Other Vegetables,,,Cyamopsis tetragonoloba,84.65,3.55,0.37,4.91,4.83,1.68,,,,,,,,,,,,,ICMR-NIN Indian Food Composition Tables (IFCT) 2017,Food Composition Data ICMR.pdf,47,"moisture/protein/ash/fat/energy in g or kJ per 100g edible portion (raw, except eggs); n_regions=6; energy_kJ=168",
D040,"Colocasia, stem, black ( )Colocasia esculenta",Other Vegetables,,,,91.15,0.76,0.34,3.83,3.01,0.91,,,,,,,,,,,,,ICMR-NIN Indian Food Composition Tables (IFCT) 2017,Food Composition Data ICMR.pdf,47,"moisture/protein/ash/fat/energy in g or kJ per 100g edible portion (raw, except eggs); n_regions=1; energy_kJ=100",
D041,"Colocasia, stem, green ( )Colocasia esculenta",Other Vegetables,,,,92.67,0.91,0.22,2.86,2.33,1.0,,,,,,,,,,,,,ICMR-NIN Indian Food Composition Tables (IFCT) 2017,Food Composition Data ICMR.pdf,47,"moisture/protein/ash/fat/energy in g or kJ per 100g edible portion (raw, except eggs); n_regions=5; energy_kJ=81",
D042,"Corn, baby  (Zea mays)",Other Vegetables,,,Zea mays,75.44,2.69,1.33,11.66,6.09,2.79,,,,,,,,,,,,,ICMR-NIN Indian Food Composition Tables (IFCT) 2017,Food Composition Data ICMR.pdf,47,"moisture/protein/ash/fat/energy in g or kJ per 100g edible portion (raw, except eggs); n_regions=6; energy_kJ=306",
D043,"Cucumber, green, elongate  (Cucumis sativus)",Other Vegetables,,,Cucumis sativus,92.96,0.71,0.16,3.48,2.14,0.54,,,,,,,,,,,,,ICMR-NIN Indian Food Composition Tables (IFCT) 2017,Food Composition Data ICMR.pdf,47,"moisture/protein/ash/fat/energy in g or kJ per 100g edible portion (raw, except eggs); n_regions=6; energy_kJ=82",
D044,"Cucumber, green, short (Cucumis sativus)",Other Vegetables,,,Cucumis sativus,93.52,0.83,0.18,2.82,2.13,0.52,,,,,,,,,,,,,ICMR-NIN Indian Food Composition Tables (IFCT) 2017,Food Composition Data ICMR.pdf,47,"moisture/protein/ash/fat/energy in g or kJ per 100g edible portion (raw, except eggs); n_regions=6; energy_kJ=73",
D045,"Cucumber, orange, round (Cucumis sativus)",Other Vegetables,,,Cucumis sativus,92.8,0.98,0.24,3.01,2.46,0.52,,,,,,,,,,,,,ICMR-NIN Indian Food Composition Tables (IFCT) 2017,Food Composition Data ICMR.pdf,47,"moisture/protein/ash/fat/energy in g or kJ per 100g edible portion (raw, except eggs); n_regions=2; energy_kJ=82",
D046,Drumstick (Moringa oleifera),Other Vegetables,,,Moringa oleifera,85.39,2.62,0.12,3.76,6.83,1.27,,,,,,,,,,,,,ICMR-NIN Indian Food Composition Tables (IFCT) 2017,Food Composition Data ICMR.pdf,47,"moisture/protein/ash/fat/energy in g or kJ per 100g edible portion (raw, except eggs); n_regions=6; energy_kJ=123",
D047,"Field beans, tender, broad (Vicia faba)",Other Vegetables,,,Vicia faba,86.98,3.06,0.64,2.75,5.64,0.94,,,,,,,,,,,,,ICMR-NIN Indian Food Composition Tables (IFCT) 2017,Food Composition Data ICMR.pdf,47,"moisture/protein/ash/fat/energy in g or kJ per 100g edible portion (raw, except eggs); n_regions=2; energy_kJ=129",
D048,"Field beans, tender, lean (Vicia faba)",Other Vegetables,,,Vicia faba,85.57,3.71,0.6,2.85,6.19,1.08,,,,,,,,,,,,,ICMR-NIN Indian Food Composition Tables (IFCT) 2017,Food Composition Data ICMR.pdf,47,"moisture/protein/ash/fat/energy in g or kJ per 100g edible portion (raw, except eggs); n_regions=6; energy_kJ=140",
D049,"French beans, country (Phaseolus vulgaris)",Other Vegetables,,,Phaseolus vulgaris,89.14,2.49,0.26,2.68,4.38,1.05,,,,,,,,,,,,,ICMR-NIN Indian Food Composition Tables (IFCT) 2017,Food Composition Data ICMR.pdf,47,"moisture/protein/ash/fat/energy in g or kJ per 100g edible portion (raw, except eggs); n_regions=5; energy_kJ=102",
D050,"French beans, hybrid  (Phaseolus vulgaris)",Other Vegetables,,,Phaseolus vulgaris,90.11,2.12,0.19,2.63,4.18,0.77,,,,,,,,,,,,,ICMR-NIN Indian Food Composition Tables (IFCT) 2017,Food Composition Data ICMR.pdf,47,"moisture/protein/ash/fat/energy in g or kJ per 100g edible portion (raw, except eggs); n_regions=2; energy_kJ=93",
D051,"Jack fruit, raw (Artocarpus heterophyllus)",Other Vegetables,,,Artocarpus heterophyllus,85.52,1.98,0.35,3.48,7.69,0.99,,,,,,,,,,,,,ICMR-NIN Indian Food Composition Tables (IFCT) 2017,Food Composition Data ICMR.pdf,47,"moisture/protein/ash/fat/energy in g or kJ per 100g edible portion (raw, except eggs); n_regions=5; energy_kJ=110",
D053,Knol - Khol (Brassica oleracea),Other Vegetables,,,Brassica oleracea,93.14,1.58,0.35,1.39,2.75,0.79,,,,,,,,,,,,,ICMR-NIN Indian Food Composition Tables (IFCT) 2017,Food Composition Data ICMR.pdf,47,"moisture/protein/ash/fat/energy in g or kJ per 100g edible portion (raw, except eggs); n_regions=6; energy_kJ=67",
D054,"Kovai, big (Coccinia cordifolia)",Other Vegetables,,,Coccinia cordifolia,92.78,1.39,0.24,2.01,3.0,0.58,,,,,,,,,,,,,ICMR-NIN Indian Food Composition Tables (IFCT) 2017,Food Composition Data ICMR.pdf,47,"moisture/protein/ash/fat/energy in g or kJ per 100g edible portion (raw, except eggs); n_regions=6; energy_kJ=73",
D055,"Kovai, small (Coccinia cordifolia)",Other Vegetables,,,Coccinia cordifolia,92.4,1.22,0.24,2.41,3.25,0.47,,,,,,,,,,,,,ICMR-NIN Indian Food Composition Tables (IFCT) 2017,Food Composition Data ICMR.pdf,48,"moisture/protein/ash/fat/energy in g or kJ per 100g edible portion (raw, except eggs); n_regions=1; energy_kJ=80",
D056,Ladies finger (Abelmoschus esculentus),Other Vegetables,,,Abelmoschus esculentus,89.06,2.08,0.22,3.62,4.08,0.94,,,,,,,,,,,,,ICMR-NIN Indian Food Composition Tables (IFCT) 2017,Food Composition Data ICMR.pdf,48,"moisture/protein/ash/fat/energy in g or kJ per 100g edible portion (raw, except eggs); n_regions=6; energy_kJ=115",
D057,"Mango, green, raw (Mangifera indica)",Other Vegetables,,,Mangifera indica,85.14,0.69,0.08,10.59,3.01,0.49,,,,,,,,,,,,,ICMR-NIN Indian Food Composition Tables (IFCT) 2017,Food Composition Data ICMR.pdf,48,"moisture/protein/ash/fat/energy in g or kJ per 100g edible portion (raw, except eggs); n_regions=6; energy_kJ=205",
D058,"Onion, stalk (Allium cepa)",Other Vegetables,,,Allium cepa,88.35,2.07,0.26,2.99,5.21,1.13,,,,,,,,,,,,,ICMR-NIN Indian Food Composition Tables (IFCT) 2017,Food Composition Data ICMR.pdf,48,"moisture/protein/ash/fat/energy in g or kJ per 100g edible portion (raw, except eggs); n_regions=6; energy_kJ=107",
D059,"Papaya, raw (Carica papaya)",Other Vegetables,,,Carica papaya,92.04,0.5,0.23,4.4,2.28,0.55,,,,,,,,,,,,,ICMR-NIN Indian Food Composition Tables (IFCT) 2017,Food Composition Data ICMR.pdf,48,"moisture/protein/ash/fat/energy in g or kJ per 100g edible portion (raw, except eggs); n_regions=6; energy_kJ=100",
D060,Parwar (Trichosanthes dioica),Other Vegetables,,,Trichosanthes dioica,91.57,1.4,0.3,3.54,2.61,0.59,,,,,,,,,,,,,ICMR-NIN Indian Food Composition Tables (IFCT) 2017,Food Composition Data ICMR.pdf,48,"moisture/protein/ash/fat/energy in g or kJ per 100g edible portion (raw, except eggs); n_regions=6; energy_kJ=101",
D061,"Peas, fresh (Pisum sativum)",Other Vegetables,,,Pisum sativum,73.37,7.25,0.13,11.88,6.32,1.05,,,,,,,,,,,,,ICMR-NIN Indian Food Composition Tables (IFCT) 2017,Food Composition Data ICMR.pdf,48,"moisture/protein/ash/fat/energy in g or kJ per 100g edible portion (raw, except eggs); n_regions=6; energy_kJ=340",
D062,"Plantain, flower (Musa x paradisiaca)",Other Vegetables,,,Musa x paradisiaca,89.14,1.47,0.63,2.15,5.25,1.35,,,,,,,,,,,,,ICMR-NIN Indian Food Composition Tables (IFCT) 2017,Food Composition Data ICMR.pdf,48,"moisture/protein/ash/fat/energy in g or kJ per 100g edible portion (raw, except eggs); n_regions=6; energy_kJ=89",
D063,"Plantain, green (Musa x paradisiaca)",Other Vegetables,,,Musa x paradisiaca,76.15,1.18,0.23,17.58,3.6,1.27,,,,,,,,,,,,,ICMR-NIN Indian Food Composition Tables (IFCT) 2017,Food Composition Data ICMR.pdf,48,"moisture/protein/ash/fat/energy in g or kJ per 100g edible portion (raw, except eggs); n_regions=6; energy_kJ=334",
D064,"Plantain, stem (Musa x paradisiaca)",Other Vegetables,,,Musa x paradisiaca,87.53,0.35,0.16,8.64,2.12,1.2,,,,,,,,,,,,,ICMR-NIN Indian Food Composition Tables (IFCT) 2017,Food Composition Data ICMR.pdf,48,"moisture/protein/ash/fat/energy in g or kJ per 100g edible portion (raw, except eggs); n_regions=6; energy_kJ=165",
D065,"Pumpkin, green, cylindrical (Cucurbita maxima)",Other Vegetables,,,Cucurbita maxima,91.73,0.87,0.18,4.22,2.53,0.47,,,,,,,,,,,,,ICMR-NIN Indian Food Composition Tables (IFCT) 2017,Food Composition Data ICMR.pdf,48,"moisture/protein/ash/fat/energy in g or kJ per 100g edible portion (raw, except eggs); n_regions=1; energy_kJ=103",
D066,"Pumpkin, orange,  round (Cucurbita maxima)",Other Vegetables,,,Cucurbita maxima,91.85,0.84,0.16,4.0,2.56,0.58,,,,,,,,,,,,,ICMR-NIN Indian Food Composition Tables (IFCT) 2017,Food Composition Data ICMR.pdf,48,"moisture/protein/ash/fat/energy in g or kJ per 100g edible portion (raw, except eggs); n_regions=6; energy_kJ=97",
D067,"Red gram, tender, fresh (Cajanus cajan)",Other Vegetables,,,Cajanus cajan,64.0,8.09,0.92,19.46,5.9,1.64,,,,,,,,,,,,,ICMR-NIN Indian Food Composition Tables (IFCT) 2017,Food Composition Data ICMR.pdf,48,"moisture/protein/ash/fat/energy in g or kJ per 100g edible portion (raw, except eggs); n_regions=1; energy_kJ=520",
D068,Ridge gourd (Luffa acutangula),Other Vegetables,,,Luffa acutangula,94.99,0.91,0.14,1.72,1.81,0.44,,,,,,,,,,,,,ICMR-NIN Indian Food Composition Tables (IFCT) 2017,Food Composition Data ICMR.pdf,48,"moisture/protein/ash/fat/energy in g or kJ per 100g edible portion (raw, except eggs); n_regions=6; energy_kJ=55",
D069,"Ridge gourd, smooth skin (Luffa acutangula)",Other Vegetables,,,Luffa acutangula,94.27,0.98,0.13,2.24,1.85,0.53,,,,,,,,,,,,,ICMR-NIN Indian Food Composition Tables (IFCT) 2017,Food Composition Data ICMR.pdf,48,"moisture/protein/ash/fat/energy in g or kJ per 100g edible portion (raw, except eggs); n_regions=3; energy_kJ=64",
D072,"Snake gourd, short (Trichosanthes anguina)",Other Vegetables,,,Trichosanthes anguina,94.35,0.54,0.26,2.15,2.29,0.41,,,,,,,,,,,,,ICMR-NIN Indian Food Composition Tables (IFCT) 2017,Food Composition Data ICMR.pdf,48,"moisture/protein/ash/fat/energy in g or kJ per 100g edible portion (raw, except eggs); n_regions=1; energy_kJ=61",
D073,"Tinda, tender (Praecitrullus fistulosus)",Other Vegetables,,,Praecitrullus fistulosus,94.41,1.02,0.17,1.9,2.0,0.51,,,,,,,,,,,,,ICMR-NIN Indian Food Composition Tables (IFCT) 2017,Food Composition Data ICMR.pdf,48,"moisture/protein/ash/fat/energy in g or kJ per 100g edible portion (raw, except eggs); n_regions=6; energy_kJ=58",
D074,"Tomato, green ( )Solanum lycopersicum",Other Vegetables,,,,93.21,1.12,0.27,3.18,1.62,0.6,,,,,,,,,,,,,ICMR-NIN Indian Food Composition Tables (IFCT) 2017,Food Composition Data ICMR.pdf,48,"moisture/protein/ash/fat/energy in g or kJ per 100g edible portion (raw, except eggs); n_regions=6; energy_kJ=87",
D075,"Tomato, ripe, hybrid (( )Solanum lycopersicum",Other Vegetables,,,,93.79,0.76,0.25,3.2,1.58,0.43,,,,,,,,,,,,,ICMR-NIN Indian Food Composition Tables (IFCT) 2017,Food Composition Data ICMR.pdf,48,"moisture/protein/ash/fat/energy in g or kJ per 100g edible portion (raw, except eggs); n_regions=6; energy_kJ=79",
D076,"Tomato, ripe, local (Lycopersicon esculentum)",Other Vegetables,,,Lycopersicon esculentum,93.62,0.9,0.47,2.71,1.77,0.52,,,,,,,,,,,,,ICMR-NIN Indian Food Composition Tables (IFCT) 2017,Food Composition Data ICMR.pdf,49,"moisture/protein/ash/fat/energy in g or kJ per 100g edible portion (raw, except eggs); n_regions=6; energy_kJ=82",
D077,"Zucchini, green (Cucurbita pepo)",Other Vegetables,,,Cucurbita pepo,92.83,1.1,0.51,2.33,2.3,0.93,,,,,,,,,,,,,ICMR-NIN Indian Food Composition Tables (IFCT) 2017,Food Composition Data ICMR.pdf,49,"moisture/protein/ash/fat/energy in g or kJ per 100g edible portion (raw, except eggs); n_regions=2; energy_kJ=84",
D078,"Zucchini, yellow  (Cucurbita pepo)",Other Vegetables,,,Cucurbita pepo,93.15,1.31,0.44,2.2,1.84,1.08,,,,,,,,,,,,,ICMR-NIN Indian Food Composition Tables (IFCT) 2017,Food Composition Data ICMR.pdf,49,"moisture/protein/ash/fat/energy in g or kJ per 100g edible portion (raw, except eggs); n_regions=2; energy_kJ=79",
E001,"Apple, big (Malus domestica)",Fruits,,,Malus domestica,83.01,0.29,0.64,13.11,2.59,0.36,,,,,,,,,,,,,ICMR-NIN Indian Food Composition Tables (IFCT) 2017,Food Composition Data ICMR.pdf,49,"moisture/protein/ash/fat/energy in g or kJ per 100g edible portion (raw, except eggs); n_regions=6; energy_kJ=261",
E002,"Apple, green (Malus domestica)",Fruits,,,Malus domestica,85.54,0.46,0.5,10.65,2.54,0.31,,,,,,,,,,,,,ICMR-NIN Indian Food Composition Tables (IFCT) 2017,Food Composition Data ICMR.pdf,49,"moisture/protein/ash/fat/energy in g or kJ per 100g edible portion (raw, except eggs); n_regions=6; energy_kJ=214",
E003,"Apple, small (Malus domestica)",Fruits,,,Malus domestica,82.91,0.31,0.53,13.95,2.06,0.24,,,,,,,,,,,,,ICMR-NIN Indian Food Composition Tables (IFCT) 2017,Food Composition Data ICMR.pdf,49,"moisture/protein/ash/fat/energy in g or kJ per 100g edible portion (raw, except eggs); n_regions=6; energy_kJ=267",
E004,"Apple, small, Kashmir ( )Malus domestica",Fruits,,,,82.79,0.27,0.6,13.99,2.07,0.29,,,,,,,,,,,,,ICMR-NIN Indian Food Composition Tables (IFCT) 2017,Food Composition Data ICMR.pdf,49,"moisture/protein/ash/fat/energy in g or kJ per 100g edible portion (raw, except eggs); n_regions=1; energy_kJ=269",
E005,"Apricot, dried (Prunus armeniaca)",Fruits,,,Prunus armeniaca,16.68,3.17,0.74,72.63,3.32,3.46,,,,,,,,,,,,,ICMR-NIN Indian Food Composition Tables (IFCT) 2017,Food Composition Data ICMR.pdf,49,"moisture/protein/ash/fat/energy in g or kJ per 100g edible portion (raw, except eggs); n_regions=6; energy_kJ=1321",
E006,"Apricot, processed (Prunus armeniaca)",Fruits,,,Prunus armeniaca,85.75,1.47,0.64,10.93,0.59,0.61,,,,,,,,,,,,,ICMR-NIN Indian Food Composition Tables (IFCT) 2017,Food Composition Data ICMR.pdf,49,"moisture/protein/ash/fat/energy in g or kJ per 100g edible portion (raw, except eggs); n_regions=3; energy_kJ=236",
E007,Avocado fruit ( )Persea sp.,Fruits,,,,73.56,2.95,13.86,1.75,6.69,1.19,,,,,,,,,,,,,ICMR-NIN Indian Food Composition Tables (IFCT) 2017,Food Composition Data ICMR.pdf,49,"moisture/protein/ash/fat/energy in g or kJ per 100g edible portion (raw, except eggs); n_regions=1; energy_kJ=604",
E008,Bael fruit (Aegle marmelos),Fruits,,,Aegle marmelos,61.36,2.63,0.57,28.21,6.31,0.91,,,,,,,,,,,,,ICMR-NIN Indian Food Composition Tables (IFCT) 2017,Food Composition Data ICMR.pdf,49,"moisture/protein/ash/fat/energy in g or kJ per 100g edible portion (raw, except eggs); n_regions=1; energy_kJ=569",
E009,"Banana, ripe, montham (Musa x paradisiaca)",Fruits,,,Musa x paradisiaca,70.13,1.25,0.32,24.95,2.21,1.15,,,,,,,,,,,,,ICMR-NIN Indian Food Composition Tables (IFCT) 2017,Food Composition Data ICMR.pdf,49,"moisture/protein/ash/fat/energy in g or kJ per 100g edible portion (raw, except eggs); n_regions=1; energy_kJ=463",
E010,"Banana, ripe, poovam (Musa x paradisiaca)",Fruits,,,Musa x paradisiaca,71.32,1.49,0.35,23.41,2.33,1.09,,,,,,,,,,,,,ICMR-NIN Indian Food Composition Tables (IFCT) 2017,Food Composition Data ICMR.pdf,49,"moisture/protein/ash/fat/energy in g or kJ per 100g edible portion (raw, except eggs); n_regions=2; energy_kJ=445",
E011,"Banana, ripe, red (Musa x paradisiaca)",Fruits,,,Musa x paradisiaca,70.28,1.29,0.29,25.21,1.98,0.95,,,,,,,,,,,,,ICMR-NIN Indian Food Composition Tables (IFCT) 2017,Food Composition Data ICMR.pdf,49,"moisture/protein/ash/fat/energy in g or kJ per 100g edible portion (raw, except eggs); n_regions=1; energy_kJ=467",
E012,"Banana, ripe, robusta (Musa x paradisiaca)",Fruits,,,Musa x paradisiaca,71.93,1.23,0.33,23.63,1.94,0.94,,,,,,,,,,,,,ICMR-NIN Indian Food Composition Tables (IFCT) 2017,Food Composition Data ICMR.pdf,49,"moisture/protein/ash/fat/energy in g or kJ per 100g edible portion (raw, except eggs); n_regions=6; energy_kJ=440",
E013,Black berry ( )Rubus sp.,Fruits,,,,82.94,0.92,0.63,10.64,4.35,0.52,,,,,,,,,,,,,ICMR-NIN Indian Food Composition Tables (IFCT) 2017,Food Composition Data ICMR.pdf,49,"moisture/protein/ash/fat/energy in g or kJ per 100g edible portion (raw, except eggs); n_regions=5; energy_kJ=227",
E014,"Cherries, red (Prunus cerasus)",Fruits,,,Prunus cerasus,83.61,1.49,0.46,11.87,2.12,0.45,,,,,,,,,,,,,ICMR-NIN Indian Food Composition Tables (IFCT) 2017,Food Composition Data ICMR.pdf,49,"moisture/protein/ash/fat/energy in g or kJ per 100g edible portion (raw, except eggs); n_regions=4; energy_kJ=250",
E015,"Currants, black (Ribes nigrum)",Fruits,,,Ribes nigrum,83.27,1.51,0.53,9.93,4.07,0.69,,,,,,,,,,,,,ICMR-NIN Indian Food Composition Tables (IFCT) 2017,Food Composition Data ICMR.pdf,49,"moisture/protein/ash/fat/energy in g or kJ per 100g edible portion (raw, except eggs); n_regions=1; energy_kJ=227",
E016,Custard apple (Annona squamosa),Fruits,,,Annona squamosa,71.55,1.62,0.67,20.38,5.1,0.68,,,,,,,,,,,,,ICMR-NIN Indian Food Composition Tables (IFCT) 2017,Food Composition Data ICMR.pdf,49,"moisture/protein/ash/fat/energy in g or kJ per 100g edible portion (raw, except eggs); n_regions=1; energy_kJ=414",
E017,"Dates, dry, pale brown (Phoenix dactylifera)",Fruits,,,Phoenix dactylifera,11.14,2.45,0.35,74.91,8.95,2.2,,,,,,,,,,,,,ICMR-NIN Indian Food Composition Tables (IFCT) 2017,Food Composition Data ICMR.pdf,50,"moisture/protein/ash/fat/energy in g or kJ per 100g edible portion (raw, except eggs); n_regions=6; energy_kJ=1340",
E018,"Dates, dry, dark brown (Phoenix dactylifera)",Fruits,,,Phoenix dactylifera,13.13,2.38,0.35,72.67,9.1,2.39,,,,,,,,,,,,,ICMR-NIN Indian Food Composition Tables (IFCT) 2017,Food Composition Data ICMR.pdf,50,"moisture/protein/ash/fat/energy in g or kJ per 100g edible portion (raw, except eggs); n_regions=2; energy_kJ=1301",
E019,"Dates, processed (Phoenix dactylifera)",Fruits,,,Phoenix dactylifera,22.01,1.18,0.41,67.95,6.52,1.93,,,,,,,,,,,,,ICMR-NIN Indian Food Composition Tables (IFCT) 2017,Food Composition Data ICMR.pdf,50,"moisture/protein/ash/fat/energy in g or kJ per 100g edible portion (raw, except eggs); n_regions=2; energy_kJ=1197",
E020,Fig (Ficus carica),Fruits,,,Ficus carica,75.6,2.03,0.37,16.28,4.64,1.08,,,,,,,,,,,,,ICMR-NIN Indian Food Composition Tables (IFCT) 2017,Food Composition Data ICMR.pdf,50,"moisture/protein/ash/fat/energy in g or kJ per 100g edible portion (raw, except eggs); n_regions=6; energy_kJ=341",
E021,Gooseberry (Emblica officinalis),Fruits,,,Emblica officinalis,87.02,0.34,0.16,4.39,7.75,0.34,,,,,,,,,,,,,ICMR-NIN Indian Food Composition Tables (IFCT) 2017,Food Composition Data ICMR.pdf,50,"moisture/protein/ash/fat/energy in g or kJ per 100g edible portion (raw, except eggs); n_regions=5; energy_kJ=99",
E022,"Grapes, seeded, round, black (Vitis vinifera)",Fruits,,,Vitis vinifera,83.88,0.76,0.32,13.23,1.35,0.46,,,,,,,,,,,,,ICMR-NIN Indian Food Composition Tables (IFCT) 2017,Food Composition Data ICMR.pdf,50,"moisture/protein/ash/fat/energy in g or kJ per 100g edible portion (raw, except eggs); n_regions=4; energy_kJ=254",
E023,"Grapes, seeded, round, green (Vitis vinifera)",Fruits,,,Vitis vinifera,85.07,0.77,0.29,12.19,1.25,0.43,,,,,,,,,,,,,ICMR-NIN Indian Food Composition Tables (IFCT) 2017,Food Composition Data ICMR.pdf,50,"moisture/protein/ash/fat/energy in g or kJ per 100g edible portion (raw, except eggs); n_regions=5; energy_kJ=235",
E024,"Grapes, seeded, round, red (Vitis vinifera)",Fruits,,,Vitis vinifera,84.46,0.95,0.29,12.55,1.28,0.48,,,,,,,,,,,,,ICMR-NIN Indian Food Composition Tables (IFCT) 2017,Food Composition Data ICMR.pdf,50,"moisture/protein/ash/fat/energy in g or kJ per 100g edible portion (raw, except eggs); n_regions=5; energy_kJ=244",
E025,"Grapes, seedless, oval, black (Vitis vinifera)",Fruits,,,Vitis vinifera,75.3,1.41,0.46,20.48,1.64,0.7,,,,,,,,,,,,,ICMR-NIN Indian Food Composition Tables (IFCT) 2017,Food Composition Data ICMR.pdf,50,"moisture/protein/ash/fat/energy in g or kJ per 100g edible portion (raw, except eggs); n_regions=5; energy_kJ=395",
E026,"Grapes, seedless, round, green (Vitis vinifera)",Fruits,,,Vitis vinifera,85.55,0.62,0.26,11.81,1.28,0.47,,,,,,,,,,,,,ICMR-NIN Indian Food Composition Tables (IFCT) 2017,Food Composition Data ICMR.pdf,50,"moisture/protein/ash/fat/energy in g or kJ per 100g edible portion (raw, except eggs); n_regions=5; energy_kJ=224",
E027,"Grapes, seedless, round, black (Vitis vinifera)",Fruits,,,Vitis vinifera,76.9,1.24,0.35,19.86,1.15,0.49,,,,,,,,,,,,,ICMR-NIN Indian Food Composition Tables (IFCT) 2017,Food Composition Data ICMR.pdf,50,"moisture/protein/ash/fat/energy in g or kJ per 100g edible portion (raw, except eggs); n_regions=5; energy_kJ=374",
E028,"Guava, white flesh (Psidium guajava)",Fruits,,,Psidium guajava,83.79,1.44,0.32,5.13,8.59,0.72,,,,,,,,,,,,,ICMR-NIN Indian Food Composition Tables (IFCT) 2017,Food Composition Data ICMR.pdf,50,"moisture/protein/ash/fat/energy in g or kJ per 100g edible portion (raw, except eggs); n_regions=5; energy_kJ=135",
E029,"Guava, pink flesh (Psidium guajava)",Fruits,,,Psidium guajava,81.22,1.19,0.25,9.14,7.39,0.81,,,,,,,,,,,,,ICMR-NIN Indian Food Composition Tables (IFCT) 2017,Food Composition Data ICMR.pdf,50,"moisture/protein/ash/fat/energy in g or kJ per 100g edible portion (raw, except eggs); n_regions=5; energy_kJ=195",
E030,"Jack fruit, ripe (Artocarpus heterophyllus)",Fruits,,,Artocarpus heterophyllus,78.56,2.74,0.15,14.01,3.62,0.91,,,,,,,,,,,,,ICMR-NIN Indian Food Composition Tables (IFCT) 2017,Food Composition Data ICMR.pdf,50,"moisture/protein/ash/fat/energy in g or kJ per 100g edible portion (raw, except eggs); n_regions=5; energy_kJ=302",
E031,"Jambu fruit, ripe ( )Syzygium samarangense",Fruits,,,,83.33,0.82,0.17,12.3,3.07,0.31,,,,,,,,,,,,,ICMR-NIN Indian Food Composition Tables (IFCT) 2017,Food Composition Data ICMR.pdf,50,"moisture/protein/ash/fat/energy in g or kJ per 100g edible portion (raw, except eggs); n_regions=2; energy_kJ=235",
E032,Karonda fruit (Carissa carandas),Fruits,,,Carissa carandas,86.04,1.15,1.67,2.87,7.25,1.02,,,,,,,,,,,,,ICMR-NIN Indian Food Composition Tables (IFCT) 2017,Food Composition Data ICMR.pdf,50,"moisture/protein/ash/fat/energy in g or kJ per 100g edible portion (raw, except eggs); n_regions=1; energy_kJ=141",
E033,"Lemon, juice (Citrus limon)",Fruits,,,Citrus limon,91.59,0.41,0.75,,,0.28,,,,,,,,,,,,,ICMR-NIN Indian Food Composition Tables (IFCT) 2017,Food Composition Data ICMR.pdf,50,"moisture/protein/ash/fat/energy in g or kJ per 100g edible portion (raw, except eggs); n_regions=6; energy_kJ=153",
E034,"Lime, sweet,pulp (Citrus limetta)",Fruits,,,Citrus limetta,91.32,0.76,0.2,5.18,2.07,0.47,,,,,,,,,,,,,ICMR-NIN Indian Food Composition Tables (IFCT) 2017,Food Composition Data ICMR.pdf,50,"moisture/protein/ash/fat/energy in g or kJ per 100g edible portion (raw, except eggs); n_regions=6; energy_kJ=114",
E035,Litchi ( )Litchi chinensis,Fruits,,,,85.56,0.99,0.26,11.41,1.34,0.44,,,,,,,,,,,,,ICMR-NIN Indian Food Composition Tables (IFCT) 2017,Food Composition Data ICMR.pdf,50,"moisture/protein/ash/fat/energy in g or kJ per 100g edible portion (raw, except eggs); n_regions=4; energy_kJ=225",
E036,"Mango, ripe, banganapalli (Mangifera indica)",Fruits,,,Mangifera indica,88.44,0.54,0.55,8.18,1.88,0.42,,,,,,,,,,,,,ICMR-NIN Indian Food Composition Tables (IFCT) 2017,Food Composition Data ICMR.pdf,50,"moisture/protein/ash/fat/energy in g or kJ per 100g edible portion (raw, except eggs); n_regions=6; energy_kJ=175",
E037,"Mango, ripe, gulabkhas (Mangifera indica)",Fruits,,,Mangifera indica,86.65,0.52,0.53,10.32,1.67,0.32,,,,,,,,,,,,,ICMR-NIN Indian Food Composition Tables (IFCT) 2017,Food Composition Data ICMR.pdf,50,"moisture/protein/ash/fat/energy in g or kJ per 100g edible portion (raw, except eggs); n_regions=2; energy_kJ=209",
E038,"Mango, ripe, himsagar (Mangifera indica)",Fruits,,,Mangifera indica,88.04,0.46,0.54,9.03,1.55,0.38,,,,,,,,,,,,,ICMR-NIN Indian Food Composition Tables (IFCT) 2017,Food Composition Data ICMR.pdf,51,"moisture/protein/ash/fat/energy in g or kJ per 100g edible portion (raw, except eggs); n_regions=3; energy_kJ=187",
E039,"Mango, ripe, kesar (Mangifera indica)",Fruits,,,Mangifera indica,85.07,0.54,0.57,11.36,2.02,0.44,,,,,,,,,,,,,ICMR-NIN Indian Food Composition Tables (IFCT) 2017,Food Composition Data ICMR.pdf,51,"moisture/protein/ash/fat/energy in g or kJ per 100g edible portion (raw, except eggs); n_regions=4; energy_kJ=231",
E040,"Mango, ripe, neelam (Mangifera indica)",Fruits,,,Mangifera indica,88.41,0.68,0.55,8.21,1.77,0.38,,,,,,,,,,,,,ICMR-NIN Indian Food Composition Tables (IFCT) 2017,Food Composition Data ICMR.pdf,51,"moisture/protein/ash/fat/energy in g or kJ per 100g edible portion (raw, except eggs); n_regions=2; energy_kJ=178",
E041,"Mango, ripe, paheri (Mangifera indica)",Fruits,,,Mangifera indica,87.69,0.68,0.58,8.67,1.97,0.42,,,,,,,,,,,,,ICMR-NIN Indian Food Composition Tables (IFCT) 2017,Food Composition Data ICMR.pdf,51,"moisture/protein/ash/fat/energy in g or kJ per 100g edible portion (raw, except eggs); n_regions=2; energy_kJ=188",
E042,"Mango, ripe, totapari (Mangifera indica)",Fruits,,,Mangifera indica,84.14,0.41,0.49,12.75,1.73,0.47,,,,,,,,,,,,,ICMR-NIN Indian Food Composition Tables (IFCT) 2017,Food Composition Data ICMR.pdf,51,"moisture/protein/ash/fat/energy in g or kJ per 100g edible portion (raw, except eggs); n_regions=1; energy_kJ=248",
E043,Mangosteen (Garcinia mangostana),Fruits,,,Garcinia mangostana,85.52,0.63,0.24,11.41,1.87,0.33,,,,,,,,,,,,,ICMR-NIN Indian Food Composition Tables (IFCT) 2017,Food Composition Data ICMR.pdf,51,"moisture/protein/ash/fat/energy in g or kJ per 100g edible portion (raw, except eggs); n_regions=1; energy_kJ=219",
E044,Manila tamarind (Pithecellobium dulce),Fruits,,,Pithecellobium dulce,74.54,3.56,1.14,13.54,4.4,2.82,,,,,,,,,,,,,ICMR-NIN Indian Food Composition Tables (IFCT) 2017,Food Composition Data ICMR.pdf,51,"moisture/protein/ash/fat/energy in g or kJ per 100g edible portion (raw, except eggs); n_regions=1; energy_kJ=342",
E045,"Musk melon, orange flesh (Cucumis melon)",Fruits,,,Cucumis melon,92.97,0.42,0.35,4.24,1.51,0.52,,,,,,,,,,,,,ICMR-NIN Indian Food Composition Tables (IFCT) 2017,Food Composition Data ICMR.pdf,51,"moisture/protein/ash/fat/energy in g or kJ per 100g edible portion (raw, except eggs); n_regions=5; energy_kJ=97",
E046,"Musk melon, yellow flesh (Cucumis melon)",Fruits,,,Cucumis melon,91.84,0.53,0.26,5.4,1.49,0.48,,,,,,,,,,,,,ICMR-NIN Indian Food Composition Tables (IFCT) 2017,Food Composition Data ICMR.pdf,51,"moisture/protein/ash/fat/energy in g or kJ per 100g edible portion (raw, except eggs); n_regions=6; energy_kJ=116",
E047,"Orange, pulp (Citrus aurantium)",Fruits,,,Citrus aurantium,89.61,0.7,0.13,7.92,1.29,0.36,,,,,,,,,,,,,ICMR-NIN Indian Food Composition Tables (IFCT) 2017,Food Composition Data ICMR.pdf,51,"moisture/protein/ash/fat/energy in g or kJ per 100g edible portion (raw, except eggs); n_regions=6; energy_kJ=156",
E048,"Palm fruit, tender (Borassus flabellifer)",Fruits,,,Borassus flabellifer,91.93,0.5,0.12,4.92,2.4,0.13,,,,,,,,,,,,,ICMR-NIN Indian Food Composition Tables (IFCT) 2017,Food Composition Data ICMR.pdf,51,"moisture/protein/ash/fat/energy in g or kJ per 100g edible portion (raw, except eggs); n_regions=1; energy_kJ=101",
E049,"Papaya, ripe (Carica papaya)",Fruits,,,Carica papaya,91.47,0.42,0.16,4.61,2.83,0.51,,,,,,,,,,,,,ICMR-NIN Indian Food Composition Tables (IFCT) 2017,Food Composition Data ICMR.pdf,51,"moisture/protein/ash/fat/energy in g or kJ per 100g edible portion (raw, except eggs); n_regions=6; energy_kJ=100",
E050,Peach ( )Prunus communis,Fruits,,,,88.31,0.86,0.37,7.82,2.13,0.51,,,,,,,,,,,,,ICMR-NIN Indian Food Composition Tables (IFCT) 2017,Food Composition Data ICMR.pdf,51,"moisture/protein/ash/fat/energy in g or kJ per 100g edible portion (raw, except eggs); n_regions=1; energy_kJ=168",
E051,Pear (Pyrus sp.),Fruits,,,Pyrus sp.,86.49,0.36,0.27,8.09,4.48,0.32,,,,,,,,,,,,,ICMR-NIN Indian Food Composition Tables (IFCT) 2017,Food Composition Data ICMR.pdf,51,"moisture/protein/ash/fat/energy in g or kJ per 100g edible portion (raw, except eggs); n_regions=6; energy_kJ=157",
E052,Phalsa (Grewia asiatica),Fruits,,,Grewia asiatica,77.48,1.66,0.14,15.09,4.54,1.09,,,,,,,,,,,,,ICMR-NIN Indian Food Composition Tables (IFCT) 2017,Food Composition Data ICMR.pdf,51,"moisture/protein/ash/fat/energy in g or kJ per 100g edible portion (raw, except eggs); n_regions=2; energy_kJ=299",
E053,Pineapple  (Ananas comosus),Fruits,,,Ananas comosus,86.06,0.52,0.16,9.42,3.46,0.38,,,,,,,,,,,,,ICMR-NIN Indian Food Composition Tables (IFCT) 2017,Food Composition Data ICMR.pdf,51,"moisture/protein/ash/fat/energy in g or kJ per 100g edible portion (raw, except eggs); n_regions=6; energy_kJ=180",
E054,Plum (Prunus domestica),Fruits,,,Prunus domestica,84.44,0.64,0.4,12.1,2.07,0.35,,,,,,,,,,,,,ICMR-NIN Indian Food Composition Tables (IFCT) 2017,Food Composition Data ICMR.pdf,51,"moisture/protein/ash/fat/energy in g or kJ per 100g edible portion (raw, except eggs); n_regions=3; energy_kJ=238",
E055,"Pomegranate, maroon seeds (Punica granatum)",Fruits,,,Punica granatum,83.55,1.33,0.15,11.58,2.83,0.57,,,,,,,,,,,,,ICMR-NIN Indian Food Composition Tables (IFCT) 2017,Food Composition Data ICMR.pdf,51,"moisture/protein/ash/fat/energy in g or kJ per 100g edible portion (raw, except eggs); n_regions=6; energy_kJ=229",
E056,Pummelo (Citrus maxima),Fruits,,,Citrus maxima,86.97,0.68,0.42,10.64,0.8,0.49,,,,,,,,,,,,,ICMR-NIN Indian Food Composition Tables (IFCT) 2017,Food Composition Data ICMR.pdf,51,"moisture/protein/ash/fat/energy in g or kJ per 100g edible portion (raw, except eggs); n_regions=3; energy_kJ=210",
E057,"Raisins, dried, black (Vitis vinifera)",Fruits,,,Vitis vinifera,19.69,2.57,0.34,71.29,3.92,2.19,,,,,,,,,,,,,ICMR-NIN Indian Food Composition Tables (IFCT) 2017,Food Composition Data ICMR.pdf,51,"moisture/protein/ash/fat/energy in g or kJ per 100g edible portion (raw, except eggs); n_regions=6; energy_kJ=1279",
E058,"Raisins, dried, golden (Vitis vinifera)",Fruits,,,Vitis vinifera,21.5,2.76,0.35,68.79,4.56,2.04,,,,,,,,,,,,,ICMR-NIN Indian Food Composition Tables (IFCT) 2017,Food Composition Data ICMR.pdf,51,"moisture/protein/ash/fat/energy in g or kJ per 100g edible portion (raw, except eggs); n_regions=6; energy_kJ=1241",
E059,Rambutan (Nephelium lappaceum),Fruits,,,Nephelium lappaceum,80.87,0.68,0.16,16.84,1.02,0.43,,,,,,,,,,,,,ICMR-NIN Indian Food Composition Tables (IFCT) 2017,Food Composition Data ICMR.pdf,52,"moisture/protein/ash/fat/energy in g or kJ per 100g edible portion (raw, except eggs); n_regions=1; energy_kJ=306",
E060,Sapota (Achras sapota),Fruits,,,Achras sapota,73.64,0.92,1.26,13.9,9.6,0.68,,,,,,,,,,,,,ICMR-NIN Indian Food Composition Tables (IFCT) 2017,Food Composition Data ICMR.pdf,52,"moisture/protein/ash/fat/energy in g or kJ per 100g edible portion (raw, except eggs); n_regions=6; energy_kJ=307",
E061,Soursop (Annona muricata),Fruits,,,Annona muricata,80.85,0.74,0.94,11.94,4.95,0.58,,,,,,,,,,,,,ICMR-NIN Indian Food Composition Tables (IFCT) 2017,Food Composition Data ICMR.pdf,52,"moisture/protein/ash/fat/energy in g or kJ per 100g edible portion (raw, except eggs); n_regions=1; energy_kJ=260",
E062,Star fruit (Averrhoa carambola),Fruits,,,Averrhoa carambola,91.18,0.79,0.39,4.51,2.81,0.33,,,,,,,,,,,,,ICMR-NIN Indian Food Composition Tables (IFCT) 2017,Food Composition Data ICMR.pdf,52,"moisture/protein/ash/fat/energy in g or kJ per 100g edible portion (raw, except eggs); n_regions=1; energy_kJ=110",
E063,Strawberry (Fragaria x ananassa),Fruits,,,Fragaria x ananassa,92.03,0.97,0.56,3.4,2.5,0.54,,,,,,,,,,,,,ICMR-NIN Indian Food Composition Tables (IFCT) 2017,Food Composition Data ICMR.pdf,52,"moisture/protein/ash/fat/energy in g or kJ per 100g edible portion (raw, except eggs); n_regions=6; energy_kJ=103",
E064,"Tamarind, pulp (Tamarindus indica)",Fruits,,,Tamarindus indica,20.83,2.92,0.15,67.35,5.31,3.44,,,,,,,,,,,,,ICMR-NIN Indian Food Composition Tables (IFCT) 2017,Food Composition Data ICMR.pdf,52,"moisture/protein/ash/fat/energy in g or kJ per 100g edible portion (raw, except eggs); n_regions=6; energy_kJ=1207",
E066,"Water melon, pale green (Citrullus vulgaris)",Fruits,,,Citrullus vulgaris,95.33,0.59,0.16,3.02,0.78,0.12,,,,,,,,,,,,,ICMR-NIN Indian Food Composition Tables (IFCT) 2017,Food Composition Data ICMR.pdf,52,"moisture/protein/ash/fat/energy in g or kJ per 100g edible portion (raw, except eggs); n_regions=6; energy_kJ=70",
E067,Wood Apple (Limonia acidissima),Fruits,,,Limonia acidissima,79.36,3.14,3.62,7.52,5.21,1.15,,,,,,,,,,,,,ICMR-NIN Indian Food Composition Tables (IFCT) 2017,Food Composition Data ICMR.pdf,52,"moisture/protein/ash/fat/energy in g or kJ per 100g edible portion (raw, except eggs); n_regions=3; energy_kJ=327",
F001,Beet root (Beta vulgaris),Roots and Tubers,,,Beta vulgaris,86.95,1.95,0.14,6.18,3.31,1.46,,,,,,,,,,,,,ICMR-NIN Indian Food Composition Tables (IFCT) 2017,Food Composition Data ICMR.pdf,52,"moisture/protein/ash/fat/energy in g or kJ per 100g edible portion (raw, except eggs); n_regions=6; energy_kJ=149",
F002,"Carrot, orange (Daucus carota)",Roots and Tubers,,,Daucus carota,87.69,0.95,0.47,5.55,4.18,1.16,,,,,,,,,,,,,ICMR-NIN Indian Food Composition Tables (IFCT) 2017,Food Composition Data ICMR.pdf,52,"moisture/protein/ash/fat/energy in g or kJ per 100g edible portion (raw, except eggs); n_regions=6; energy_kJ=139",
F003,"Carrot, red (Daucus carota)",Roots and Tubers,,,Daucus carota,86.07,1.04,0.47,6.71,4.49,1.22,,,,,,,,,,,,,ICMR-NIN Indian Food Composition Tables (IFCT) 2017,Food Composition Data ICMR.pdf,52,"moisture/protein/ash/fat/energy in g or kJ per 100g edible portion (raw, except eggs); n_regions=4; energy_kJ=160",
F004,Colocasia (Colocasia esculenta),Roots and Tubers,,,Colocasia esculenta,73.49,3.31,0.17,17.85,3.22,1.95,,,,,,,,,,,,,ICMR-NIN Indian Food Composition Tables (IFCT) 2017,Food Composition Data ICMR.pdf,52,"moisture/protein/ash/fat/energy in g or kJ per 100g edible portion (raw, except eggs); n_regions=6; energy_kJ=372",
F005,Lotus root (Nelumbium nelumbo),Roots and Tubers,,,Nelumbium nelumbo,76.26,1.94,0.93,14.67,4.7,1.5,,,,,,,,,,,,,ICMR-NIN Indian Food Composition Tables (IFCT) 2017,Food Composition Data ICMR.pdf,52,"moisture/protein/ash/fat/energy in g or kJ per 100g edible portion (raw, except eggs); n_regions=3; energy_kJ=332",
F006,"Potato, brown skin, big (Solanum tuberosum)",Roots and Tubers,,,Solanum tuberosum,80.72,1.54,0.23,14.89,1.71,0.92,,,,,,,,,,,,,ICMR-NIN Indian Food Composition Tables (IFCT) 2017,Food Composition Data ICMR.pdf,52,"moisture/protein/ash/fat/energy in g or kJ per 100g edible portion (raw, except eggs); n_regions=6; energy_kJ=292",
F007,"Potato, brown skin, small (Solanum tuberosum)",Roots and Tubers,,,Solanum tuberosum,82.97,1.35,0.22,12.9,1.69,0.87,,,,,,,,,,,,,ICMR-NIN Indian Food Composition Tables (IFCT) 2017,Food Composition Data ICMR.pdf,52,"moisture/protein/ash/fat/energy in g or kJ per 100g edible portion (raw, except eggs); n_regions=1; energy_kJ=255",
F008,"Potato, red skin (Solanum tuberosum)",Roots and Tubers,,,Solanum tuberosum,79.72,1.83,0.22,15.43,1.68,1.13,,,,,,,,,,,,,ICMR-NIN Indian Food Composition Tables (IFCT) 2017,Food Composition Data ICMR.pdf,52,"moisture/protein/ash/fat/energy in g or kJ per 100g edible portion (raw, except eggs); n_regions=1; energy_kJ=306",
F009,"Radish, elongate, red skin (Raphanus sativus)",Roots and Tubers,,,Raphanus sativus,89.32,0.67,0.13,6.71,2.46,0.73,,,,,,,,,,,,,ICMR-NIN Indian Food Composition Tables (IFCT) 2017,Food Composition Data ICMR.pdf,52,"moisture/protein/ash/fat/energy in g or kJ per 100g edible portion (raw, except eggs); n_regions=3; energy_kJ=134",
F010,"Radish, elongate, white skin (Raphanus sativus)",Roots and Tubers,,,Raphanus sativus,89.05,0.77,0.15,6.56,2.65,0.82,,,,,,,,,,,,,ICMR-NIN Indian Food Composition Tables (IFCT) 2017,Food Composition Data ICMR.pdf,53,"moisture/protein/ash/fat/energy in g or kJ per 100g edible portion (raw, except eggs); n_regions=6; energy_kJ=135",
F011,"Radish, round, red skin (Raphanus sativus)",Roots and Tubers,,,Raphanus sativus,89.68,0.89,0.16,6.07,2.29,0.91,,,,,,,,,,,,,ICMR-NIN Indian Food Composition Tables (IFCT) 2017,Food Composition Data ICMR.pdf,53,"moisture/protein/ash/fat/energy in g or kJ per 100g edible portion (raw, except eggs); n_regions=1; energy_kJ=130",
F012,"Radish, round, white skin (Raphanus sativus)",Roots and Tubers,,,Raphanus sativus,89.76,0.8,0.14,6.13,2.37,0.8,,,,,,,,,,,,,ICMR-NIN Indian Food Composition Tables (IFCT) 2017,Food Composition Data ICMR.pdf,53,"moisture/protein/ash/fat/energy in g or kJ per 100g edible portion (raw, except eggs); n_regions=2; energy_kJ=129",
F013,"Sweet potato, brown skin (Ipomoea batatas)",Roots and Tubers,,,Ipomoea batatas,69.21,1.33,0.26,24.25,3.99,0.96,,,,,,,,,,,,,ICMR-NIN Indian Food Composition Tables (IFCT) 2017,Food Composition Data ICMR.pdf,53,"moisture/protein/ash/fat/energy in g or kJ per 100g edible portion (raw, except eggs); n_regions=4; energy_kJ=456",
F014,"Sweet potato, pink skin (Ipomoea batatas)",Roots and Tubers,,,Ipomoea batatas,69.58,1.27,0.33,23.93,3.94,0.95,,,,,,,,,,,,,ICMR-NIN Indian Food Composition Tables (IFCT) 2017,Food Composition Data ICMR.pdf,53,"moisture/protein/ash/fat/energy in g or kJ per 100g edible portion (raw, except eggs); n_regions=3; energy_kJ=452",
F015,Tapioca (Manihot esculenta),Roots and Tubers,,,Manihot esculenta,75.23,1.03,0.2,17.81,4.61,1.12,,,,,,,,,,,,,ICMR-NIN Indian Food Composition Tables (IFCT) 2017,Food Composition Data ICMR.pdf,53,"moisture/protein/ash/fat/energy in g or kJ per 100g edible portion (raw, except eggs); n_regions=3; energy_kJ=334",
F016,Water Chestnut (Eleocharis dulcis),Roots and Tubers,,,Eleocharis dulcis,73.34,0.86,0.37,21.46,3.02,0.95,,,,,,,,,,,,,ICMR-NIN Indian Food Composition Tables (IFCT) 2017,Food Composition Data ICMR.pdf,53,"moisture/protein/ash/fat/energy in g or kJ per 100g edible portion (raw, except eggs); n_regions=1; energy_kJ=400",
F017,"Yam, elephant (Amorphophallus campanulatus)",Roots and Tubers,,,Amorphophallus campanulatus,74.39,2.56,0.14,17.46,4.17,1.29,,,,,,,,,,,,,ICMR-NIN Indian Food Composition Tables (IFCT) 2017,Food Composition Data ICMR.pdf,53,"moisture/protein/ash/fat/energy in g or kJ per 100g edible portion (raw, except eggs); n_regions=6; energy_kJ=353",
F018,"Yam, ordinary ( )Amorphophallus sp.",Roots and Tubers,,,,74.28,2.18,0.17,17.65,4.08,1.64,,,,,,,,,,,,,ICMR-NIN Indian Food Composition Tables (IFCT) 2017,Food Composition Data ICMR.pdf,53,"moisture/protein/ash/fat/energy in g or kJ per 100g edible portion (raw, except eggs); n_regions=4; energy_kJ=349",
F019,"Yam, wild ( )Dioscorea villosa",Roots and Tubers,,,,69.35,3.07,0.3,20.95,4.57,1.76,,,,,,,,,,,,,ICMR-NIN Indian Food Composition Tables (IFCT) 2017,Food Composition Data ICMR.pdf,53,"moisture/protein/ash/fat/energy in g or kJ per 100g edible portion (raw, except eggs); n_regions=2; energy_kJ=430",
G001,"Chillies, green-1 (Capsicum annum)",Condiments and Spices,,,Capsicum annum,84.47,2.62,0.73,6.32,4.86,1.01,,,,,,,,,,,,,ICMR-NIN Indian Food Composition Tables (IFCT) 2017,Food Composition Data ICMR.pdf,53,"moisture/protein/ash/fat/energy in g or kJ per 100g edible portion (raw, except eggs); n_regions=5; energy_kJ=191",
G002,"Chillies, green-2 (Capsicum annum)",Condiments and Spices,,,Capsicum annum,85.72,2.28,0.75,5.27,5.13,0.85,,,,,,,,,,,,,ICMR-NIN Indian Food Composition Tables (IFCT) 2017,Food Composition Data ICMR.pdf,53,"moisture/protein/ash/fat/energy in g or kJ per 100g edible portion (raw, except eggs); n_regions=3; energy_kJ=167",
G003,"Chillies, green-3 (Capsicum annum)",Condiments and Spices,,,Capsicum annum,85.59,2.38,0.75,5.23,5.1,0.95,,,,,,,,,,,,,ICMR-NIN Indian Food Composition Tables (IFCT) 2017,Food Composition Data ICMR.pdf,53,"moisture/protein/ash/fat/energy in g or kJ per 100g edible portion (raw, except eggs); n_regions=5; energy_kJ=169",
G004,"Chillies, green-4 (Capsicum annum)",Condiments and Spices,,,Capsicum annum,85.29,2.33,0.74,6.63,4.15,0.87,,,,,,,,,,,,,ICMR-NIN Indian Food Composition Tables (IFCT) 2017,Food Composition Data ICMR.pdf,53,"moisture/protein/ash/fat/energy in g or kJ per 100g edible portion (raw, except eggs); n_regions=3; energy_kJ=190",
G005,"Chillies, green-5 (Capsicum annum)",Condiments and Spices,,,Capsicum annum,85.93,2.01,0.65,6.64,3.95,0.82,,,,,,,,,,,,,ICMR-NIN Indian Food Composition Tables (IFCT) 2017,Food Composition Data ICMR.pdf,53,"moisture/protein/ash/fat/energy in g or kJ per 100g edible portion (raw, except eggs); n_regions=2; energy_kJ=180",
G006,"Chillies, green-6 (Capsicum annum)",Condiments and Spices,,,Capsicum annum,84.93,3.01,0.64,5.31,5.15,0.96,,,,,,,,,,,,,ICMR-NIN Indian Food Composition Tables (IFCT) 2017,Food Composition Data ICMR.pdf,53,"moisture/protein/ash/fat/energy in g or kJ per 100g edible portion (raw, except eggs); n_regions=1; energy_kJ=175",
G007,"Chillies, green-7 (Capsicum annum)",Condiments and Spices,,,Capsicum annum,85.83,2.12,0.6,5.61,4.95,0.9,,,,,,,,,,,,,ICMR-NIN Indian Food Composition Tables (IFCT) 2017,Food Composition Data ICMR.pdf,53,"moisture/protein/ash/fat/energy in g or kJ per 100g edible portion (raw, except eggs); n_regions=1; energy_kJ=163",
G008,"Chillies, green - all varieties (Capsicum annum)",Condiments and Spices,,,Capsicum annum,85.39,2.36,0.72,5.86,4.77,0.91,,,,,,,,,,,,,ICMR-NIN Indian Food Composition Tables (IFCT) 2017,Food Composition Data ICMR.pdf,53,"moisture/protein/ash/fat/energy in g or kJ per 100g edible portion (raw, except eggs); n_regions=6; energy_kJ=177",
G009,Coriander leaves (Coriandrum sativum),Condiments and Spices,,,Coriandrum sativum,86.99,3.52,0.7,1.93,4.66,2.19,,,,,,,,,,,,,ICMR-NIN Indian Food Composition Tables (IFCT) 2017,Food Composition Data ICMR.pdf,53,"moisture/protein/ash/fat/energy in g or kJ per 100g edible portion (raw, except eggs); n_regions=6; energy_kJ=130",
G010,Curry leaves (Murraya koenigii),Condiments and Spices,,,Murraya koenigii,65.33,7.41,1.06,4.51,16.83,4.86,,,,,,,,,,,,,ICMR-NIN Indian Food Composition Tables (IFCT) 2017,Food Composition Data ICMR.pdf,54,"moisture/protein/ash/fat/energy in g or kJ per 100g edible portion (raw, except eggs); n_regions=6; energy_kJ=266",
G011,"Garlic, big clove (Allium sativum)",Condiments and Spices,,,Allium sativum,64.38,6.92,0.16,21.93,5.22,1.4,,,,,,,,,,,,,ICMR-NIN Indian Food Composition Tables (IFCT) 2017,Food Composition Data ICMR.pdf,54,"moisture/protein/ash/fat/energy in g or kJ per 100g edible portion (raw, except eggs); n_regions=6; energy_kJ=518",
G012,"Garlic, small clove (Allium sativum)",Condiments and Spices,,,Allium sativum,64.42,6.75,0.14,21.84,5.47,1.38,,,,,,,,,,,,,ICMR-NIN Indian Food Composition Tables (IFCT) 2017,Food Composition Data ICMR.pdf,54,"moisture/protein/ash/fat/energy in g or kJ per 100g edible portion (raw, except eggs); n_regions=3; energy_kJ=514",
G013,"Garlic, single clove, Kashmir (Allium sativum)",Condiments and Spices,,,Allium sativum,64.49,6.12,0.16,23.46,4.01,1.76,,,,,,,,,,,,,ICMR-NIN Indian Food Composition Tables (IFCT) 2017,Food Composition Data ICMR.pdf,54,"moisture/protein/ash/fat/energy in g or kJ per 100g edible portion (raw, except eggs); n_regions=1; energy_kJ=523",
G014,"Ginger, fresh (Zingiber officinale)",Condiments and Spices,,,Zingiber officinale,81.27,2.22,0.85,8.97,5.36,1.33,,,,,,,,,,,,,ICMR-NIN Indian Food Composition Tables (IFCT) 2017,Food Composition Data ICMR.pdf,54,"moisture/protein/ash/fat/energy in g or kJ per 100g edible portion (raw, except eggs); n_regions=6; energy_kJ=230",
G015,Mango ginger (Curcuma amada),Condiments and Spices,,,Curcuma amada,84.55,1.45,0.7,6.98,4.74,1.57,,,,,,,,,,,,,ICMR-NIN Indian Food Composition Tables (IFCT) 2017,Food Composition Data ICMR.pdf,54,"moisture/protein/ash/fat/energy in g or kJ per 100g edible portion (raw, except eggs); n_regions=3; energy_kJ=177",
G016,Mint leaves (Mentha spicata ),Condiments and Spices,,,,84.24,4.66,0.65,2.39,5.89,2.18,,,,,,,,,,,,,ICMR-NIN Indian Food Composition Tables (IFCT) 2017,Food Composition Data ICMR.pdf,54,"moisture/protein/ash/fat/energy in g or kJ per 100g edible portion (raw, except eggs); n_regions=4; energy_kJ=155",
G017,"Onion, big (Allium cepa)",Condiments and Spices,,,Allium cepa,85.76,1.5,0.24,9.56,2.45,0.5,,,,,,,,,,,,,ICMR-NIN Indian Food Composition Tables (IFCT) 2017,Food Composition Data ICMR.pdf,54,"moisture/protein/ash/fat/energy in g or kJ per 100g edible portion (raw, except eggs); n_regions=6; energy_kJ=201",
G018,"Onion, small (Allium cepa)",Condiments and Spices,,,Allium cepa,84.67,1.82,0.16,11.58,1.16,0.61,,,,,,,,,,,,,ICMR-NIN Indian Food Composition Tables (IFCT) 2017,Food Composition Data ICMR.pdf,54,"moisture/protein/ash/fat/energy in g or kJ per 100g edible portion (raw, except eggs); n_regions=5; energy_kJ=237",
G019,Asafoetida (Ferula assa-foetida),Condiments and Spices,,,Ferula assa-foetida,9.42,6.34,1.26,71.95,5.13,5.9,,,,,,,,,,,,,ICMR-NIN Indian Food Composition Tables (IFCT) 2017,Food Composition Data ICMR.pdf,54,"moisture/protein/ash/fat/energy in g or kJ per 100g edible portion (raw, except eggs); n_regions=6; energy_kJ=1387",
G020,"Cardamom, green (Elettaria cardamomum)",Condiments and Spices,,,Elettaria cardamomum,11.24,8.1,2.6,47.76,23.1,7.21,,,,,,,,,,,,,ICMR-NIN Indian Food Composition Tables (IFCT) 2017,Food Composition Data ICMR.pdf,54,"moisture/protein/ash/fat/energy in g or kJ per 100g edible portion (raw, except eggs); n_regions=6; energy_kJ=1067",
G021,"Cardamom, black (Elettaria cardamomum)",Condiments and Spices,,,Elettaria cardamomum,6.69,6.69,2.8,52.53,23.46,7.84,,,,,,,,,,,,,ICMR-NIN Indian Food Composition Tables (IFCT) 2017,Food Composition Data ICMR.pdf,54,"moisture/protein/ash/fat/energy in g or kJ per 100g edible portion (raw, except eggs); n_regions=4; energy_kJ=1132",
G022,"Chillies, red (Capsicum annum)",Condiments and Spices,,,Capsicum annum,14.57,12.69,6.4,29.46,31.15,5.73,,,,,,,,,,,,,ICMR-NIN Indian Food Composition Tables (IFCT) 2017,Food Composition Data ICMR.pdf,54,"moisture/protein/ash/fat/energy in g or kJ per 100g edible portion (raw, except eggs); n_regions=6; energy_kJ=990",
G023,Cloves (Syzygium aromaticum),Condiments and Spices,,,Syzygium aromaticum,26.49,5.86,8.41,18.73,34.52,5.99,,,,,,,,,,,,,ICMR-NIN Indian Food Composition Tables (IFCT) 2017,Food Composition Data ICMR.pdf,54,"moisture/protein/ash/fat/energy in g or kJ per 100g edible portion (raw, except eggs); n_regions=6; energy_kJ=781",
G024,Coriander seeds (Coriandrum sativum),Condiments and Spices,,,Coriandrum sativum,8.72,10.66,17.47,12.98,44.81,5.36,,,,,,,,,,,,,ICMR-NIN Indian Food Composition Tables (IFCT) 2017,Food Composition Data ICMR.pdf,54,"moisture/protein/ash/fat/energy in g or kJ per 100g edible portion (raw, except eggs); n_regions=6; energy_kJ=1125",
G025,Cumin seeds (Cuminum cyminum),Condiments and Spices,,,Cuminum cyminum,10.59,13.91,16.64,22.62,30.35,5.9,,,,,,,,,,,,,ICMR-NIN Indian Food Composition Tables (IFCT) 2017,Food Composition Data ICMR.pdf,54,"moisture/protein/ash/fat/energy in g or kJ per 100g edible portion (raw, except eggs); n_regions=6; energy_kJ=1274",
G026,Fenugreek seeds (Trigonella foenum graecum),Condiments and Spices,,,Trigonella foenum graecum,7.82,25.41,5.72,10.57,47.55,2.93,,,,,,,,,,,,,ICMR-NIN Indian Food Composition Tables (IFCT) 2017,Food Composition Data ICMR.pdf,54,"moisture/protein/ash/fat/energy in g or kJ per 100g edible portion (raw, except eggs); n_regions=6; energy_kJ=983",
G027,Mace (Myristica fragrans),Condiments and Spices,,,Myristica fragrans,20.06,6.24,24.41,26.51,20.31,2.47,,,,,,,,,,,,,ICMR-NIN Indian Food Composition Tables (IFCT) 2017,Food Composition Data ICMR.pdf,54,"moisture/protein/ash/fat/energy in g or kJ per 100g edible portion (raw, except eggs); n_regions=6; energy_kJ=1488",
G028,Nutmeg (Myristica fragrans),Condiments and Spices,,,Myristica fragrans,15.55,6.3,36.52,27.64,11.99,1.99,,,,,,,,,,,,,ICMR-NIN Indian Food Composition Tables (IFCT) 2017,Food Composition Data ICMR.pdf,54,"moisture/protein/ash/fat/energy in g or kJ per 100g edible portion (raw, except eggs); n_regions=6; energy_kJ=1940",
G029,Omum (Trachyspermum ammi),Condiments and Spices,,,Trachyspermum ammi,9.71,15.89,21.11,24.53,20.58,8.18,,,,,,,,,,,,,ICMR-NIN Indian Food Composition Tables (IFCT) 2017,Food Composition Data ICMR.pdf,54,"moisture/protein/ash/fat/energy in g or kJ per 100g edible portion (raw, except eggs); n_regions=6; energy_kJ=1495",
G030,Pippali (Piper longum),Condiments and Spices,,,Piper longum,10.95,10.53,2.27,35.7,34.14,6.41,,,,,,,,,,,,,ICMR-NIN Indian Food Composition Tables (IFCT) 2017,Food Composition Data ICMR.pdf,55,"moisture/protein/ash/fat/energy in g or kJ per 100g edible portion (raw, except eggs); n_regions=6; energy_kJ=906",
G031,"Pepper, black (Piper nigrum)",Condiments and Spices,,,Piper nigrum,13.18,10.12,2.74,36.22,33.16,4.58,,,,,,,,,,,,,ICMR-NIN Indian Food Composition Tables (IFCT) 2017,Food Composition Data ICMR.pdf,55,"moisture/protein/ash/fat/energy in g or kJ per 100g edible portion (raw, except eggs); n_regions=6; energy_kJ=910",
G032,Poppy seeds (Papaver somniferum),Condiments and Spices,,,Papaver somniferum,4.22,20.31,30.38,12.37,26.68,6.04,,,,,,,,,,,,,ICMR-NIN Indian Food Composition Tables (IFCT) 2017,Food Composition Data ICMR.pdf,55,"moisture/protein/ash/fat/energy in g or kJ per 100g edible portion (raw, except eggs); n_regions=6; energy_kJ=1768",
G033,Turmeric powder (Curcuma domestica),Condiments and Spices,,,Curcuma domestica,10.58,7.66,5.03,49.22,21.38,6.13,,,,,,,,,,,,,ICMR-NIN Indian Food Composition Tables (IFCT) 2017,Food Composition Data ICMR.pdf,55,"moisture/protein/ash/fat/energy in g or kJ per 100g edible portion (raw, except eggs); n_regions=6; energy_kJ=1174",
H001,Almond (Prunus amygdalus),Nuts and Oil Seeds,,,Prunus amygdalus,4.37,18.41,58.49,3.04,13.06,2.62,,,,,,,,,,,,,ICMR-NIN Indian Food Composition Tables (IFCT) 2017,Food Composition Data ICMR.pdf,55,"moisture/protein/ash/fat/energy in g or kJ per 100g edible portion (raw, except eggs); n_regions=6; energy_kJ=2549",
H002,"Arecanut, dried, brown (Areca catechu)",Nuts and Oil Seeds,,,Areca catechu,6.63,5.78,4.35,70.42,11.44,1.39,,,,,,,,,,,,,ICMR-NIN Indian Food Composition Tables (IFCT) 2017,Food Composition Data ICMR.pdf,55,"moisture/protein/ash/fat/energy in g or kJ per 100g edible portion (raw, except eggs); n_regions=6; energy_kJ=1467",
H003,"Arecanut, dried, red color (Areca catechu)",Nuts and Oil Seeds,,,Areca catechu,6.3,6.46,4.46,70.27,11.11,1.41,,,,,,,,,,,,,ICMR-NIN Indian Food Composition Tables (IFCT) 2017,Food Composition Data ICMR.pdf,55,"moisture/protein/ash/fat/energy in g or kJ per 100g edible portion (raw, except eggs); n_regions=3; energy_kJ=1477",
H004,"Arecanut, fresh (Areca catechu)",Nuts and Oil Seeds,,,Areca catechu,37.7,2.73,5.51,45.0,7.63,1.43,,,,,,,,,,,,,ICMR-NIN Indian Food Composition Tables (IFCT) 2017,Food Composition Data ICMR.pdf,55,"moisture/protein/ash/fat/energy in g or kJ per 100g edible portion (raw, except eggs); n_regions=2; energy_kJ=1024",
H005,Cashew nut (Anacardium occidentale),Nuts and Oil Seeds,,,Anacardium occidentale,4.44,18.78,45.2,25.46,3.86,2.25,,,,,,,,,,,,,ICMR-NIN Indian Food Composition Tables (IFCT) 2017,Food Composition Data ICMR.pdf,55,"moisture/protein/ash/fat/energy in g or kJ per 100g edible portion (raw, except eggs); n_regions=6; energy_kJ=2438",
H006,"Coconut, kernel, dry (Cocos nucifera)",Nuts and Oil Seeds,,,Cocos nucifera,3.97,7.27,63.26,8.01,15.88,1.61,,,,,,,,,,,,,ICMR-NIN Indian Food Composition Tables (IFCT) 2017,Food Composition Data ICMR.pdf,55,"moisture/protein/ash/fat/energy in g or kJ per 100g edible portion (raw, except eggs); n_regions=6; energy_kJ=2611",
H007,"Coconut, kernel, fresh (Cocos nucifera)",Nuts and Oil Seeds,,,Cocos nucifera,36.14,3.84,41.38,6.3,10.42,1.93,,,,,,,,,,,,,ICMR-NIN Indian Food Composition Tables (IFCT) 2017,Food Composition Data ICMR.pdf,55,"moisture/protein/ash/fat/energy in g or kJ per 100g edible portion (raw, except eggs); n_regions=6; energy_kJ=1711",
H008,"Garden cress, seeds (Lepidium sativum)",Nuts and Oil Seeds,,,Lepidium sativum,4.6,23.36,23.74,33.66,8.27,6.37,,,,,,,,,,,,,ICMR-NIN Indian Food Composition Tables (IFCT) 2017,Food Composition Data ICMR.pdf,55,"moisture/protein/ash/fat/energy in g or kJ per 100g edible portion (raw, except eggs); n_regions=5; energy_kJ=1863",
H009,"Gingelly seeds, black (Sesamum indicum)",Nuts and Oil Seeds,,,Sesamum indicum,4.51,19.17,43.1,10.29,17.16,5.78,,,,,,,,,,,,,ICMR-NIN Indian Food Composition Tables (IFCT) 2017,Food Composition Data ICMR.pdf,55,"moisture/protein/ash/fat/energy in g or kJ per 100g edible portion (raw, except eggs); n_regions=6; energy_kJ=2124",
H010,"Gingelly seeds, brown (Sesamum indicum)",Nuts and Oil Seeds,,,Sesamum indicum,3.62,21.61,43.22,9.76,17.21,4.58,,,,,,,,,,,,,ICMR-NIN Indian Food Composition Tables (IFCT) 2017,Food Composition Data ICMR.pdf,55,"moisture/protein/ash/fat/energy in g or kJ per 100g edible portion (raw, except eggs); n_regions=4; energy_kJ=2161",
H011,"Gingelly seeds, white (Sesamum indicum)",Nuts and Oil Seeds,,,Sesamum indicum,3.3,21.7,43.05,10.83,16.99,4.13,,,,,,,,,,,,,ICMR-NIN Indian Food Composition Tables (IFCT) 2017,Food Composition Data ICMR.pdf,55,"moisture/protein/ash/fat/energy in g or kJ per 100g edible portion (raw, except eggs); n_regions=5; energy_kJ=2174",
H012,Ground nut (Arachis hypogaea),Nuts and Oil Seeds,,,Arachis hypogaea,6.97,23.65,39.63,17.27,10.38,2.11,,,,,,,,,,,,,ICMR-NIN Indian Food Composition Tables (IFCT) 2017,Food Composition Data ICMR.pdf,55,"moisture/protein/ash/fat/energy in g or kJ per 100g edible portion (raw, except eggs); n_regions=6; energy_kJ=2176",
H013,Mustard seeds ( )Brassica nigra,Nuts and Oil Seeds,,,,5.67,19.51,40.19,16.8,14.1,3.73,,,,,,,,,,,,,ICMR-NIN Indian Food Composition Tables (IFCT) 2017,Food Composition Data ICMR.pdf,55,"moisture/protein/ash/fat/energy in g or kJ per 100g edible portion (raw, except eggs); n_regions=6; energy_kJ=2132",
H014,Linseeds (Linum usitatissimum),Nuts and Oil Seeds,,,Linum usitatissimum,5.48,18.55,35.67,10.99,26.17,3.15,,,,,,,,,,,,,ICMR-NIN Indian Food Composition Tables (IFCT) 2017,Food Composition Data ICMR.pdf,55,"moisture/protein/ash/fat/energy in g or kJ per 100g edible portion (raw, except eggs); n_regions=6; energy_kJ=1857",
H015,"Niger seeds, black (Guizotia abyssinica)",Nuts and Oil Seeds,,,Guizotia abyssinica,4.65,18.92,38.61,22.98,10.93,3.91,,,,,,,,,,,,,ICMR-NIN Indian Food Composition Tables (IFCT) 2017,Food Composition Data ICMR.pdf,55,"moisture/protein/ash/fat/energy in g or kJ per 100g edible portion (raw, except eggs); n_regions=4; energy_kJ=2144",
H016,"Niger seeds, gray (Guizotia abyssinica)",Nuts and Oil Seeds,,,Guizotia abyssinica,5.66,18.34,39.53,20.59,10.96,4.92,,,,,,,,,,,,,ICMR-NIN Indian Food Composition Tables (IFCT) 2017,Food Composition Data ICMR.pdf,56,"moisture/protein/ash/fat/energy in g or kJ per 100g edible portion (raw, except eggs); n_regions=5; energy_kJ=2128",
H017,Pine seed ( )Pinus sp.,Nuts and Oil Seeds,,,,5.32,12.55,48.79,26.77,3.79,2.78,,,,,,,,,,,,,ICMR-NIN Indian Food Composition Tables (IFCT) 2017,Food Composition Data ICMR.pdf,56,"moisture/protein/ash/fat/energy in g or kJ per 100g edible portion (raw, except eggs); n_regions=5; energy_kJ=2486",
H018,Pistachio nuts (Pistacia vera),Nuts and Oil Seeds,,,Pistacia vera,4.68,23.35,42.49,15.82,10.64,3.02,,,,,,,,,,,,,ICMR-NIN Indian Food Composition Tables (IFCT) 2017,Food Composition Data ICMR.pdf,56,"moisture/protein/ash/fat/energy in g or kJ per 100g edible portion (raw, except eggs); n_regions=6; energy_kJ=2257",
H019,Safflower seeds (Carthamus tinctorius),Nuts and Oil Seeds,,,Carthamus tinctorius,5.24,17.66,30.87,30.18,13.49,2.57,,,,,,,,,,,,,ICMR-NIN Indian Food Composition Tables (IFCT) 2017,Food Composition Data ICMR.pdf,56,"moisture/protein/ash/fat/energy in g or kJ per 100g edible portion (raw, except eggs); n_regions=5; energy_kJ=1981",
H020,Sunflower seeds (Helianthus annuus),Nuts and Oil Seeds,,,Helianthus annuus,3.53,23.53,51.85,6.85,10.8,3.44,,,,,,,,,,,,,ICMR-NIN Indian Food Composition Tables (IFCT) 2017,Food Composition Data ICMR.pdf,56,"moisture/protein/ash/fat/energy in g or kJ per 100g edible portion (raw, except eggs); n_regions=5; energy_kJ=2453",
H021,Walnut (Juglans regia),Nuts and Oil Seeds,,,Juglans regia,3.56,14.92,64.27,10.14,5.39,1.72,,,,,,,,,,,,,ICMR-NIN Indian Food Composition Tables (IFCT) 2017,Food Composition Data ICMR.pdf,56,"moisture/protein/ash/fat/energy in g or kJ per 100g edible portion (raw, except eggs); n_regions=6; energy_kJ=2809",
I001,"Jaggery, cane (Saccharum officinarum)",Sugars,,,Saccharum officinarum,11.2,1.85,0.16,,,1.92,,,,,,,,,,,,,ICMR-NIN Indian Food Composition Tables (IFCT) 2017,Food Composition Data ICMR.pdf,56,"moisture/protein/ash/fat/energy in g or kJ per 100g edible portion (raw, except eggs); n_regions=6; energy_kJ=1480",
I002,"Sugarcane, juice (Saccharum officinarum)",Sugars,,,Saccharum officinarum,85.54,0.16,0.4,13.11,0.56,0.23,,,,,,,,,,,,,ICMR-NIN Indian Food Composition Tables (IFCT) 2017,Food Composition Data ICMR.pdf,56,"moisture/protein/ash/fat/energy in g or kJ per 100g edible portion (raw, except eggs); n_regions=6; energy_kJ=242",
J001,"Button mushroom, fresh (Agaricus sp.)",Mushrooms,,,Agaricus sp.,90.09,3.68,0.42,1.98,3.11,0.71,,,,,,,,,,,,,ICMR-NIN Indian Food Composition Tables (IFCT) 2017,Food Composition Data ICMR.pdf,56,"moisture/protein/ash/fat/energy in g or kJ per 100g edible portion (raw, except eggs); n_regions=1; energy_kJ=115",
J002,"Chicken mushroom, fresh (Lactiporus sp.)",Mushrooms,,,Lactiporus sp.,92.43,1.84,0.25,2.76,1.99,0.74,,,,,,,,,,,,,ICMR-NIN Indian Food Composition Tables (IFCT) 2017,Food Composition Data ICMR.pdf,56,"moisture/protein/ash/fat/energy in g or kJ per 100g edible portion (raw, except eggs); n_regions=1; energy_kJ=89",
J003,"Shiitake mushroom, fresh (Lentinula sp.)",Mushrooms,,,Lentinula sp.,82.94,3.19,0.76,8.98,3.02,1.11,,,,,,,,,,,,,ICMR-NIN Indian Food Composition Tables (IFCT) 2017,Food Composition Data ICMR.pdf,56,"moisture/protein/ash/fat/energy in g or kJ per 100g edible portion (raw, except eggs); n_regions=1; energy_kJ=243",
J004,"Oyster mushroom, dried (Pleurotus sp.)",Mushrooms,,,Pleurotus sp.,4.51,19.04,2.86,33.07,39.12,1.41,,,,,,,,,,,,,ICMR-NIN Indian Food Composition Tables (IFCT) 2017,Food Composition Data ICMR.pdf,56,"moisture/protein/ash/fat/energy in g or kJ per 100g edible portion (raw, except eggs); n_regions=1; energy_kJ=1019",
K001,Toddy (Borassus flabellifer),Miscellaneous Foods (beverages),,,Borassus flabellifer,93.86,0.18,0.03,,,0.21,,,,,,,,,,,,,ICMR-NIN Indian Food Composition Tables (IFCT) 2017,Food Composition Data ICMR.pdf,56,"moisture/protein/ash/fat/energy in g or kJ per 100g edible portion (raw, except eggs); n_regions=10; energy_kJ=101",
K002,Coconut Water (Cocos nucifera),Miscellaneous Foods (beverages),,,Cocos nucifera,95.77,0.26,0.16,,,0.65,,,,,,,,,,,,,ICMR-NIN Indian Food Composition Tables (IFCT) 2017,Food Composition Data ICMR.pdf,56,"moisture/protein/ash/fat/energy in g or kJ per 100g edible portion (raw, except eggs); n_regions=6; energy_kJ=64",
L001,"Milk, whole, Buffalo",Milk and Milk Products,,,,80.68,3.68,6.58,,,0.67,,,,,,,,,,,,,ICMR-NIN Indian Food Composition Tables (IFCT) 2017,Food Composition Data ICMR.pdf,57,"moisture/protein/ash/fat/energy in g or kJ per 100g edible portion (raw, except eggs); n_regions=6; energy_kJ=449",
L002,"Milk, whole, Cow",Milk and Milk Products,,,,86.64,3.26,4.48,,,0.68,,,,,,,,,,,,,ICMR-NIN Indian Food Composition Tables (IFCT) 2017,Food Composition Data ICMR.pdf,57,"moisture/protein/ash/fat/energy in g or kJ per 100g edible portion (raw, except eggs); n_regions=6; energy_kJ=305",
M001,"Egg, poultry, whole, raw",Egg and Egg Products,,,,76.51,13.28,9.15,,,0.81,,,,,,,,,,,,,ICMR-NIN Indian Food Composition Tables (IFCT) 2017,Food Composition Data ICMR.pdf,58,"moisture/protein/ash/fat/energy in g or kJ per 100g edible portion (raw, except eggs); n_regions=6; energy_kJ=564",
M002,"Egg, poultry, white, raw",Egg and Egg Products,,,,86.68,10.84,0.06,,,0.75,,,,,,,,,,,,,ICMR-NIN Indian Food Composition Tables (IFCT) 2017,Food Composition Data ICMR.pdf,58,"moisture/protein/ash/fat/energy in g or kJ per 100g edible portion (raw, except eggs); n_regions=6; energy_kJ=187",
M003,"Egg, poultry, yolk, raw",Egg and Egg Products,,,,53.57,15.74,26.34,,,1.05,,,,,,,,,,,,,ICMR-NIN Indian Food Composition Tables (IFCT) 2017,Food Composition Data ICMR.pdf,58,"moisture/protein/ash/fat/energy in g or kJ per 100g edible portion (raw, except eggs); n_regions=6; energy_kJ=1242",
M004,"Egg, poultry, whole, boiled",Egg and Egg Products,,,,73.46,13.43,10.54,,,0.86,,,,,,,,,,,,,ICMR-NIN Indian Food Composition Tables (IFCT) 2017,Food Composition Data ICMR.pdf,58,"moisture/protein/ash/fat/energy in g or kJ per 100g edible portion (raw, except eggs); n_regions=6; energy_kJ=618",
M005,"Egg, poultry, white, boiled",Egg and Egg Products,,,,83.54,12.37,0.26,,,0.81,,,,,,,,,,,,,ICMR-NIN Indian Food Composition Tables (IFCT) 2017,Food Composition Data ICMR.pdf,58,"moisture/protein/ash/fat/energy in g or kJ per 100g edible portion (raw, except eggs); n_regions=6; energy_kJ=220",
M006,"Egg, poultry, yolk, boiled",Egg and Egg Products,,,,51.42,16.13,27.46,,,1.38,,,,,,,,,,,,,ICMR-NIN Indian Food Composition Tables (IFCT) 2017,Food Composition Data ICMR.pdf,58,"moisture/protein/ash/fat/energy in g or kJ per 100g edible portion (raw, except eggs); n_regions=6; energy_kJ=1290",
M007,"Egg, poultry, omlet",Egg and Egg Products,,,,68.48,16.53,11.6,,,0.96,,,,,,,,,,,,,ICMR-NIN Indian Food Composition Tables (IFCT) 2017,Food Composition Data ICMR.pdf,58,"moisture/protein/ash/fat/energy in g or kJ per 100g edible portion (raw, except eggs); n_regions=3; energy_kJ=710",
M008,"Egg, country hen, whole, raw",Egg and Egg Products,,,,72.96,13.14,13.0,,,0.86,,,,,,,,,,,,,ICMR-NIN Indian Food Composition Tables (IFCT) 2017,Food Composition Data ICMR.pdf,58,"moisture/protein/ash/fat/energy in g or kJ per 100g edible portion (raw, except eggs); n_regions=1; energy_kJ=704",
M009,"Egg, country hen, whole, boiled",Egg and Egg Products,,,,70.43,14.43,14.1,,,0.94,,,,,,,,,,,,,ICMR-NIN Indian Food Composition Tables (IFCT) 2017,Food Composition Data ICMR.pdf,58,"moisture/protein/ash/fat/energy in g or kJ per 100g edible portion (raw, except eggs); n_regions=1; energy_kJ=767",
M010,"Egg, country hen, omlet",Egg and Egg Products,,,,67.8,14.8,16.3,,,1.08,,,,,,,,,,,,,ICMR-NIN Indian Food Composition Tables (IFCT) 2017,Food Composition Data ICMR.pdf,58,"moisture/protein/ash/fat/energy in g or kJ per 100g edible portion (raw, except eggs); n_regions=1; energy_kJ=855",
M011,"Egg, duck, whole, boiled",Egg and Egg Products,,,,71.61,13.8,13.61,,,0.97,,,,,,,,,,,,,ICMR-NIN Indian Food Composition Tables (IFCT) 2017,Food Composition Data ICMR.pdf,58,"moisture/protein/ash/fat/energy in g or kJ per 100g edible portion (raw, except eggs); n_regions=1; energy_kJ=738",
M012,"Egg, duck, whole, raw",Egg and Egg Products,,,,70.53,14.6,13.83,,,0.99,,,,,,,,,,,,,ICMR-NIN Indian Food Composition Tables (IFCT) 2017,Food Composition Data ICMR.pdf,58,"moisture/protein/ash/fat/energy in g or kJ per 100g edible portion (raw, except eggs); n_regions=1; energy_kJ=760",
M013,"Egg, duck, whole, omlet",Egg and Egg Products,,,,68.9,15.1,14.8,,,1.18,,,,,,,,,,,,,ICMR-NIN Indian Food Composition Tables (IFCT) 2017,Food Composition Data ICMR.pdf,58,"moisture/protein/ash/fat/energy in g or kJ per 100g edible portion (raw, except eggs); n_regions=1; energy_kJ=804",
M014,"Egg, quial, whole, raw",Egg and Egg Products,,,,75.11,12.39,11.46,,,0.94,,,,,,,,,,,,,ICMR-NIN Indian Food Composition Tables (IFCT) 2017,Food Composition Data ICMR.pdf,58,"moisture/protein/ash/fat/energy in g or kJ per 100g edible portion (raw, except eggs); n_regions=1; energy_kJ=635",
M015,"Egg, quial, whole, boiled",Egg and Egg Products,,,,74.41,13.03,11.5,,,0.99,,,,,,,,,,,,,ICMR-NIN Indian Food Composition Tables (IFCT) 2017,Food Composition Data ICMR.pdf,58,"moisture/protein/ash/fat/energy in g or kJ per 100g edible portion (raw, except eggs); n_regions=1; energy_kJ=647",
N001,"Chicken, poultry, leg, skinless",Poultry,,,,67.61,19.44,12.64,,,1.14,,,,,,,,,,,,,ICMR-NIN Indian Food Composition Tables (IFCT) 2017,Food Composition Data ICMR.pdf,58,"moisture/protein/ash/fat/energy in g or kJ per 100g edible portion (raw, except eggs); n_regions=4; energy_kJ=1605",
N002,"Chicken, poultry, thigh, skinless",Poultry,,,,67.58,18.18,14.23,,,1.14,,,,,,,,,,,,,ICMR-NIN Indian Food Composition Tables (IFCT) 2017,Food Composition Data ICMR.pdf,58,"moisture/protein/ash/fat/energy in g or kJ per 100g edible portion (raw, except eggs); n_regions=6; energy_kJ=836",
N003,"Chicken, poultry, breast, skinless",Poultry,,,,67.15,21.81,9.0,,,1.19,,,,,,,,,,,,,ICMR-NIN Indian Food Composition Tables (IFCT) 2017,Food Composition Data ICMR.pdf,58,"moisture/protein/ash/fat/energy in g or kJ per 100g edible portion (raw, except eggs); n_regions=5; energy_kJ=704",
N004,"Chicken, poultry, wing, skinless",Poultry,,,,67.48,17.42,13.81,,,1.13,,,,,,,,,,,,,ICMR-NIN Indian Food Composition Tables (IFCT) 2017,Food Composition Data ICMR.pdf,58,"moisture/protein/ash/fat/energy in g or kJ per 100g edible portion (raw, except eggs); n_regions=5; energy_kJ=807",
N005,"Poultry, chicken, liver",Poultry,,,,73.2,21.57,4.08,,,1.11,,,,,,,,,,,,,ICMR-NIN Indian Food Composition Tables (IFCT) 2017,Food Composition Data ICMR.pdf,59,"moisture/protein/ash/fat/energy in g or kJ per 100g edible portion (raw, except eggs); n_regions=1; energy_kJ=518",
N006,"Poultry, chicken, gizzard",Poultry,,,,78.05,18.22,2.07,,,1.46,,,,,,,,,,,,,ICMR-NIN Indian Food Composition Tables (IFCT) 2017,Food Composition Data ICMR.pdf,59,"moisture/protein/ash/fat/energy in g or kJ per 100g edible portion (raw, except eggs); n_regions=1; energy_kJ=386",
N007,"Country hen, leg, with skin",Poultry,,,,70.02,17.01,11.73,,,1.2,,,,,,,,,,,,,ICMR-NIN Indian Food Composition Tables (IFCT) 2017,Food Composition Data ICMR.pdf,59,"moisture/protein/ash/fat/energy in g or kJ per 100g edible portion (raw, except eggs); n_regions=1; energy_kJ=723",
N008,"Country hen, thigh, with skin",Poultry,,,,67.46,18.29,12.82,,,1.23,,,,,,,,,,,,,ICMR-NIN Indian Food Composition Tables (IFCT) 2017,Food Composition Data ICMR.pdf,59,"moisture/protein/ash/fat/energy in g or kJ per 100g edible portion (raw, except eggs); n_regions=1; energy_kJ=785",
N009,"Country hen, breast, with skin",Poultry,,,,66.53,22.08,10.2,,,1.14,,,,,,,,,,,,,ICMR-NIN Indian Food Composition Tables (IFCT) 2017,Food Composition Data ICMR.pdf,59,"moisture/protein/ash/fat/energy in g or kJ per 100g edible portion (raw, except eggs); n_regions=1; energy_kJ=753",
N010,"Country hen, wing, with skin",Poultry,,,,68.01,18.65,12.09,,,1.14,,,,,,,,,,,,,ICMR-NIN Indian Food Composition Tables (IFCT) 2017,Food Composition Data ICMR.pdf,59,"moisture/protein/ash/fat/energy in g or kJ per 100g edible portion (raw, except eggs); n_regions=1; energy_kJ=764",
N011,"Duck, meat, with skin",Poultry,,,,73.49,19.07,6.03,,,1.22,,,,,,,,,,,,,ICMR-NIN Indian Food Composition Tables (IFCT) 2017,Food Composition Data ICMR.pdf,59,"moisture/protein/ash/fat/energy in g or kJ per 100g edible portion (raw, except eggs); n_regions=1; energy_kJ=547",
N012,"Emu, meat, skinless",Poultry,,,,71.65,22.65,4.62,,,0.98,,,,,,,,,,,,,ICMR-NIN Indian Food Composition Tables (IFCT) 2017,Food Composition Data ICMR.pdf,59,"moisture/protein/ash/fat/energy in g or kJ per 100g edible portion (raw, except eggs); n_regions=1; energy_kJ=556",
N013,"Guinea fowl, meat, with skin",Poultry,,,,75.21,20.52,3.24,,,0.92,,,,,,,,,,,,,ICMR-NIN Indian Food Composition Tables (IFCT) 2017,Food Composition Data ICMR.pdf,59,"moisture/protein/ash/fat/energy in g or kJ per 100g edible portion (raw, except eggs); n_regions=1; energy_kJ=469",
N014,"Pigeon, meat, with skin",Poultry,,,,74.61,17.94,6.03,,,1.32,,,,,,,,,,,,,ICMR-NIN Indian Food Composition Tables (IFCT) 2017,Food Composition Data ICMR.pdf,59,"moisture/protein/ash/fat/energy in g or kJ per 100g edible portion (raw, except eggs); n_regions=1; energy_kJ=528",
N015,"Quail, meat, skinless",Poultry,,,,71.58,20.92,5.95,,,1.35,,,,,,,,,,,,,ICMR-NIN Indian Food Composition Tables (IFCT) 2017,Food Composition Data ICMR.pdf,59,"moisture/protein/ash/fat/energy in g or kJ per 100g edible portion (raw, except eggs); n_regions=1; energy_kJ=576",
N016,"Turkey, leg, with skin",Poultry,,,,69.24,20.3,8.15,,,1.21,,,,,,,,,,,,,ICMR-NIN Indian Food Composition Tables (IFCT) 2017,Food Composition Data ICMR.pdf,59,"moisture/protein/ash/fat/energy in g or kJ per 100g edible portion (raw, except eggs); n_regions=1; energy_kJ=647",
N017,"Turkey, thigh, with skin",Poultry,,,,72.17,20.46,6.31,,,0.97,,,,,,,,,,,,,ICMR-NIN Indian Food Composition Tables (IFCT) 2017,Food Composition Data ICMR.pdf,59,"moisture/protein/ash/fat/energy in g or kJ per 100g edible portion (raw, except eggs); n_regions=1; energy_kJ=581",
N018,"Turkey, breast, with skin",Poultry,,,,68.44,21.96,8.04,,,1.01,,,,,,,,,,,,,ICMR-NIN Indian Food Composition Tables (IFCT) 2017,Food Composition Data ICMR.pdf,59,"moisture/protein/ash/fat/energy in g or kJ per 100g edible portion (raw, except eggs); n_regions=1; energy_kJ=671",
N019,"Turkey, wing, with skin",Poultry,,,,66.16,21.91,10.77,,,0.97,,,,,,,,,,,,,ICMR-NIN Indian Food Composition Tables (IFCT) 2017,Food Composition Data ICMR.pdf,59,"moisture/protein/ash/fat/energy in g or kJ per 100g edible portion (raw, except eggs); n_regions=1; energy_kJ=771",
O001,"Goat, shoulder",Animal Meat,,,,66.39,20.33,11.94,,,0.9,,,,,,,,,,,,,ICMR-NIN Indian Food Composition Tables (IFCT) 2017,Food Composition Data ICMR.pdf,59,"moisture/protein/ash/fat/energy in g or kJ per 100g edible portion (raw, except eggs); n_regions=6; energy_kJ=787",
O002,"Goat, chops",Animal Meat,,,,72.46,20.39,5.98,,,0.99,,,,,,,,,,,,,ICMR-NIN Indian Food Composition Tables (IFCT) 2017,Food Composition Data ICMR.pdf,59,"moisture/protein/ash/fat/energy in g or kJ per 100g edible portion (raw, except eggs); n_regions=6; energy_kJ=568",
O003,"Goat, legs",Animal Meat,,,,68.85,22.07,7.94,,,0.97,,,,,,,,,,,,,ICMR-NIN Indian Food Composition Tables (IFCT) 2017,Food Composition Data ICMR.pdf,59,"moisture/protein/ash/fat/energy in g or kJ per 100g edible portion (raw, except eggs); n_regions=6; energy_kJ=669",
O004,"Goat, brain",Animal Meat,,,,76.74,13.82,8.06,,,1.29,,,,,,,,,,,,,ICMR-NIN Indian Food Composition Tables (IFCT) 2017,Food Composition Data ICMR.pdf,59,"moisture/protein/ash/fat/energy in g or kJ per 100g edible portion (raw, except eggs); n_regions=5; energy_kJ=533",
O005,"Goat, tongue",Animal Meat,,,,68.4,16.63,13.68,,,1.02,,,,,,,,,,,,,ICMR-NIN Indian Food Composition Tables (IFCT) 2017,Food Composition Data ICMR.pdf,59,"moisture/protein/ash/fat/energy in g or kJ per 100g edible portion (raw, except eggs); n_regions=4; energy_kJ=789",
O006,"Goat, lungs",Animal Meat,,,,79.03,16.86,3.09,,,0.74,,,,,,,,,,,,,ICMR-NIN Indian Food Composition Tables (IFCT) 2017,Food Composition Data ICMR.pdf,60,"moisture/protein/ash/fat/energy in g or kJ per 100g edible portion (raw, except eggs); n_regions=4; energy_kJ=401",
O007,"Goat, heart",Animal Meat,,,,75.15,19.38,4.4,,,0.95,,,,,,,,,,,,,ICMR-NIN Indian Food Composition Tables (IFCT) 2017,Food Composition Data ICMR.pdf,60,"moisture/protein/ash/fat/energy in g or kJ per 100g edible portion (raw, except eggs); n_regions=5; energy_kJ=492",
O008,"Goat, liver",Animal Meat,,,,73.37,20.32,4.88,,,1.3,,,,,,,,,,,,,ICMR-NIN Indian Food Composition Tables (IFCT) 2017,Food Composition Data ICMR.pdf,60,"moisture/protein/ash/fat/energy in g or kJ per 100g edible portion (raw, except eggs); n_regions=6; energy_kJ=526",
O009,"Goat, tripe",Animal Meat,,,,80.94,15.36,3.36,,,0.23,,,,,,,,,,,,,ICMR-NIN Indian Food Composition Tables (IFCT) 2017,Food Composition Data ICMR.pdf,60,"moisture/protein/ash/fat/energy in g or kJ per 100g edible portion (raw, except eggs); n_regions=5; energy_kJ=386",
O010,"Goat, spleen",Animal Meat,,,,77.93,18.45,2.37,,,1.15,,,,,,,,,,,,,ICMR-NIN Indian Food Composition Tables (IFCT) 2017,Food Composition Data ICMR.pdf,60,"moisture/protein/ash/fat/energy in g or kJ per 100g edible portion (raw, except eggs); n_regions=4; energy_kJ=401",
O011,"Goat, kidneys",Animal Meat,,,,80.26,15.6,2.93,,,1.1,,,,,,,,,,,,,ICMR-NIN Indian Food Composition Tables (IFCT) 2017,Food Composition Data ICMR.pdf,60,"moisture/protein/ash/fat/energy in g or kJ per 100g edible portion (raw, except eggs); n_regions=4; energy_kJ=374",
O012,"Goat, tube (small intestine)",Animal Meat,,,,78.12,12.92,8.26,,,0.54,,,,,,,,,,,,,ICMR-NIN Indian Food Composition Tables (IFCT) 2017,Food Composition Data ICMR.pdf,60,"moisture/protein/ash/fat/energy in g or kJ per 100g edible portion (raw, except eggs); n_regions=3; energy_kJ=525",
O013,"Goat, testis",Animal Meat,,,,84.29,12.32,2.39,,,0.87,,,,,,,,,,,,,ICMR-NIN Indian Food Composition Tables (IFCT) 2017,Food Composition Data ICMR.pdf,60,"moisture/protein/ash/fat/energy in g or kJ per 100g edible portion (raw, except eggs); n_regions=2; energy_kJ=298",
O014,"Sheep, shoulder",Animal Meat,,,,66.51,18.24,14.31,,,0.86,,,,,,,,,,,,,ICMR-NIN Indian Food Composition Tables (IFCT) 2017,Food Composition Data ICMR.pdf,60,"moisture/protein/ash/fat/energy in g or kJ per 100g edible portion (raw, except eggs); n_regions=5; energy_kJ=840",
O015,"Sheep, chops",Animal Meat,,,,75.66,18.0,5.15,,,1.09,,,,,,,,,,,,,ICMR-NIN Indian Food Composition Tables (IFCT) 2017,Food Composition Data ICMR.pdf,60,"moisture/protein/ash/fat/energy in g or kJ per 100g edible portion (raw, except eggs); n_regions=4; energy_kJ=496",
O016,"Sheep, leg",Animal Meat,,,,68.26,21.42,8.69,,,0.94,,,,,,,,,,,,,ICMR-NIN Indian Food Composition Tables (IFCT) 2017,Food Composition Data ICMR.pdf,60,"moisture/protein/ash/fat/energy in g or kJ per 100g edible portion (raw, except eggs); n_regions=5; energy_kJ=686",
O017,"Sheep, brain",Animal Meat,,,,78.36,13.05,7.29,,,1.19,,,,,,,,,,,,,ICMR-NIN Indian Food Composition Tables (IFCT) 2017,Food Composition Data ICMR.pdf,60,"moisture/protein/ash/fat/energy in g or kJ per 100g edible portion (raw, except eggs); n_regions=1; energy_kJ=492",
O018,"Sheep, tongue",Animal Meat,,,,68.7,16.61,13.53,,,1.06,,,,,,,,,,,,,ICMR-NIN Indian Food Composition Tables (IFCT) 2017,Food Composition Data ICMR.pdf,60,"moisture/protein/ash/fat/energy in g or kJ per 100g edible portion (raw, except eggs); n_regions=1; energy_kJ=783",
O019,"Sheep, lungs",Animal Meat,,,,80.41,16.12,2.41,,,0.97,,,,,,,,,,,,,ICMR-NIN Indian Food Composition Tables (IFCT) 2017,Food Composition Data ICMR.pdf,60,"moisture/protein/ash/fat/energy in g or kJ per 100g edible portion (raw, except eggs); n_regions=2; energy_kJ=363",
O020,"Sheep, heart",Animal Meat,,,,77.06,18.19,3.66,,,0.97,,,,,,,,,,,,,ICMR-NIN Indian Food Composition Tables (IFCT) 2017,Food Composition Data ICMR.pdf,60,"moisture/protein/ash/fat/energy in g or kJ per 100g edible portion (raw, except eggs); n_regions=1; energy_kJ=445",
O021,"Sheep, liver",Animal Meat,,,,69.71,22.26,4.87,,,1.26,,,,,,,,,,,,,ICMR-NIN Indian Food Composition Tables (IFCT) 2017,Food Composition Data ICMR.pdf,60,"moisture/protein/ash/fat/energy in g or kJ per 100g edible portion (raw, except eggs); n_regions=4; energy_kJ=559",
O022,"Sheep, tripe",Animal Meat,,,,78.81,16.76,4.05,,,0.26,,,,,,,,,,,,,ICMR-NIN Indian Food Composition Tables (IFCT) 2017,Food Composition Data ICMR.pdf,60,"moisture/protein/ash/fat/energy in g or kJ per 100g edible portion (raw, except eggs); n_regions=2; energy_kJ=435",
O023,"Sheep, spleen",Animal Meat,,,,79.66,16.02,3.02,,,1.17,,,,,,,,,,,,,ICMR-NIN Indian Food Composition Tables (IFCT) 2017,Food Composition Data ICMR.pdf,60,"moisture/protein/ash/fat/energy in g or kJ per 100g edible portion (raw, except eggs); n_regions=1; energy_kJ=384",
O024,"Sheep, kidneys",Animal Meat,,,,79.77,16.22,2.92,,,1.0,,,,,,,,,,,,,ICMR-NIN Indian Food Composition Tables (IFCT) 2017,Food Composition Data ICMR.pdf,60,"moisture/protein/ash/fat/energy in g or kJ per 100g edible portion (raw, except eggs); n_regions=2; energy_kJ=384",
O025,"Beef, shoulder",Animal Meat,,,,63.84,20.56,14.59,,,0.95,,,,,,,,,,,,,ICMR-NIN Indian Food Composition Tables (IFCT) 2017,Food Composition Data ICMR.pdf,60,"moisture/protein/ash/fat/energy in g or kJ per 100g edible portion (raw, except eggs); n_regions=6; energy_kJ=889",
O026,"Beef, chops",Animal Meat,,,,72.4,19.82,6.71,,,0.96,,,,,,,,,,,,,ICMR-NIN Indian Food Composition Tables (IFCT) 2017,Food Composition Data ICMR.pdf,60,"moisture/protein/ash/fat/energy in g or kJ per 100g edible portion (raw, except eggs); n_regions=4; energy_kJ=585",
O027,"Beef, round (leg)",Animal Meat,,,,68.04,22.64,7.38,,,1.19,,,,,,,,,,,,,ICMR-NIN Indian Food Composition Tables (IFCT) 2017,Food Composition Data ICMR.pdf,60,"moisture/protein/ash/fat/energy in g or kJ per 100g edible portion (raw, except eggs); n_regions=6; energy_kJ=658",
O028,"Beef, brain",Animal Meat,,,,78.71,10.55,9.28,,,1.37,,,,,,,,,,,,,ICMR-NIN Indian Food Composition Tables (IFCT) 2017,Food Composition Data ICMR.pdf,61,"moisture/protein/ash/fat/energy in g or kJ per 100g edible portion (raw, except eggs); n_regions=4; energy_kJ=523",
O029,"Beef, tongue",Animal Meat,,,,70.97,15.63,12.57,,,0.73,,,,,,,,,,,,,ICMR-NIN Indian Food Composition Tables (IFCT) 2017,Food Composition Data ICMR.pdf,61,"moisture/protein/ash/fat/energy in g or kJ per 100g edible portion (raw, except eggs); n_regions=4; energy_kJ=731",
O030,"Beef, lungs",Animal Meat,,,,80.83,15.66,2.28,,,1.13,,,,,,,,,,,,,ICMR-NIN Indian Food Composition Tables (IFCT) 2017,Food Composition Data ICMR.pdf,61,"moisture/protein/ash/fat/energy in g or kJ per 100g edible portion (raw, except eggs); n_regions=3; energy_kJ=351",
O031,"Beef, heart",Animal Meat,,,,77.77,17.68,3.57,,,0.87,,,,,,,,,,,,,ICMR-NIN Indian Food Composition Tables (IFCT) 2017,Food Composition Data ICMR.pdf,61,"moisture/protein/ash/fat/energy in g or kJ per 100g edible portion (raw, except eggs); n_regions=5; energy_kJ=433",
O032,"Beef, liver",Animal Meat,,,,74.15,20.73,3.96,,,1.07,,,,,,,,,,,,,ICMR-NIN Indian Food Composition Tables (IFCT) 2017,Food Composition Data ICMR.pdf,61,"moisture/protein/ash/fat/energy in g or kJ per 100g edible portion (raw, except eggs); n_regions=6; energy_kJ=499",
O033,"Beef, tripe",Animal Meat,,,,83.74,13.1,2.51,,,0.55,,,,,,,,,,,,,ICMR-NIN Indian Food Composition Tables (IFCT) 2017,Food Composition Data ICMR.pdf,61,"moisture/protein/ash/fat/energy in g or kJ per 100g edible portion (raw, except eggs); n_regions=5; energy_kJ=316",
O034,"Beef, spleen",Animal Meat,,,,79.03,17.42,2.22,,,1.22,,,,,,,,,,,,,ICMR-NIN Indian Food Composition Tables (IFCT) 2017,Food Composition Data ICMR.pdf,61,"moisture/protein/ash/fat/energy in g or kJ per 100g edible portion (raw, except eggs); n_regions=6; energy_kJ=378",
O035,"Beef, kidneys",Animal Meat,,,,77.59,17.09,4.01,,,1.22,,,,,,,,,,,,,ICMR-NIN Indian Food Composition Tables (IFCT) 2017,Food Composition Data ICMR.pdf,61,"moisture/protein/ash/fat/energy in g or kJ per 100g edible portion (raw, except eggs); n_regions=3; energy_kJ=439",
O036,"Calf, shoulder",Animal Meat,,,,70.49,20.98,7.47,,,0.94,,,,,,,,,,,,,ICMR-NIN Indian Food Composition Tables (IFCT) 2017,Food Composition Data ICMR.pdf,61,"moisture/protein/ash/fat/energy in g or kJ per 100g edible portion (raw, except eggs); n_regions=2; energy_kJ=633",
O037,"Calf, chops",Animal Meat,,,,72.66,22.47,3.85,,,0.92,,,,,,,,,,,,,ICMR-NIN Indian Food Composition Tables (IFCT) 2017,Food Composition Data ICMR.pdf,61,"moisture/protein/ash/fat/energy in g or kJ per 100g edible portion (raw, except eggs); n_regions=2; energy_kJ=524",
O038,"Calf, round (leg)",Animal Meat,,,,71.13,21.1,6.92,,,0.74,,,,,,,,,,,,,ICMR-NIN Indian Food Composition Tables (IFCT) 2017,Food Composition Data ICMR.pdf,61,"moisture/protein/ash/fat/energy in g or kJ per 100g edible portion (raw, except eggs); n_regions=2; energy_kJ=615",
O039,"Calf, brain",Animal Meat,,,,81.19,9.84,7.6,,,1.26,,,,,,,,,,,,,ICMR-NIN Indian Food Composition Tables (IFCT) 2017,Food Composition Data ICMR.pdf,61,"moisture/protein/ash/fat/energy in g or kJ per 100g edible portion (raw, except eggs); n_regions=2; energy_kJ=448",
O040,"Calf, tongue",Animal Meat,,,,69.44,17.78,11.76,,,0.93,,,,,,,,,,,,,ICMR-NIN Indian Food Composition Tables (IFCT) 2017,Food Composition Data ICMR.pdf,61,"moisture/protein/ash/fat/energy in g or kJ per 100g edible portion (raw, except eggs); n_regions=2; energy_kJ=737",
O041,"Calf, heart",Animal Meat,,,,73.44,18.84,3.75,,,0.86,,,,,,,,,,,,,ICMR-NIN Indian Food Composition Tables (IFCT) 2017,Food Composition Data ICMR.pdf,61,"moisture/protein/ash/fat/energy in g or kJ per 100g edible portion (raw, except eggs); n_regions=1; energy_kJ=459",
O042,"Calf, liver",Animal Meat,,,,73.66,21.02,3.95,,,1.26,,,,,,,,,,,,,ICMR-NIN Indian Food Composition Tables (IFCT) 2017,Food Composition Data ICMR.pdf,61,"moisture/protein/ash/fat/energy in g or kJ per 100g edible portion (raw, except eggs); n_regions=1; energy_kJ=503",
O043,"Calf, spleen",Animal Meat,,,,78.65,17.71,2.12,,,1.41,,,,,,,,,,,,,ICMR-NIN Indian Food Composition Tables (IFCT) 2017,Food Composition Data ICMR.pdf,61,"moisture/protein/ash/fat/energy in g or kJ per 100g edible portion (raw, except eggs); n_regions=1; energy_kJ=379",
O044,"Calf, kidneys",Animal Meat,,,,80.23,15.16,3.5,,,1.02,,,,,,,,,,,,,ICMR-NIN Indian Food Composition Tables (IFCT) 2017,Food Composition Data ICMR.pdf,61,"moisture/protein/ash/fat/energy in g or kJ per 100g edible portion (raw, except eggs); n_regions=2; energy_kJ=387",
O045,"Mithun, shoulder",Animal Meat,,,,68.86,19.05,11.14,,,0.84,,,,,,,,,,,,,ICMR-NIN Indian Food Composition Tables (IFCT) 2017,Food Composition Data ICMR.pdf,61,"moisture/protein/ash/fat/energy in g or kJ per 100g edible portion (raw, except eggs); n_regions=1; energy_kJ=736",
O046,"Mithun, chops",Animal Meat,,,,73.81,18.19,6.12,,,0.79,,,,,,,,,,,,,ICMR-NIN Indian Food Composition Tables (IFCT) 2017,Food Composition Data ICMR.pdf,61,"moisture/protein/ash/fat/energy in g or kJ per 100g edible portion (raw, except eggs); n_regions=1; energy_kJ=536",
O047,"Mithun,  round (leg)",Animal Meat,,,,72.25,19.61,4.1,,,0.9,,,,,,,,,,,,,ICMR-NIN Indian Food Composition Tables (IFCT) 2017,Food Composition Data ICMR.pdf,61,"moisture/protein/ash/fat/energy in g or kJ per 100g edible portion (raw, except eggs); n_regions=1; energy_kJ=485",
O048,"Pork, shoulder",Animal Meat,,,,62.92,17.41,18.83,,,0.75,,,,,,,,,,,,,ICMR-NIN Indian Food Composition Tables (IFCT) 2017,Food Composition Data ICMR.pdf,61,"moisture/protein/ash/fat/energy in g or kJ per 100g edible portion (raw, except eggs); n_regions=6; energy_kJ=993",
O049,"Pork, chops",Animal Meat,,,,68.4,19.41,11.3,,,0.64,,,,,,,,,,,,,ICMR-NIN Indian Food Composition Tables (IFCT) 2017,Food Composition Data ICMR.pdf,61,"moisture/protein/ash/fat/energy in g or kJ per 100g edible portion (raw, except eggs); n_regions=6; energy_kJ=748",
O050,"Pork, ham",Animal Meat,,,,61.94,18.83,18.55,,,0.62,,,,,,,,,,,,,ICMR-NIN Indian Food Composition Tables (IFCT) 2017,Food Composition Data ICMR.pdf,62,"moisture/protein/ash/fat/energy in g or kJ per 100g edible portion (raw, except eggs); n_regions=6; energy_kJ=1006",
O051,"Pork, lungs",Animal Meat,,,,81.12,15.13,2.74,,,0.93,,,,,,,,,,,,,ICMR-NIN Indian Food Composition Tables (IFCT) 2017,Food Composition Data ICMR.pdf,62,"moisture/protein/ash/fat/energy in g or kJ per 100g edible portion (raw, except eggs); n_regions=4; energy_kJ=358",
O052,"Pork, heart",Animal Meat,,,,77.74,16.31,4.87,,,1.01,,,,,,,,,,,,,ICMR-NIN Indian Food Composition Tables (IFCT) 2017,Food Composition Data ICMR.pdf,62,"moisture/protein/ash/fat/energy in g or kJ per 100g edible portion (raw, except eggs); n_regions=4; energy_kJ=457",
O053,"Pork, liver",Animal Meat,,,,74.88,19.89,3.94,,,1.18,,,,,,,,,,,,,ICMR-NIN Indian Food Composition Tables (IFCT) 2017,Food Composition Data ICMR.pdf,62,"moisture/protein/ash/fat/energy in g or kJ per 100g edible portion (raw, except eggs); n_regions=5; energy_kJ=484",
O054,"Pork, stomach",Animal Meat,,,,76.51,15.36,7.81,,,0.23,,,,,,,,,,,,,ICMR-NIN Indian Food Composition Tables (IFCT) 2017,Food Composition Data ICMR.pdf,62,"moisture/protein/ash/fat/energy in g or kJ per 100g edible portion (raw, except eggs); n_regions=1; energy_kJ=550",
O055,"Pork, spleen",Animal Meat,,,,80.93,15.13,2.71,,,1.13,,,,,,,,,,,,,ICMR-NIN Indian Food Composition Tables (IFCT) 2017,Food Composition Data ICMR.pdf,62,"moisture/protein/ash/fat/energy in g or kJ per 100g edible portion (raw, except eggs); n_regions=3; energy_kJ=357",
O056,"Pork, kidneys",Animal Meat,,,,80.92,14.35,3.65,,,0.97,,,,,,,,,,,,,ICMR-NIN Indian Food Composition Tables (IFCT) 2017,Food Composition Data ICMR.pdf,62,"moisture/protein/ash/fat/energy in g or kJ per 100g edible portion (raw, except eggs); n_regions=5; energy_kJ=379",
O057,"Pork, tube (small intestine)",Animal Meat,,,,75.42,14.96,8.98,,,0.55,,,,,,,,,,,,,ICMR-NIN Indian Food Composition Tables (IFCT) 2017,Food Composition Data ICMR.pdf,62,"moisture/protein/ash/fat/energy in g or kJ per 100g edible portion (raw, except eggs); n_regions=1; energy_kJ=587",
O058,"Hare, shoulder",Animal Meat,,,,71.06,21.13,6.58,,,1.17,,,,,,,,,,,,,ICMR-NIN Indian Food Composition Tables (IFCT) 2017,Food Composition Data ICMR.pdf,62,"moisture/protein/ash/fat/energy in g or kJ per 100g edible portion (raw, except eggs); n_regions=1; energy_kJ=603",
O059,"Hare, chops",Animal Meat,,,,75.47,20.62,2.55,,,1.27,,,,,,,,,,,,,ICMR-NIN Indian Food Composition Tables (IFCT) 2017,Food Composition Data ICMR.pdf,62,"moisture/protein/ash/fat/energy in g or kJ per 100g edible portion (raw, except eggs); n_regions=1; energy_kJ=445",
O060,"Hare, leg",Animal Meat,,,,73.0,20.52,4.16,,,1.26,,,,,,,,,,,,,ICMR-NIN Indian Food Composition Tables (IFCT) 2017,Food Composition Data ICMR.pdf,62,"moisture/protein/ash/fat/energy in g or kJ per 100g edible portion (raw, except eggs); n_regions=1; energy_kJ=503",
O061,"Rabbit, shoulder",Animal Meat,,,,70.75,20.01,7.96,,,1.19,,,,,,,,,,,,,ICMR-NIN Indian Food Composition Tables (IFCT) 2017,Food Composition Data ICMR.pdf,62,"moisture/protein/ash/fat/energy in g or kJ per 100g edible portion (raw, except eggs); n_regions=1; energy_kJ=635",
O062,"Rabbit, chops",Animal Meat,,,,71.03,22.61,4.88,,,1.35,,,,,,,,,,,,,ICMR-NIN Indian Food Composition Tables (IFCT) 2017,Food Composition Data ICMR.pdf,62,"moisture/protein/ash/fat/energy in g or kJ per 100g edible portion (raw, except eggs); n_regions=1; energy_kJ=565",
O063,"Rabbit,  leg",Animal Meat,,,,70.33,21.31,5.99,,,1.26,,,,,,,,,,,,,ICMR-NIN Indian Food Composition Tables (IFCT) 2017,Food Composition Data ICMR.pdf,62,"moisture/protein/ash/fat/energy in g or kJ per 100g edible portion (raw, except eggs); n_regions=1; energy_kJ=584",
P001,Allathi (Elops machnata),Marine Fish,,,Elops machnata,75.91,21.77,0.98,,,1.06,,,,,,,,,,,,,ICMR-NIN Indian Food Composition Tables (IFCT) 2017,Food Composition Data ICMR.pdf,63,"moisture/protein/ash/fat/energy in g or kJ per 100g edible portion (raw, except eggs); n_regions=1; energy_kJ=406",
P002,Aluva  (Parastromateus niger),Marine Fish,,,Parastromateus niger,75.71,21.63,1.8,,,1.39,,,,,,,,,,,,,ICMR-NIN Indian Food Composition Tables (IFCT) 2017,Food Composition Data ICMR.pdf,63,"moisture/protein/ash/fat/energy in g or kJ per 100g edible portion (raw, except eggs); n_regions=3; energy_kJ=434",
P003,Anchovy (Stolephorus indicus),Marine Fish,,,Stolephorus indicus,77.77,19.88,0.78,,,1.62,,,,,,,,,,,,,ICMR-NIN Indian Food Composition Tables (IFCT) 2017,Food Composition Data ICMR.pdf,63,"moisture/protein/ash/fat/energy in g or kJ per 100g edible portion (raw, except eggs); n_regions=2; energy_kJ=367",
P004,Ari fish  (Aprion virescens ),Marine Fish,,,,77.09,22.01,1.11,,,1.34,,,,,,,,,,,,,ICMR-NIN Indian Food Composition Tables (IFCT) 2017,Food Composition Data ICMR.pdf,63,"moisture/protein/ash/fat/energy in g or kJ per 100g edible portion (raw, except eggs); n_regions=1; energy_kJ=415",
P005,Betki  (Lates calcarifer),Marine Fish,,,Lates calcarifer,82.52,15.28,0.29,,,1.12,,,,,,,,,,,,,ICMR-NIN Indian Food Composition Tables (IFCT) 2017,Food Composition Data ICMR.pdf,63,"moisture/protein/ash/fat/energy in g or kJ per 100g edible portion (raw, except eggs); n_regions=1; energy_kJ=284",
P006,Black snapper  (Macolor niger),Marine Fish,,,Macolor niger,78.09,19.5,1.24,,,1.19,,,,,,,,,,,,,ICMR-NIN Indian Food Composition Tables (IFCT) 2017,Food Composition Data ICMR.pdf,63,"moisture/protein/ash/fat/energy in g or kJ per 100g edible portion (raw, except eggs); n_regions=1; energy_kJ=377",
P007,Bombay duck (Harpadon nehereus),Marine Fish,,,Harpadon nehereus,83.24,13.53,1.03,,,1.07,,,,,,,,,,,,,ICMR-NIN Indian Food Composition Tables (IFCT) 2017,Food Composition Data ICMR.pdf,63,"moisture/protein/ash/fat/energy in g or kJ per 100g edible portion (raw, except eggs); n_regions=2; energy_kJ=287",
P008,Bommuralu  (Muraenesox cinerius),Marine Fish,,,Muraenesox cinerius,76.42,22.3,2.87,,,1.21,,,,,,,,,,,,,ICMR-NIN Indian Food Composition Tables (IFCT) 2017,Food Composition Data ICMR.pdf,63,"moisture/protein/ash/fat/energy in g or kJ per 100g edible portion (raw, except eggs); n_regions=3; energy_kJ=485",
P009,Cat fish  (Tachysurus thalassinus),Marine Fish,,,Tachysurus thalassinus,76.22,22.18,2.13,,,1.32,,,,,,,,,,,,,ICMR-NIN Indian Food Composition Tables (IFCT) 2017,Food Composition Data ICMR.pdf,63,"moisture/protein/ash/fat/energy in g or kJ per 100g edible portion (raw, except eggs); n_regions=1; energy_kJ=456",
P010,Chakla (Rachycentron canadum),Marine Fish,,,Rachycentron canadum,78.36,20.21,1.68,,,1.07,,,,,,,,,,,,,ICMR-NIN Indian Food Composition Tables (IFCT) 2017,Food Composition Data ICMR.pdf,63,"moisture/protein/ash/fat/energy in g or kJ per 100g edible portion (raw, except eggs); n_regions=5; energy_kJ=406",
P011,Chappal  (Aluterus monoceros ),Marine Fish,,,,80.61,17.17,0.67,,,1.23,,,,,,,,,,,,,ICMR-NIN Indian Food Composition Tables (IFCT) 2017,Food Composition Data ICMR.pdf,63,"moisture/protein/ash/fat/energy in g or kJ per 100g edible portion (raw, except eggs); n_regions=1; energy_kJ=317",
P012,Chelu (Elagatis bipinnulata),Marine Fish,,,Elagatis bipinnulata,76.36,20.02,0.7,,,1.28,,,,,,,,,,,,,ICMR-NIN Indian Food Composition Tables (IFCT) 2017,Food Composition Data ICMR.pdf,63,"moisture/protein/ash/fat/energy in g or kJ per 100g edible portion (raw, except eggs); n_regions=2; energy_kJ=366",
P013,Chembali  (Lutjanus quinquelineatus),Marine Fish,,,Lutjanus quinquelineatus,77.54,20.06,1.77,,,0.86,,,,,,,,,,,,,ICMR-NIN Indian Food Composition Tables (IFCT) 2017,Food Composition Data ICMR.pdf,63,"moisture/protein/ash/fat/energy in g or kJ per 100g edible portion (raw, except eggs); n_regions=1; energy_kJ=406",
P014,Eri meen  (Pristipomoides filamentosus),Marine Fish,,,Pristipomoides filamentosus,76.54,22.3,2.02,,,1.28,,,,,,,,,,,,,ICMR-NIN Indian Food Composition Tables (IFCT) 2017,Food Composition Data ICMR.pdf,63,"moisture/protein/ash/fat/energy in g or kJ per 100g edible portion (raw, except eggs); n_regions=1; energy_kJ=454",
P015,Gobro  (Epinephelus diacanthus),Marine Fish,,,Epinephelus diacanthus,78.84,19.37,0.88,,,0.98,,,,,,,,,,,,,ICMR-NIN Indian Food Composition Tables (IFCT) 2017,Food Composition Data ICMR.pdf,63,"moisture/protein/ash/fat/energy in g or kJ per 100g edible portion (raw, except eggs); n_regions=2; energy_kJ=362",
P016,Guitar fish (Rhinobatus prahli),Marine Fish,,,Rhinobatus prahli,75.73,22.56,0.44,,,1.32,,,,,,,,,,,,,ICMR-NIN Indian Food Composition Tables (IFCT) 2017,Food Composition Data ICMR.pdf,63,"moisture/protein/ash/fat/energy in g or kJ per 100g edible portion (raw, except eggs); n_regions=1; energy_kJ=400",
P017,Hilsa  (Tenualosa ilisha),Marine Fish,,,Tenualosa ilisha,60.09,21.8,18.49,,,1.11,,,,,,,,,,,,,ICMR-NIN Indian Food Composition Tables (IFCT) 2017,Food Composition Data ICMR.pdf,63,"moisture/protein/ash/fat/energy in g or kJ per 100g edible portion (raw, except eggs); n_regions=2; energy_kJ=1083",
P018,Jallal  (Arius sp.),Marine Fish,,,Arius sp.,77.5,21.55,1.46,,,1.17,,,,,,,,,,,,,ICMR-NIN Indian Food Composition Tables (IFCT) 2017,Food Composition Data ICMR.pdf,63,"moisture/protein/ash/fat/energy in g or kJ per 100g edible portion (raw, except eggs); n_regions=1; energy_kJ=420",
P019,Jathi vela meen  (Lethrinus lentjan),Marine Fish,,,Lethrinus lentjan,75.66,22.45,1.92,,,1.26,,,,,,,,,,,,,ICMR-NIN Indian Food Composition Tables (IFCT) 2017,Food Composition Data ICMR.pdf,63,"moisture/protein/ash/fat/energy in g or kJ per 100g edible portion (raw, except eggs); n_regions=2; energy_kJ=453",
P020,Kadal bral  (Synodus indicus),Marine Fish,,,Synodus indicus,79.66,18.72,1.34,,,1.27,,,,,,,,,,,,,ICMR-NIN Indian Food Composition Tables (IFCT) 2017,Food Composition Data ICMR.pdf,63,"moisture/protein/ash/fat/energy in g or kJ per 100g edible portion (raw, except eggs); n_regions=1; energy_kJ=368",
P021,Kadali (Nemipterus mesoprion),Marine Fish,,,Nemipterus mesoprion,73.74,22.07,4.2,,,1.06,,,,,,,,,,,,,ICMR-NIN Indian Food Composition Tables (IFCT) 2017,Food Composition Data ICMR.pdf,63,"moisture/protein/ash/fat/energy in g or kJ per 100g edible portion (raw, except eggs); n_regions=1; energy_kJ=530",
P022,Kalamaara  (Leptomelanosoma indicum),Marine Fish,,,Leptomelanosoma indicum,75.5,20.89,4.54,,,1.08,,,,,,,,,,,,,ICMR-NIN Indian Food Composition Tables (IFCT) 2017,Food Composition Data ICMR.pdf,64,"moisture/protein/ash/fat/energy in g or kJ per 100g edible portion (raw, except eggs); n_regions=2; energy_kJ=523",
P023,Kalava  (Epinephelus coioides),Marine Fish,,,Epinephelus coioides,80.02,19.38,1.2,,,1.34,,,,,,,,,,,,,ICMR-NIN Indian Food Composition Tables (IFCT) 2017,Food Composition Data ICMR.pdf,64,"moisture/protein/ash/fat/energy in g or kJ per 100g edible portion (raw, except eggs); n_regions=1; energy_kJ=374",
P024,Kanamayya  (Lutjanus rivulatus),Marine Fish,,,Lutjanus rivulatus,77.59,20.19,0.65,,,1.07,,,,,,,,,,,,,ICMR-NIN Indian Food Composition Tables (IFCT) 2017,Food Composition Data ICMR.pdf,64,"moisture/protein/ash/fat/energy in g or kJ per 100g edible portion (raw, except eggs); n_regions=2; energy_kJ=367",
P025,Kannadi paarai  (Alectis indicus),Marine Fish,,,Alectis indicus,76.25,22.09,1.27,,,1.28,,,,,,,,,,,,,ICMR-NIN Indian Food Composition Tables (IFCT) 2017,Food Composition Data ICMR.pdf,64,"moisture/protein/ash/fat/energy in g or kJ per 100g edible portion (raw, except eggs); n_regions=3; energy_kJ=423",
P026,Karimeen  (Etroplus suratensis),Marine Fish,,,Etroplus suratensis,78.66,19.68,1.38,,,0.97,,,,,,,,,,,,,ICMR-NIN Indian Food Composition Tables (IFCT) 2017,Food Composition Data ICMR.pdf,64,"moisture/protein/ash/fat/energy in g or kJ per 100g edible portion (raw, except eggs); n_regions=1; energy_kJ=386",
P027,Karnagawala  (Anchoa hepsetus),Marine Fish,,,Anchoa hepsetus,79.22,19.52,0.84,,,1.45,,,,,,,,,,,,,ICMR-NIN Indian Food Composition Tables (IFCT) 2017,Food Composition Data ICMR.pdf,64,"moisture/protein/ash/fat/energy in g or kJ per 100g edible portion (raw, except eggs); n_regions=1; energy_kJ=363",
P028,Kayrai  (Thunnus albacores),Marine Fish,,,Thunnus albacores,72.69,20.15,3.0,,,1.28,,,,,,,,,,,,,ICMR-NIN Indian Food Composition Tables (IFCT) 2017,Food Composition Data ICMR.pdf,64,"moisture/protein/ash/fat/energy in g or kJ per 100g edible portion (raw, except eggs); n_regions=2; energy_kJ=454",
P029,Kiriyan  (Atule mate),Marine Fish,,,Atule mate,72.39,22.49,4.7,,,0.94,,,,,,,,,,,,,ICMR-NIN Indian Food Composition Tables (IFCT) 2017,Food Composition Data ICMR.pdf,64,"moisture/protein/ash/fat/energy in g or kJ per 100g edible portion (raw, except eggs); n_regions=1; energy_kJ=556",
P030,Kite fish  (Mobula kuhlii),Marine Fish,,,Mobula kuhlii,77.61,23.07,0.56,,,1.5,,,,,,,,,,,,,ICMR-NIN Indian Food Composition Tables (IFCT) 2017,Food Composition Data ICMR.pdf,64,"moisture/protein/ash/fat/energy in g or kJ per 100g edible portion (raw, except eggs); n_regions=1; energy_kJ=413",
P031,Korka  (Terapon jarbua),Marine Fish,,,Terapon jarbua,72.25,23.72,3.36,,,1.09,,,,,,,,,,,,,ICMR-NIN Indian Food Composition Tables (IFCT) 2017,Food Composition Data ICMR.pdf,64,"moisture/protein/ash/fat/energy in g or kJ per 100g edible portion (raw, except eggs); n_regions=1; energy_kJ=528",
P032,Kulam paarai (Carangoides fulvoguttatus),Marine Fish,,,Carangoides fulvoguttatus,73.44,21.62,3.6,,,1.25,,,,,,,,,,,,,ICMR-NIN Indian Food Composition Tables (IFCT) 2017,Food Composition Data ICMR.pdf,64,"moisture/protein/ash/fat/energy in g or kJ per 100g edible portion (raw, except eggs); n_regions=1; energy_kJ=501",
P033,Maagaa  (Polynemus plebeius),Marine Fish,,,Polynemus plebeius,79.23,20.11,0.67,,,1.01,,,,,,,,,,,,,ICMR-NIN Indian Food Composition Tables (IFCT) 2017,Food Composition Data ICMR.pdf,64,"moisture/protein/ash/fat/energy in g or kJ per 100g edible portion (raw, except eggs); n_regions=1; energy_kJ=366",
P034,Mackerel  (Rastrelliger kanagurta),Marine Fish,,,Rastrelliger kanagurta,74.55,21.51,1.53,,,1.2,,,,,,,,,,,,,ICMR-NIN Indian Food Composition Tables (IFCT) 2017,Food Composition Data ICMR.pdf,64,"moisture/protein/ash/fat/energy in g or kJ per 100g edible portion (raw, except eggs); n_regions=3; energy_kJ=423",
P035,Manda clathi  (Naso reticulatus),Marine Fish,,,Naso reticulatus,76.32,21.27,1.0,,,1.48,,,,,,,,,,,,,ICMR-NIN Indian Food Composition Tables (IFCT) 2017,Food Composition Data ICMR.pdf,64,"moisture/protein/ash/fat/energy in g or kJ per 100g edible portion (raw, except eggs); n_regions=1; energy_kJ=398",
P036,Matha  (Acanthurus mata),Marine Fish,,,Acanthurus mata,79.81,21.17,0.79,,,1.35,,,,,,,,,,,,,ICMR-NIN Indian Food Composition Tables (IFCT) 2017,Food Composition Data ICMR.pdf,64,"moisture/protein/ash/fat/energy in g or kJ per 100g edible portion (raw, except eggs); n_regions=2; energy_kJ=389",
P037,Milk fish  (Chanos chanos),Marine Fish,,,Chanos chanos,72.22,23.66,1.09,,,1.12,,,,,,,,,,,,,ICMR-NIN Indian Food Composition Tables (IFCT) 2017,Food Composition Data ICMR.pdf,64,"moisture/protein/ash/fat/energy in g or kJ per 100g edible portion (raw, except eggs); n_regions=1; energy_kJ=442",
P038,Moon fish  (Mene maculata),Marine Fish,,,Mene maculata,74.21,20.74,4.69,,,1.69,,,,,,,,,,,,,ICMR-NIN Indian Food Composition Tables (IFCT) 2017,Food Composition Data ICMR.pdf,64,"moisture/protein/ash/fat/energy in g or kJ per 100g edible portion (raw, except eggs); n_regions=1; energy_kJ=526",
P039,Mullet  (Mugil cephalus),Marine Fish,,,Mugil cephalus,76.12,20.23,1.32,,,1.16,,,,,,,,,,,,,ICMR-NIN Indian Food Composition Tables (IFCT) 2017,Food Composition Data ICMR.pdf,64,"moisture/protein/ash/fat/energy in g or kJ per 100g edible portion (raw, except eggs); n_regions=3; energy_kJ=393",
P040,Mural (Tylosurus  crocodilus),Marine Fish,,,Tylosurus  crocodilus,78.96,19.04,0.58,,,1.11,,,,,,,,,,,,,ICMR-NIN Indian Food Composition Tables (IFCT) 2017,Food Composition Data ICMR.pdf,64,"moisture/protein/ash/fat/energy in g or kJ per 100g edible portion (raw, except eggs); n_regions=1; energy_kJ=345",
P041,Myil meen  (Istiophorus platypterus),Marine Fish,,,Istiophorus platypterus,75.57,22.89,0.56,,,1.21,,,,,,,,,,,,,ICMR-NIN Indian Food Composition Tables (IFCT) 2017,Food Composition Data ICMR.pdf,64,"moisture/protein/ash/fat/energy in g or kJ per 100g edible portion (raw, except eggs); n_regions=2; energy_kJ=410",
P042,Nalla bontha  (Epinephelus sp.),Marine Fish,,,Epinephelus sp.,79.32,19.82,0.72,,,1.0,,,,,,,,,,,,,ICMR-NIN Indian Food Composition Tables (IFCT) 2017,Food Composition Data ICMR.pdf,64,"moisture/protein/ash/fat/energy in g or kJ per 100g edible portion (raw, except eggs); n_regions=1; energy_kJ=364",
P043,Narba  (Caranx sexfasciatus),Marine Fish,,,Caranx sexfasciatus,76.37,21.95,1.6,,,1.17,,,,,,,,,,,,,ICMR-NIN Indian Food Composition Tables (IFCT) 2017,Food Composition Data ICMR.pdf,64,"moisture/protein/ash/fat/energy in g or kJ per 100g edible portion (raw, except eggs); n_regions=2; energy_kJ=432",
P044,Paarai  (Caranx heberi),Marine Fish,,,Caranx heberi,75.77,21.58,1.84,,,1.21,,,,,,,,,,,,,ICMR-NIN Indian Food Composition Tables (IFCT) 2017,Food Composition Data ICMR.pdf,65,"moisture/protein/ash/fat/energy in g or kJ per 100g edible portion (raw, except eggs); n_regions=1; energy_kJ=435",
P045,Padayappa  (Canthidermis maculata),Marine Fish,,,Canthidermis maculata,79.18,19.7,0.69,,,1.26,,,,,,,,,,,,,ICMR-NIN Indian Food Composition Tables (IFCT) 2017,Food Composition Data ICMR.pdf,65,"moisture/protein/ash/fat/energy in g or kJ per 100g edible portion (raw, except eggs); n_regions=1; energy_kJ=360",
P046,Pali kora  (Panna microdon),Marine Fish,,,Panna microdon,78.63,19.25,1.81,,,1.0,,,,,,,,,,,,,ICMR-NIN Indian Food Composition Tables (IFCT) 2017,Food Composition Data ICMR.pdf,65,"moisture/protein/ash/fat/energy in g or kJ per 100g edible portion (raw, except eggs); n_regions=1; energy_kJ=394",
P047,Pambada  (Lepturacanthus savala),Marine Fish,,,Lepturacanthus savala,74.67,21.95,4.44,,,1.41,,,,,,,,,,,,,ICMR-NIN Indian Food Composition Tables (IFCT) 2017,Food Composition Data ICMR.pdf,65,"moisture/protein/ash/fat/energy in g or kJ per 100g edible portion (raw, except eggs); n_regions=2; energy_kJ=537",
P048,Pandukopa (Pseudosciaena manchurica),Marine Fish,,,Pseudosciaena manchurica,77.46,19.73,0.65,,,1.15,,,,,,,,,,,,,ICMR-NIN Indian Food Composition Tables (IFCT) 2017,Food Composition Data ICMR.pdf,65,"moisture/protein/ash/fat/energy in g or kJ per 100g edible portion (raw, except eggs); n_regions=1; energy_kJ=360",
P049,Parava (Lactarius lactarius),Marine Fish,,,Lactarius lactarius,77.19,21.5,2.74,,,1.08,,,,,,,,,,,,,ICMR-NIN Indian Food Composition Tables (IFCT) 2017,Food Composition Data ICMR.pdf,65,"moisture/protein/ash/fat/energy in g or kJ per 100g edible portion (raw, except eggs); n_regions=1; energy_kJ=467",
P050,Parcus  (Psettodes erumei),Marine Fish,,,Psettodes erumei,79.01,19.87,0.62,,,1.12,,,,,,,,,,,,,ICMR-NIN Indian Food Composition Tables (IFCT) 2017,Food Composition Data ICMR.pdf,65,"moisture/protein/ash/fat/energy in g or kJ per 100g edible portion (raw, except eggs); n_regions=1; energy_kJ=361",
P051,Parrot fish  (Scarus ghobban),Marine Fish,,,Scarus ghobban,76.84,20.82,0.57,,,1.4,,,,,,,,,,,,,ICMR-NIN Indian Food Composition Tables (IFCT) 2017,Food Composition Data ICMR.pdf,65,"moisture/protein/ash/fat/energy in g or kJ per 100g edible portion (raw, except eggs); n_regions=1; energy_kJ=375",
P052,Perinkilichai (Pinjalo pinjalo),Marine Fish,,,Pinjalo pinjalo,78.33,20.89,0.87,,,1.02,,,,,,,,,,,,,ICMR-NIN Indian Food Composition Tables (IFCT) 2017,Food Composition Data ICMR.pdf,65,"moisture/protein/ash/fat/energy in g or kJ per 100g edible portion (raw, except eggs); n_regions=1; energy_kJ=387",
P053,Phopat  (Coryphaena hippurus),Marine Fish,,,Coryphaena hippurus,76.42,22.05,1.33,,,1.24,,,,,,,,,,,,,ICMR-NIN Indian Food Composition Tables (IFCT) 2017,Food Composition Data ICMR.pdf,65,"moisture/protein/ash/fat/energy in g or kJ per 100g edible portion (raw, except eggs); n_regions=4; energy_kJ=424",
P054,Piranha  (Pygopritis sp.),Marine Fish,,,Pygopritis sp.,76.15,20.46,5.43,,,0.93,,,,,,,,,,,,,ICMR-NIN Indian Food Composition Tables (IFCT) 2017,Food Composition Data ICMR.pdf,65,"moisture/protein/ash/fat/energy in g or kJ per 100g edible portion (raw, except eggs); n_regions=1; energy_kJ=549",
P055,"Pomfret, black  (Parastromateus niger)",Marine Fish,,,Parastromateus niger,74.43,18.91,4.83,,,0.97,,,,,,,,,,,,,ICMR-NIN Indian Food Composition Tables (IFCT) 2017,Food Composition Data ICMR.pdf,65,"moisture/protein/ash/fat/energy in g or kJ per 100g edible portion (raw, except eggs); n_regions=1; energy_kJ=515",
P056,"Pomfret, snub nose  (Trachinotus blochii)",Marine Fish,,,Trachinotus blochii,77.81,21.05,0.46,,,1.29,,,,,,,,,,,,,ICMR-NIN Indian Food Composition Tables (IFCT) 2017,Food Composition Data ICMR.pdf,65,"moisture/protein/ash/fat/energy in g or kJ per 100g edible portion (raw, except eggs); n_regions=2; energy_kJ=375",
P057,"Pomfret, white (Pampus argenteus)",Marine Fish,,,Pampus argenteus,75.91,19.02,5.12,,,1.01,,,,,,,,,,,,,ICMR-NIN Indian Food Composition Tables (IFCT) 2017,Food Composition Data ICMR.pdf,65,"moisture/protein/ash/fat/energy in g or kJ per 100g edible portion (raw, except eggs); n_regions=2; energy_kJ=513",
P058,Pranel  (Gerres sp.),Marine Fish,,,Gerres sp.,79.54,19.69,1.89,,,0.76,,,,,,,,,,,,,ICMR-NIN Indian Food Composition Tables (IFCT) 2017,Food Composition Data ICMR.pdf,65,"moisture/protein/ash/fat/energy in g or kJ per 100g edible portion (raw, except eggs); n_regions=1; energy_kJ=405",
P059,Pulli paarai  (Gnathanodon speciosus),Marine Fish,,,Gnathanodon speciosus,75.99,20.06,1.55,,,1.19,,,,,,,,,,,,,ICMR-NIN Indian Food Composition Tables (IFCT) 2017,Food Composition Data ICMR.pdf,65,"moisture/protein/ash/fat/energy in g or kJ per 100g edible portion (raw, except eggs); n_regions=1; energy_kJ=399",
P060,Queen fish  (Scomberoides commersonianus),Marine Fish,,,Scomberoides commersonianus,76.63,20.97,1.17,,,1.22,,,,,,,,,,,,,ICMR-NIN Indian Food Composition Tables (IFCT) 2017,Food Composition Data ICMR.pdf,65,"moisture/protein/ash/fat/energy in g or kJ per 100g edible portion (raw, except eggs); n_regions=3; energy_kJ=400",
P061,Raai fish  (Lobotes surinamensis),Marine Fish,,,Lobotes surinamensis,77.14,21.61,1.69,,,1.11,,,,,,,,,,,,,ICMR-NIN Indian Food Composition Tables (IFCT) 2017,Food Composition Data ICMR.pdf,65,"moisture/protein/ash/fat/energy in g or kJ per 100g edible portion (raw, except eggs); n_regions=2; energy_kJ=430",
P062,Raai vanthu  (Epinephelus chlorostigma),Marine Fish,,,Epinephelus chlorostigma,79.95,19.39,2.17,,,0.92,,,,,,,,,,,,,ICMR-NIN Indian Food Composition Tables (IFCT) 2017,Food Composition Data ICMR.pdf,65,"moisture/protein/ash/fat/energy in g or kJ per 100g edible portion (raw, except eggs); n_regions=1; energy_kJ=410",
P063,Rani (Pink perch),Marine Fish,,,Pink perch,78.55,18.83,1.49,,,1.01,,,,,,,,,,,,,ICMR-NIN Indian Food Composition Tables (IFCT) 2017,Food Composition Data ICMR.pdf,65,"moisture/protein/ash/fat/energy in g or kJ per 100g edible portion (raw, except eggs); n_regions=1; energy_kJ=377",
P064,"Ray fish, bow head, spotted  (Rhina ancylostoma)",Marine Fish,,,Rhina ancylostoma,80.3,19.03,0.7,,,1.15,,,,,,,,,,,,,ICMR-NIN Indian Food Composition Tables (IFCT) 2017,Food Composition Data ICMR.pdf,65,"moisture/protein/ash/fat/energy in g or kJ per 100g edible portion (raw, except eggs); n_regions=1; energy_kJ=349",
P065,Red snapper  (Lutjanus argentimaculatus),Marine Fish,,,Lutjanus argentimaculatus,76.28,22.79,1.34,,,1.26,,,,,,,,,,,,,ICMR-NIN Indian Food Composition Tables (IFCT) 2017,Food Composition Data ICMR.pdf,65,"moisture/protein/ash/fat/energy in g or kJ per 100g edible portion (raw, except eggs); n_regions=1; energy_kJ=437",
P066,"Red snapper, small  (Priacanthus hamrur)",Marine Fish,,,Priacanthus hamrur,76.31,21.5,2.3,,,1.1,,,,,,,,,,,,,ICMR-NIN Indian Food Composition Tables (IFCT) 2017,Food Composition Data ICMR.pdf,66,"moisture/protein/ash/fat/energy in g or kJ per 100g edible portion (raw, except eggs); n_regions=1; energy_kJ=451",
P067,Sadaya  (Platax orbicularis ),Marine Fish,,,,75.53,20.68,2.97,,,1.32,,,,,,,,,,,,,ICMR-NIN Indian Food Composition Tables (IFCT) 2017,Food Composition Data ICMR.pdf,66,"moisture/protein/ash/fat/energy in g or kJ per 100g edible portion (raw, except eggs); n_regions=1; energy_kJ=462",
P068,Salmon  (Salmo salar),Marine Fish,,,Salmo salar,67.84,20.97,9.86,,,1.13,,,,,,,,,,,,,ICMR-NIN Indian Food Composition Tables (IFCT) 2017,Food Composition Data ICMR.pdf,66,"moisture/protein/ash/fat/energy in g or kJ per 100g edible portion (raw, except eggs); n_regions=1; energy_kJ=721",
P069,Sangada  (Nemipterus japanicus),Marine Fish,,,Nemipterus japanicus,78.51,20.26,2.67,,,1.26,,,,,,,,,,,,,ICMR-NIN Indian Food Composition Tables (IFCT) 2017,Food Composition Data ICMR.pdf,66,"moisture/protein/ash/fat/energy in g or kJ per 100g edible portion (raw, except eggs); n_regions=1; energy_kJ=443",
P070,Sankata paarai  (Caranx ignobilis),Marine Fish,,,Caranx ignobilis,74.88,21.87,1.68,,,1.18,,,,,,,,,,,,,ICMR-NIN Indian Food Composition Tables (IFCT) 2017,Food Composition Data ICMR.pdf,66,"moisture/protein/ash/fat/energy in g or kJ per 100g edible portion (raw, except eggs); n_regions=1; energy_kJ=434",
P071,Sardine  (Sardinella longiceps),Marine Fish,,,Sardinella longiceps,72.29,17.91,8.99,,,0.84,,,,,,,,,,,,,ICMR-NIN Indian Food Composition Tables (IFCT) 2017,Food Composition Data ICMR.pdf,66,"moisture/protein/ash/fat/energy in g or kJ per 100g edible portion (raw, except eggs); n_regions=1; energy_kJ=637",
P072,Shark  (Carcharhinus sorrah),Marine Fish,,,Carcharhinus sorrah,72.82,21.6,0.83,,,1.08,,,,,,,,,,,,,ICMR-NIN Indian Food Composition Tables (IFCT) 2017,Food Composition Data ICMR.pdf,66,"moisture/protein/ash/fat/energy in g or kJ per 100g edible portion (raw, except eggs); n_regions=2; energy_kJ=398",
P073,"Shark, hammer head  (Sphyrna mokarran)",Marine Fish,,,Sphyrna mokarran,74.61,23.4,0.8,,,0.92,,,,,,,,,,,,,ICMR-NIN Indian Food Composition Tables (IFCT) 2017,Food Composition Data ICMR.pdf,66,"moisture/protein/ash/fat/energy in g or kJ per 100g edible portion (raw, except eggs); n_regions=1; energy_kJ=432",
P074,"Shark, spotted  (Stegostoma fasciatum)",Marine Fish,,,Stegostoma fasciatum,78.83,20.95,0.75,,,1.04,,,,,,,,,,,,,ICMR-NIN Indian Food Composition Tables (IFCT) 2017,Food Composition Data ICMR.pdf,66,"moisture/protein/ash/fat/energy in g or kJ per 100g edible portion (raw, except eggs); n_regions=1; energy_kJ=384",
P075,Shelavu  (Sphyraena jello),Marine Fish,,,Sphyraena jello,74.6,22.46,1.74,,,1.26,,,,,,,,,,,,,ICMR-NIN Indian Food Composition Tables (IFCT) 2017,Food Composition Data ICMR.pdf,66,"moisture/protein/ash/fat/energy in g or kJ per 100g edible portion (raw, except eggs); n_regions=4; energy_kJ=446",
P076,Silan  (Silonia silondia),Marine Fish,,,Silonia silondia,70.12,22.72,6.68,,,0.77,,,,,,,,,,,,,ICMR-NIN Indian Food Composition Tables (IFCT) 2017,Food Composition Data ICMR.pdf,66,"moisture/protein/ash/fat/energy in g or kJ per 100g edible portion (raw, except eggs); n_regions=1; energy_kJ=633",
P077,Silk fish  (Beryx sp.),Marine Fish,,,Beryx sp.,77.61,20.65,1.53,,,1.05,,,,,,,,,,,,,ICMR-NIN Indian Food Composition Tables (IFCT) 2017,Food Composition Data ICMR.pdf,66,"moisture/protein/ash/fat/energy in g or kJ per 100g edible portion (raw, except eggs); n_regions=1; energy_kJ=408",
P078,Silver carp  (Hypophthalmichthys molitrix),Marine Fish,,,Hypophthalmichthys molitrix,72.47,21.71,5.17,,,0.95,,,,,,,,,,,,,ICMR-NIN Indian Food Composition Tables (IFCT) 2017,Food Composition Data ICMR.pdf,66,"moisture/protein/ash/fat/energy in g or kJ per 100g edible portion (raw, except eggs); n_regions=1; energy_kJ=555",
P079,Sole fish  (Cynoglossus arel),Marine Fish,,,Cynoglossus arel,80.18,19.05,1.18,,,1.06,,,,,,,,,,,,,ICMR-NIN Indian Food Composition Tables (IFCT) 2017,Food Composition Data ICMR.pdf,66,"moisture/protein/ash/fat/energy in g or kJ per 100g edible portion (raw, except eggs); n_regions=1; energy_kJ=367",
P080,Stingray (Dasyatis pastinaca),Marine Fish,,,Dasyatis pastinaca,75.67,23.98,0.68,,,1.14,,,,,,,,,,,,,ICMR-NIN Indian Food Composition Tables (IFCT) 2017,Food Composition Data ICMR.pdf,66,"moisture/protein/ash/fat/energy in g or kJ per 100g edible portion (raw, except eggs); n_regions=1; energy_kJ=408",
P081,Tarlava  (Drepane punctata),Marine Fish,,,Drepane punctata,76.76,21.72,1.2,,,1.14,,,,,,,,,,,,,ICMR-NIN Indian Food Composition Tables (IFCT) 2017,Food Composition Data ICMR.pdf,66,"moisture/protein/ash/fat/energy in g or kJ per 100g edible portion (raw, except eggs); n_regions=2; energy_kJ=414",
P082,Tholam  (Plectorhinchus schotaf),Marine Fish,,,Plectorhinchus schotaf,76.2,20.78,2.13,,,1.06,,,,,,,,,,,,,ICMR-NIN Indian Food Composition Tables (IFCT) 2017,Food Composition Data ICMR.pdf,66,"moisture/protein/ash/fat/energy in g or kJ per 100g edible portion (raw, except eggs); n_regions=2; energy_kJ=432",
P083,Tilapia  (Oreochromis niloticus),Marine Fish,,,Oreochromis niloticus,79.57,18.48,1.08,,,1.18,,,,,,,,,,,,,ICMR-NIN Indian Food Composition Tables (IFCT) 2017,Food Composition Data ICMR.pdf,66,"moisture/protein/ash/fat/energy in g or kJ per 100g edible portion (raw, except eggs); n_regions=1; energy_kJ=349",
P084,Tuna  (Euthynnus affinis),Marine Fish,,,Euthynnus affinis,72.12,24.5,1.44,,,1.11,,,,,,,,,,,,,ICMR-NIN Indian Food Composition Tables (IFCT) 2017,Food Composition Data ICMR.pdf,66,"moisture/protein/ash/fat/energy in g or kJ per 100g edible portion (raw, except eggs); n_regions=5; energy_kJ=470",
P085,"Tuna, striped  (Katsuwonus pelamis)",Marine Fish,,,Katsuwonus pelamis,77.76,21.28,1.12,,,0.87,,,,,,,,,,,,,ICMR-NIN Indian Food Composition Tables (IFCT) 2017,Food Composition Data ICMR.pdf,66,"moisture/protein/ash/fat/energy in g or kJ per 100g edible portion (raw, except eggs); n_regions=1; energy_kJ=403",
P086,Valava (Chirocentrus nudus),Marine Fish,,,Chirocentrus nudus,77.25,21.8,1.06,,,1.27,,,,,,,,,,,,,ICMR-NIN Indian Food Composition Tables (IFCT) 2017,Food Composition Data ICMR.pdf,66,"moisture/protein/ash/fat/energy in g or kJ per 100g edible portion (raw, except eggs); n_regions=1; energy_kJ=410",
P087,Vanjaram  (Scomberomorus commerson),Marine Fish,,,Scomberomorus commerson,72.3,22.28,5.18,,,1.33,,,,,,,,,,,,,ICMR-NIN Indian Food Composition Tables (IFCT) 2017,Food Composition Data ICMR.pdf,66,"moisture/protein/ash/fat/energy in g or kJ per 100g edible portion (raw, except eggs); n_regions=2; energy_kJ=570",
P088,Vela meen (Aprion virescens),Marine Fish,,,Aprion virescens,71.82,22.16,4.34,,,1.34,,,,,,,,,,,,,ICMR-NIN Indian Food Composition Tables (IFCT) 2017,Food Composition Data ICMR.pdf,67,"moisture/protein/ash/fat/energy in g or kJ per 100g edible portion (raw, except eggs); n_regions=1; energy_kJ=537",
P089,Vora  (Siganus javus),Marine Fish,,,Siganus javus,76.94,20.14,2.14,,,1.26,,,,,,,,,,,,,ICMR-NIN Indian Food Composition Tables (IFCT) 2017,Food Composition Data ICMR.pdf,67,"moisture/protein/ash/fat/energy in g or kJ per 100g edible portion (raw, except eggs); n_regions=2; energy_kJ=422",
P090,Whale shark  (Galeocerdo cuvier),Marine Fish,,,Galeocerdo cuvier,77.59,21.83,0.82,,,1.48,,,,,,,,,,,,,ICMR-NIN Indian Food Composition Tables (IFCT) 2017,Food Composition Data ICMR.pdf,67,"moisture/protein/ash/fat/energy in g or kJ per 100g edible portion (raw, except eggs); n_regions=1; energy_kJ=401",
P091,Xiphinis  (Xiphias gladius),Marine Fish,,,Xiphias gladius,79.22,19.82,0.88,,,1.15,,,,,,,,,,,,,ICMR-NIN Indian Food Composition Tables (IFCT) 2017,Food Composition Data ICMR.pdf,67,"moisture/protein/ash/fat/energy in g or kJ per 100g edible portion (raw, except eggs); n_regions=1; energy_kJ=370",
P092,"Z.Eggs, Cat fish (Ompok bimaculatus)",Marine Fish,,,Ompok bimaculatus,69.34,24.68,5.28,,,1.57,,,,,,,,,,,,,ICMR-NIN Indian Food Composition Tables (IFCT) 2017,Food Composition Data ICMR.pdf,67,"moisture/protein/ash/fat/energy in g or kJ per 100g edible portion (raw, except eggs); n_regions=1; energy_kJ=600",
Q001,Crab (Menippe mercenaria),Marine Shellfish,,,Menippe mercenaria,79.77,10.23,1.41,,,1.74,,,,,,,,,,,,,ICMR-NIN Indian Food Composition Tables (IFCT) 2017,Food Composition Data ICMR.pdf,67,"moisture/protein/ash/fat/energy in g or kJ per 100g edible portion (raw, except eggs); n_regions=1; energy_kJ=343",
Q002,"Crab, sea  (Portunus sanguinolentus)",Marine Shellfish,,,Portunus sanguinolentus,79.67,15.36,0.6,,,0.92,,,,,,,,,,,,,ICMR-NIN Indian Food Composition Tables (IFCT) 2017,Food Composition Data ICMR.pdf,67,"moisture/protein/ash/fat/energy in g or kJ per 100g edible portion (raw, except eggs); n_regions=1; energy_kJ=283",
Q003,"Lobster, brown  (Thenus orientalis)",Marine Shellfish,,,Thenus orientalis,81.48,15.96,0.56,,,1.29,,,,,,,,,,,,,ICMR-NIN Indian Food Composition Tables (IFCT) 2017,Food Composition Data ICMR.pdf,67,"moisture/protein/ash/fat/energy in g or kJ per 100g edible portion (raw, except eggs); n_regions=1; energy_kJ=292",
Q004,"Lobster, king size  (Thenus orientalis)",Marine Shellfish,,,Thenus orientalis,77.77,18.54,0.78,,,1.08,,,,,,,,,,,,,ICMR-NIN Indian Food Composition Tables (IFCT) 2017,Food Composition Data ICMR.pdf,67,"moisture/protein/ash/fat/energy in g or kJ per 100g edible portion (raw, except eggs); n_regions=1; energy_kJ=375",
Q005,Mud crab  (Scylla tranquebarica),Marine Shellfish,,,Scylla tranquebarica,83.1,10.0,0.55,,,2.6,,,,,,,,,,,,,ICMR-NIN Indian Food Composition Tables (IFCT) 2017,Food Composition Data ICMR.pdf,67,"moisture/protein/ash/fat/energy in g or kJ per 100g edible portion (raw, except eggs); n_regions=1; energy_kJ=190",
Q006,Oyster (Crassostrea sp.),Marine Shellfish,,,Crassostrea sp.,82.5,9.51,2.44,,,2.47,,,,,,,,,,,,,ICMR-NIN Indian Food Composition Tables (IFCT) 2017,Food Composition Data ICMR.pdf,67,"moisture/protein/ash/fat/energy in g or kJ per 100g edible portion (raw, except eggs); n_regions=1; energy_kJ=252",
Q007,"Tiger prawns, brown  (Solenocera crassicornis)",Marine Shellfish,,,Solenocera crassicornis,82.41,14.85,0.56,,,0.94,,,,,,,,,,,,,ICMR-NIN Indian Food Composition Tables (IFCT) 2017,Food Composition Data ICMR.pdf,67,"moisture/protein/ash/fat/energy in g or kJ per 100g edible portion (raw, except eggs); n_regions=1; energy_kJ=273",
Q008,"Tiger Prawns, orange (Penaeus monodon)",Marine Shellfish,,,Penaeus monodon,81.48,14.25,0.74,,,0.83,,,,,,,,,,,,,ICMR-NIN Indian Food Composition Tables (IFCT) 2017,Food Composition Data ICMR.pdf,67,"moisture/protein/ash/fat/energy in g or kJ per 100g edible portion (raw, except eggs); n_regions=1; energy_kJ=270",
R001,"Clam, green shell  (Perna viridis )",Marine Mollusks,,,,80.07,12.14,0.98,,,2.44,,,,,,,,,,,,,ICMR-NIN Indian Food Composition Tables (IFCT) 2017,Food Composition Data ICMR.pdf,67,"moisture/protein/ash/fat/energy in g or kJ per 100g edible portion (raw, except eggs); n_regions=1; energy_kJ=243",
R002,"Clam, white shell, ribbed  (Meretrix meretrix)",Marine Mollusks,,,Meretrix meretrix,80.27,11.82,1.34,,,0.85,,,,,,,,,,,,,ICMR-NIN Indian Food Composition Tables (IFCT) 2017,Food Composition Data ICMR.pdf,67,"moisture/protein/ash/fat/energy in g or kJ per 100g edible portion (raw, except eggs); n_regions=1; energy_kJ=250",
R003,Octopus   (Octopus vulgaris),Marine Mollusks,,,Octopus vulgaris,80.45,14.71,1.12,,,1.21,,,,,,,,,,,,,ICMR-NIN Indian Food Composition Tables (IFCT) 2017,Food Composition Data ICMR.pdf,67,"moisture/protein/ash/fat/energy in g or kJ per 100g edible portion (raw, except eggs); n_regions=1; energy_kJ=334",
R004,"Squid, black (Loligo sp.)",Marine Mollusks,,,Loligo sp.,80.59,16.1,1.07,,,0.99,,,,,,,,,,,,,ICMR-NIN Indian Food Composition Tables (IFCT) 2017,Food Composition Data ICMR.pdf,67,"moisture/protein/ash/fat/energy in g or kJ per 100g edible portion (raw, except eggs); n_regions=1; energy_kJ=335",
R005,"Squid, hard shell  (Sepia pharaonis)",Marine Mollusks,,,Sepia pharaonis,80.52,16.82,0.93,,,0.75,,,,,,,,,,,,,ICMR-NIN Indian Food Composition Tables (IFCT) 2017,Food Composition Data ICMR.pdf,67,"moisture/protein/ash/fat/energy in g or kJ per 100g edible portion (raw, except eggs); n_regions=1; energy_kJ=320",
R006,"Squid, red  (Loligo duvaucelii)",Marine Mollusks,,,Loligo duvaucelii,80.85,16.25,1.44,,,1.15,,,,,,,,,,,,,ICMR-NIN Indian Food Composition Tables (IFCT) 2017,Food Composition Data ICMR.pdf,68,"moisture/protein/ash/fat/energy in g or kJ per 100g edible portion (raw, except eggs); n_regions=2; energy_kJ=329",
R007,"Squid, white, small  (Uroteuthis duvauceli )",Marine Mollusks,,,,79.38,17.41,1.15,,,1.19,,,,,,,,,,,,,ICMR-NIN Indian Food Composition Tables (IFCT) 2017,Food Composition Data ICMR.pdf,68,"moisture/protein/ash/fat/energy in g or kJ per 100g edible portion (raw, except eggs); n_regions=1; energy_kJ=353",
S001,Cat fish (Tandanus tandanus),Freshwater Fish and Shellfish,,,Tandanus tandanus,77.23,15.86,6.24,,,0.93,,,,,,,,,,,,,ICMR-NIN Indian Food Composition Tables (IFCT) 2017,Food Composition Data ICMR.pdf,68,"moisture/protein/ash/fat/energy in g or kJ per 100g edible portion (raw, except eggs); n_regions=2; energy_kJ=518",
S002,Catla  (Catla catla),Freshwater Fish and Shellfish,,,Catla catla,78.43,17.94,2.15,,,0.94,,,,,,,,,,,,,ICMR-NIN Indian Food Composition Tables (IFCT) 2017,Food Composition Data ICMR.pdf,68,"moisture/protein/ash/fat/energy in g or kJ per 100g edible portion (raw, except eggs); n_regions=6; energy_kJ=394",
S003,Freshwater Eel  (Anguilla anguilla),Freshwater Fish and Shellfish,,,Anguilla anguilla,75.57,20.41,2.63,,,1.03,,,,,,,,,,,,,ICMR-NIN Indian Food Composition Tables (IFCT) 2017,Food Composition Data ICMR.pdf,68,"moisture/protein/ash/fat/energy in g or kJ per 100g edible portion (raw, except eggs); n_regions=1; energy_kJ=451",
S004,Gold fish (Carassius auratus),Freshwater Fish and Shellfish,,,Carassius auratus,79.07,16.91,2.94,,,1.1,,,,,,,,,,,,,ICMR-NIN Indian Food Composition Tables (IFCT) 2017,Food Composition Data ICMR.pdf,68,"moisture/protein/ash/fat/energy in g or kJ per 100g edible portion (raw, except eggs); n_regions=2; energy_kJ=396",
S005,Pangas  (Pangasianodon hypophthalmus),Freshwater Fish and Shellfish,,,Pangasianodon hypophthalmus,68.5,17.12,16.77,,,1.12,,,,,,,,,,,,,ICMR-NIN Indian Food Composition Tables (IFCT) 2017,Food Composition Data ICMR.pdf,68,"moisture/protein/ash/fat/energy in g or kJ per 100g edible portion (raw, except eggs); n_regions=6; energy_kJ=852",
S006,Rohu  (Labeo rohita),Freshwater Fish and Shellfish,,,Labeo rohita,76.34,19.71,2.39,,,1.28,,,,,,,,,,,,,ICMR-NIN Indian Food Composition Tables (IFCT) 2017,Food Composition Data ICMR.pdf,68,"moisture/protein/ash/fat/energy in g or kJ per 100g edible portion (raw, except eggs); n_regions=6; energy_kJ=428",
S007,Crab  (Pachygrapsus sp.),Freshwater Fish and Shellfish,,,Pachygrapsus sp.,80.58,13.23,0.89,,,1.23,,,,,,,,,,,,,ICMR-NIN Indian Food Composition Tables (IFCT) 2017,Food Composition Data ICMR.pdf,68,"moisture/protein/ash/fat/energy in g or kJ per 100g edible portion (raw, except eggs); n_regions=1; energy_kJ=327",
S008,"Prawns, big  (Macrobrachium rosenbergii)",Freshwater Fish and Shellfish,,,Macrobrachium rosenbergii,77.43,19.24,0.52,,,0.84,,,,,,,,,,,,,ICMR-NIN Indian Food Composition Tables (IFCT) 2017,Food Composition Data ICMR.pdf,68,"moisture/protein/ash/fat/energy in g or kJ per 100g edible portion (raw, except eggs); n_regions=1; energy_kJ=380",
S009,"Prawns, small  (Macrobrachium sp.)",Freshwater Fish and Shellfish,,,Macrobrachium sp.,82.58,13.07,0.78,,,0.86,,,,,,,,,,,,,ICMR-NIN Indian Food Composition Tables (IFCT) 2017,Food Composition Data ICMR.pdf,68,"moisture/protein/ash/fat/energy in g or kJ per 100g edible portion (raw, except eggs); n_regions=3; energy_kJ=297",
S010,Tiger prawns  (Macrobrachium sp.),Freshwater Fish and Shellfish,,,Macrobrachium sp.,83.24,14.24,0.66,,,0.83,,,,,,,,,,,,,ICMR-NIN Indian Food Composition Tables (IFCT) 2017,Food Composition Data ICMR.pdf,68,"moisture/protein/ash/fat/energy in g or kJ per 100g edible portion (raw, except eggs); n_regions=2; energy_kJ=284",
