food_name,food_category,food_subcategory,quality_parameter,grade,minimum_requirement,maximum_requirement,acceptable_range,unit,source,source_document,page_number,source_url
Urd whole (Black gram),Food grains and allied products (pulses),,Moisture,Special,,11.0,,"% by weight (max, unless noted)",AGMARK / Directorate of Marketing & Inspection,Volume-7 (Food grains and allied products Compendium)-AGMARK.pdf,7,
Urd whole (Black gram),Food grains and allied products (pulses),,Foreign_matter_organic,Special,,0.1,,"% by weight (max, unless noted)",AGMARK / Directorate of Marketing & Inspection,Volume-7 (Food grains and allied products Compendium)-AGMARK.pdf,7,
Urd whole (Black gram),Food grains and allied products (pulses),,Foreign_matter_inorganic,Special,,0.05,,"% by weight (max, unless noted)",AGMARK / Directorate of Marketing & Inspection,Volume-7 (Food grains and allied products Compendium)-AGMARK.pdf,7,
Urd whole (Black gram),Food grains and allied products (pulses),,Other_edible_grains,Special,,0.2,,"% by weight (max, unless noted)",AGMARK / Directorate of Marketing & Inspection,Volume-7 (Food grains and allied products Compendium)-AGMARK.pdf,7,
Urd whole (Black gram),Food grains and allied products (pulses),,Damaged_grains,Special,,0.5,,"% by weight (max, unless noted)",AGMARK / Directorate of Marketing & Inspection,Volume-7 (Food grains and allied products Compendium)-AGMARK.pdf,7,
Urd whole (Black gram),Food grains and allied products (pulses),,Moisture,Standard,,12.0,,"% by weight (max, unless noted)",AGMARK / Directorate of Marketing & Inspection,Volume-7 (Food grains and allied products Compendium)-AGMARK.pdf,7,
Urd whole (Black gram),Food grains and allied products (pulses),,Foreign_matter_organic,Standard,,0.3,,"% by weight (max, unless noted)",AGMARK / Directorate of Marketing & Inspection,Volume-7 (Food grains and allied products Compendium)-AGMARK.pdf,7,
Urd whole (Black gram),Food grains and allied products (pulses),,Foreign_matter_inorganic,Standard,,0.1,,"% by weight (max, unless noted)",AGMARK / Directorate of Marketing & Inspection,Volume-7 (Food grains and allied products Compendium)-AGMARK.pdf,7,
Urd whole (Black gram),Food grains and allied products (pulses),,Other_edible_grains,Standard,,0.5,,"% by weight (max, unless noted)",AGMARK / Directorate of Marketing & Inspection,Volume-7 (Food grains and allied products Compendium)-AGMARK.pdf,7,
Urd whole (Black gram),Food grains and allied products (pulses),,Damaged_grains,Standard,,2.0,,"% by weight (max, unless noted)",AGMARK / Directorate of Marketing & Inspection,Volume-7 (Food grains and allied products Compendium)-AGMARK.pdf,7,
Urd whole (Black gram),Food grains and allied products (pulses),,Additional_param_1,Standard,,3.0,,"% by weight (max, unless noted)",AGMARK / Directorate of Marketing & Inspection,Volume-7 (Food grains and allied products Compendium)-AGMARK.pdf,7,
Urd whole (Black gram),Food grains and allied products (pulses),,Moisture,General,,14.0,,"% by weight (max, unless noted)",AGMARK / Directorate of Marketing & Inspection,Volume-7 (Food grains and allied products Compendium)-AGMARK.pdf,7,
Urd whole (Black gram),Food grains and allied products (pulses),,Foreign_matter_organic,General,,0.75,,"% by weight (max, unless noted)",AGMARK / Directorate of Marketing & Inspection,Volume-7 (Food grains and allied products Compendium)-AGMARK.pdf,7,
Urd whole (Black gram),Food grains and allied products (pulses),,Foreign_matter_inorganic,General,,0.25,,"% by weight (max, unless noted)",AGMARK / Directorate of Marketing & Inspection,Volume-7 (Food grains and allied products Compendium)-AGMARK.pdf,7,
Urd whole (Black gram),Food grains and allied products (pulses),,Other_edible_grains,General,,4.0,,"% by weight (max, unless noted)",AGMARK / Directorate of Marketing & Inspection,Volume-7 (Food grains and allied products Compendium)-AGMARK.pdf,7,
Urd whole (Black gram),Food grains and allied products (pulses),,Damaged_grains,General,,5.0,,"% by weight (max, unless noted)",AGMARK / Directorate of Marketing & Inspection,Volume-7 (Food grains and allied products Compendium)-AGMARK.pdf,7,
Urd whole (Black gram),Food grains and allied products (pulses),,Additional_param_1,General,,6.0,,"% by weight (max, unless noted)",AGMARK / Directorate of Marketing & Inspection,Volume-7 (Food grains and allied products Compendium)-AGMARK.pdf,7,
Urd or (Black gram) split (without husk),Food grains and allied products (pulses),,Moisture,Special,,11.0,,"% by weight (max, unless noted)",AGMARK / Directorate of Marketing & Inspection,Volume-7 (Food grains and allied products Compendium)-AGMARK.pdf,8,
Urd or (Black gram) split (without husk),Food grains and allied products (pulses),,Foreign_matter_organic,Special,,0.1,,"% by weight (max, unless noted)",AGMARK / Directorate of Marketing & Inspection,Volume-7 (Food grains and allied products Compendium)-AGMARK.pdf,8,
Urd or (Black gram) split (without husk),Food grains and allied products (pulses),,Foreign_matter_inorganic,Special,,0.05,,"% by weight (max, unless noted)",AGMARK / Directorate of Marketing & Inspection,Volume-7 (Food grains and allied products Compendium)-AGMARK.pdf,8,
Urd or (Black gram) split (without husk),Food grains and allied products (pulses),,Other_edible_grains,Special,,0.2,,"% by weight (max, unless noted)",AGMARK / Directorate of Marketing & Inspection,Volume-7 (Food grains and allied products Compendium)-AGMARK.pdf,8,
Urd or (Black gram) split (without husk),Food grains and allied products (pulses),,Damaged_grains,Special,,0.5,,"% by weight (max, unless noted)",AGMARK / Directorate of Marketing & Inspection,Volume-7 (Food grains and allied products Compendium)-AGMARK.pdf,8,
Urd or (Black gram) split (without husk),Food grains and allied products (pulses),,Additional_param_1,Special,,0.5,,"% by weight (max, unless noted)",AGMARK / Directorate of Marketing & Inspection,Volume-7 (Food grains and allied products Compendium)-AGMARK.pdf,8,
Urd or (Black gram) split (without husk),Food grains and allied products (pulses),,Moisture,Standard,,12.0,,"% by weight (max, unless noted)",AGMARK / Directorate of Marketing & Inspection,Volume-7 (Food grains and allied products Compendium)-AGMARK.pdf,8,
Urd or (Black gram) split (without husk),Food grains and allied products (pulses),,Foreign_matter_organic,Standard,,0.3,,"% by weight (max, unless noted)",AGMARK / Directorate of Marketing & Inspection,Volume-7 (Food grains and allied products Compendium)-AGMARK.pdf,8,
Urd or (Black gram) split (without husk),Food grains and allied products (pulses),,Foreign_matter_inorganic,Standard,,0.1,,"% by weight (max, unless noted)",AGMARK / Directorate of Marketing & Inspection,Volume-7 (Food grains and allied products Compendium)-AGMARK.pdf,8,
Urd or (Black gram) split (without husk),Food grains and allied products (pulses),,Other_edible_grains,Standard,,0.5,,"% by weight (max, unless noted)",AGMARK / Directorate of Marketing & Inspection,Volume-7 (Food grains and allied products Compendium)-AGMARK.pdf,8,
Urd or (Black gram) split (without husk),Food grains and allied products (pulses),,Damaged_grains,Standard,,2.0,,"% by weight (max, unless noted)",AGMARK / Directorate of Marketing & Inspection,Volume-7 (Food grains and allied products Compendium)-AGMARK.pdf,8,
Urd or (Black gram) split (without husk),Food grains and allied products (pulses),,Additional_param_1,Standard,,2.0,,"% by weight (max, unless noted)",AGMARK / Directorate of Marketing & Inspection,Volume-7 (Food grains and allied products Compendium)-AGMARK.pdf,8,
Urd or (Black gram) split (without husk),Food grains and allied products (pulses),,Additional_param_2,Standard,,2.0,,"% by weight (max, unless noted)",AGMARK / Directorate of Marketing & Inspection,Volume-7 (Food grains and allied products Compendium)-AGMARK.pdf,8,
Urd or (Black gram) split (without husk),Food grains and allied products (pulses),,Moisture,General,,14.0,,"% by weight (max, unless noted)",AGMARK / Directorate of Marketing & Inspection,Volume-7 (Food grains and allied products Compendium)-AGMARK.pdf,8,
Urd or (Black gram) split (without husk),Food grains and allied products (pulses),,Foreign_matter_organic,General,,0.75,,"% by weight (max, unless noted)",AGMARK / Directorate of Marketing & Inspection,Volume-7 (Food grains and allied products Compendium)-AGMARK.pdf,8,
Urd or (Black gram) split (without husk),Food grains and allied products (pulses),,Foreign_matter_inorganic,General,,0.25,,"% by weight (max, unless noted)",AGMARK / Directorate of Marketing & Inspection,Volume-7 (Food grains and allied products Compendium)-AGMARK.pdf,8,
Urd or (Black gram) split (without husk),Food grains and allied products (pulses),,Other_edible_grains,General,,4.0,,"% by weight (max, unless noted)",AGMARK / Directorate of Marketing & Inspection,Volume-7 (Food grains and allied products Compendium)-AGMARK.pdf,8,
Urd or (Black gram) split (without husk),Food grains and allied products (pulses),,Damaged_grains,General,,5.0,,"% by weight (max, unless noted)",AGMARK / Directorate of Marketing & Inspection,Volume-7 (Food grains and allied products Compendium)-AGMARK.pdf,8,
Urd or (Black gram) split (without husk),Food grains and allied products (pulses),,Additional_param_1,General,,3.0,,"% by weight (max, unless noted)",AGMARK / Directorate of Marketing & Inspection,Volume-7 (Food grains and allied products Compendium)-AGMARK.pdf,8,
Urd or (Black gram) split (without husk),Food grains and allied products (pulses),,Additional_param_2,General,,3.0,,"% by weight (max, unless noted)",AGMARK / Directorate of Marketing & Inspection,Volume-7 (Food grains and allied products Compendium)-AGMARK.pdf,8,
Urd or (Black gram) split (with husk),Food grains and allied products (pulses),,Moisture,Special,,11.0,,"% by weight (max, unless noted)",AGMARK / Directorate of Marketing & Inspection,Volume-7 (Food grains and allied products Compendium)-AGMARK.pdf,9,
Urd or (Black gram) split (with husk),Food grains and allied products (pulses),,Foreign_matter_organic,Special,,0.1,,"% by weight (max, unless noted)",AGMARK / Directorate of Marketing & Inspection,Volume-7 (Food grains and allied products Compendium)-AGMARK.pdf,9,
Urd or (Black gram) split (with husk),Food grains and allied products (pulses),,Foreign_matter_inorganic,Special,,0.05,,"% by weight (max, unless noted)",AGMARK / Directorate of Marketing & Inspection,Volume-7 (Food grains and allied products Compendium)-AGMARK.pdf,9,
Urd or (Black gram) split (with husk),Food grains and allied products (pulses),,Other_edible_grains,Special,,0.2,,"% by weight (max, unless noted)",AGMARK / Directorate of Marketing & Inspection,Volume-7 (Food grains and allied products Compendium)-AGMARK.pdf,9,
Urd or (Black gram) split (with husk),Food grains and allied products (pulses),,Damaged_grains,Special,,0.5,,"% by weight (max, unless noted)",AGMARK / Directorate of Marketing & Inspection,Volume-7 (Food grains and allied products Compendium)-AGMARK.pdf,9,
Urd or (Black gram) split (with husk),Food grains and allied products (pulses),,Additional_param_1,Special,,1.0,,"% by weight (max, unless noted)",AGMARK / Directorate of Marketing & Inspection,Volume-7 (Food grains and allied products Compendium)-AGMARK.pdf,9,
Urd or (Black gram) split (with husk),Food grains and allied products (pulses),,Moisture,Standard,,12.0,,"% by weight (max, unless noted)",AGMARK / Directorate of Marketing & Inspection,Volume-7 (Food grains and allied products Compendium)-AGMARK.pdf,9,
Urd or (Black gram) split (with husk),Food grains and allied products (pulses),,Foreign_matter_organic,Standard,,0.3,,"% by weight (max, unless noted)",AGMARK / Directorate of Marketing & Inspection,Volume-7 (Food grains and allied products Compendium)-AGMARK.pdf,9,
Urd or (Black gram) split (with husk),Food grains and allied products (pulses),,Foreign_matter_inorganic,Standard,,0.1,,"% by weight (max, unless noted)",AGMARK / Directorate of Marketing & Inspection,Volume-7 (Food grains and allied products Compendium)-AGMARK.pdf,9,
Urd or (Black gram) split (with husk),Food grains and allied products (pulses),,Other_edible_grains,Standard,,0.5,,"% by weight (max, unless noted)",AGMARK / Directorate of Marketing & Inspection,Volume-7 (Food grains and allied products Compendium)-AGMARK.pdf,9,
Urd or (Black gram) split (with husk),Food grains and allied products (pulses),,Damaged_grains,Standard,,2.0,,"% by weight (max, unless noted)",AGMARK / Directorate of Marketing & Inspection,Volume-7 (Food grains and allied products Compendium)-AGMARK.pdf,9,
Urd or (Black gram) split (with husk),Food grains and allied products (pulses),,Additional_param_1,Standard,,2.0,,"% by weight (max, unless noted)",AGMARK / Directorate of Marketing & Inspection,Volume-7 (Food grains and allied products Compendium)-AGMARK.pdf,9,
Urd or (Black gram) split (with husk),Food grains and allied products (pulses),,Additional_param_2,Standard,,2.0,,"% by weight (max, unless noted)",AGMARK / Directorate of Marketing & Inspection,Volume-7 (Food grains and allied products Compendium)-AGMARK.pdf,9,
Urd or (Black gram) split (with husk),Food grains and allied products (pulses),,Moisture,General,,14.0,,"% by weight (max, unless noted)",AGMARK / Directorate of Marketing & Inspection,Volume-7 (Food grains and allied products Compendium)-AGMARK.pdf,9,
Urd or (Black gram) split (with husk),Food grains and allied products (pulses),,Foreign_matter_organic,General,,0.75,,"% by weight (max, unless noted)",AGMARK / Directorate of Marketing & Inspection,Volume-7 (Food grains and allied products Compendium)-AGMARK.pdf,9,
Urd or (Black gram) split (with husk),Food grains and allied products (pulses),,Foreign_matter_inorganic,General,,0.25,,"% by weight (max, unless noted)",AGMARK / Directorate of Marketing & Inspection,Volume-7 (Food grains and allied products Compendium)-AGMARK.pdf,9,
Urd or (Black gram) split (with husk),Food grains and allied products (pulses),,Other_edible_grains,General,,4.0,,"% by weight (max, unless noted)",AGMARK / Directorate of Marketing & Inspection,Volume-7 (Food grains and allied products Compendium)-AGMARK.pdf,9,
Urd or (Black gram) split (with husk),Food grains and allied products (pulses),,Damaged_grains,General,,5.0,,"% by weight (max, unless noted)",AGMARK / Directorate of Marketing & Inspection,Volume-7 (Food grains and allied products Compendium)-AGMARK.pdf,9,
Urd or (Black gram) split (with husk),Food grains and allied products (pulses),,Additional_param_1,General,,3.0,,"% by weight (max, unless noted)",AGMARK / Directorate of Marketing & Inspection,Volume-7 (Food grains and allied products Compendium)-AGMARK.pdf,9,
Urd or (Black gram) split (with husk),Food grains and allied products (pulses),,Additional_param_2,General,,3.0,,"% by weight (max, unless noted)",AGMARK / Directorate of Marketing & Inspection,Volume-7 (Food grains and allied products Compendium)-AGMARK.pdf,9,
Moong whole (Green gram),Food grains and allied products (pulses),,Moisture,Special,,11.0,,"% by weight (max, unless noted)",AGMARK / Directorate of Marketing & Inspection,Volume-7 (Food grains and allied products Compendium)-AGMARK.pdf,10,
Moong whole (Green gram),Food grains and allied products (pulses),,Foreign_matter_organic,Special,,0.1,,"% by weight (max, unless noted)",AGMARK / Directorate of Marketing & Inspection,Volume-7 (Food grains and allied products Compendium)-AGMARK.pdf,10,
Moong whole (Green gram),Food grains and allied products (pulses),,Foreign_matter_inorganic,Special,,0.05,,"% by weight (max, unless noted)",AGMARK / Directorate of Marketing & Inspection,Volume-7 (Food grains and allied products Compendium)-AGMARK.pdf,10,
Moong whole (Green gram),Food grains and allied products (pulses),,Other_edible_grains,Special,,0.2,,"% by weight (max, unless noted)",AGMARK / Directorate of Marketing & Inspection,Volume-7 (Food grains and allied products Compendium)-AGMARK.pdf,10,
Moong whole (Green gram),Food grains and allied products (pulses),,Damaged_grains,Special,,0.5,,"% by weight (max, unless noted)",AGMARK / Directorate of Marketing & Inspection,Volume-7 (Food grains and allied products Compendium)-AGMARK.pdf,10,
Moong whole (Green gram),Food grains and allied products (pulses),,Moisture,Standard,,12.0,,"% by weight (max, unless noted)",AGMARK / Directorate of Marketing & Inspection,Volume-7 (Food grains and allied products Compendium)-AGMARK.pdf,10,
Moong whole (Green gram),Food grains and allied products (pulses),,Foreign_matter_organic,Standard,,0.3,,"% by weight (max, unless noted)",AGMARK / Directorate of Marketing & Inspection,Volume-7 (Food grains and allied products Compendium)-AGMARK.pdf,10,
Moong whole (Green gram),Food grains and allied products (pulses),,Foreign_matter_inorganic,Standard,,0.1,,"% by weight (max, unless noted)",AGMARK / Directorate of Marketing & Inspection,Volume-7 (Food grains and allied products Compendium)-AGMARK.pdf,10,
Moong whole (Green gram),Food grains and allied products (pulses),,Other_edible_grains,Standard,,0.5,,"% by weight (max, unless noted)",AGMARK / Directorate of Marketing & Inspection,Volume-7 (Food grains and allied products Compendium)-AGMARK.pdf,10,
Moong whole (Green gram),Food grains and allied products (pulses),,Damaged_grains,Standard,,2.0,,"% by weight (max, unless noted)",AGMARK / Directorate of Marketing & Inspection,Volume-7 (Food grains and allied products Compendium)-AGMARK.pdf,10,
Moong whole (Green gram),Food grains and allied products (pulses),,Additional_param_1,Standard,,3.0,,"% by weight (max, unless noted)",AGMARK / Directorate of Marketing & Inspection,Volume-7 (Food grains and allied products Compendium)-AGMARK.pdf,10,
Moong whole (Green gram),Food grains and allied products (pulses),,Moisture,General,,14.0,,"% by weight (max, unless noted)",AGMARK / Directorate of Marketing & Inspection,Volume-7 (Food grains and allied products Compendium)-AGMARK.pdf,10,
Moong whole (Green gram),Food grains and allied products (pulses),,Foreign_matter_organic,General,,0.75,,"% by weight (max, unless noted)",AGMARK / Directorate of Marketing & Inspection,Volume-7 (Food grains and allied products Compendium)-AGMARK.pdf,10,
Moong whole (Green gram),Food grains and allied products (pulses),,Foreign_matter_inorganic,General,,0.25,,"% by weight (max, unless noted)",AGMARK / Directorate of Marketing & Inspection,Volume-7 (Food grains and allied products Compendium)-AGMARK.pdf,10,
Moong whole (Green gram),Food grains and allied products (pulses),,Other_edible_grains,General,,4.0,,"% by weight (max, unless noted)",AGMARK / Directorate of Marketing & Inspection,Volume-7 (Food grains and allied products Compendium)-AGMARK.pdf,10,
Moong whole (Green gram),Food grains and allied products (pulses),,Damaged_grains,General,,5.0,,"% by weight (max, unless noted)",AGMARK / Directorate of Marketing & Inspection,Volume-7 (Food grains and allied products Compendium)-AGMARK.pdf,10,
Moong whole (Green gram),Food grains and allied products (pulses),,Additional_param_1,General,,6.0,,"% by weight (max, unless noted)",AGMARK / Directorate of Marketing & Inspection,Volume-7 (Food grains and allied products Compendium)-AGMARK.pdf,10,
Moong (Green gram) split (without husk),Food grains and allied products (pulses),,Moisture,Special,,11.0,,"% by weight (max, unless noted)",AGMARK / Directorate of Marketing & Inspection,Volume-7 (Food grains and allied products Compendium)-AGMARK.pdf,11,
Moong (Green gram) split (without husk),Food grains and allied products (pulses),,Foreign_matter_organic,Special,,0.1,,"% by weight (max, unless noted)",AGMARK / Directorate of Marketing & Inspection,Volume-7 (Food grains and allied products Compendium)-AGMARK.pdf,11,
Moong (Green gram) split (without husk),Food grains and allied products (pulses),,Foreign_matter_inorganic,Special,,0.05,,"% by weight (max, unless noted)",AGMARK / Directorate of Marketing & Inspection,Volume-7 (Food grains and allied products Compendium)-AGMARK.pdf,11,
Moong (Green gram) split (without husk),Food grains and allied products (pulses),,Other_edible_grains,Special,,0.2,,"% by weight (max, unless noted)",AGMARK / Directorate of Marketing & Inspection,Volume-7 (Food grains and allied products Compendium)-AGMARK.pdf,11,
Moong (Green gram) split (without husk),Food grains and allied products (pulses),,Damaged_grains,Special,,0.5,,"% by weight (max, unless noted)",AGMARK / Directorate of Marketing & Inspection,Volume-7 (Food grains and allied products Compendium)-AGMARK.pdf,11,
Moong (Green gram) split (without husk),Food grains and allied products (pulses),,Additional_param_1,Special,,0.5,,"% by weight (max, unless noted)",AGMARK / Directorate of Marketing & Inspection,Volume-7 (Food grains and allied products Compendium)-AGMARK.pdf,11,
Moong (Green gram) split (without husk),Food grains and allied products (pulses),,Moisture,Standard,,12.0,,"% by weight (max, unless noted)",AGMARK / Directorate of Marketing & Inspection,Volume-7 (Food grains and allied products Compendium)-AGMARK.pdf,11,
Moong (Green gram) split (without husk),Food grains and allied products (pulses),,Foreign_matter_organic,Standard,,0.3,,"% by weight (max, unless noted)",AGMARK / Directorate of Marketing & Inspection,Volume-7 (Food grains and allied products Compendium)-AGMARK.pdf,11,
Moong (Green gram) split (without husk),Food grains and allied products (pulses),,Foreign_matter_inorganic,Standard,,0.1,,"% by weight (max, unless noted)",AGMARK / Directorate of Marketing & Inspection,Volume-7 (Food grains and allied products Compendium)-AGMARK.pdf,11,
Moong (Green gram) split (without husk),Food grains and allied products (pulses),,Other_edible_grains,Standard,,0.5,,"% by weight (max, unless noted)",AGMARK / Directorate of Marketing & Inspection,Volume-7 (Food grains and allied products Compendium)-AGMARK.pdf,11,
Moong (Green gram) split (without husk),Food grains and allied products (pulses),,Damaged_grains,Standard,,1.0,,"% by weight (max, unless noted)",AGMARK / Directorate of Marketing & Inspection,Volume-7 (Food grains and allied products Compendium)-AGMARK.pdf,11,
Moong (Green gram) split (without husk),Food grains and allied products (pulses),,Additional_param_1,Standard,,1.0,,"% by weight (max, unless noted)",AGMARK / Directorate of Marketing & Inspection,Volume-7 (Food grains and allied products Compendium)-AGMARK.pdf,11,
Moong (Green gram) split (without husk),Food grains and allied products (pulses),,Additional_param_2,Standard,,1.0,,"% by weight (max, unless noted)",AGMARK / Directorate of Marketing & Inspection,Volume-7 (Food grains and allied products Compendium)-AGMARK.pdf,11,
Moong (Green gram) split (without husk),Food grains and allied products (pulses),,Moisture,General,,14.0,,"% by weight (max, unless noted)",AGMARK / Directorate of Marketing & Inspection,Volume-7 (Food grains and allied products Compendium)-AGMARK.pdf,11,
Moong (Green gram) split (without husk),Food grains and allied products (pulses),,Foreign_matter_organic,General,,0.75,,"% by weight (max, unless noted)",AGMARK / Directorate of Marketing & Inspection,Volume-7 (Food grains and allied products Compendium)-AGMARK.pdf,11,
Moong (Green gram) split (without husk),Food grains and allied products (pulses),,Foreign_matter_inorganic,General,,0.25,,"% by weight (max, unless noted)",AGMARK / Directorate of Marketing & Inspection,Volume-7 (Food grains and allied products Compendium)-AGMARK.pdf,11,
Moong (Green gram) split (without husk),Food grains and allied products (pulses),,Other_edible_grains,General,,4.0,,"% by weight (max, unless noted)",AGMARK / Directorate of Marketing & Inspection,Volume-7 (Food grains and allied products Compendium)-AGMARK.pdf,11,
Moong (Green gram) split (without husk),Food grains and allied products (pulses),,Damaged_grains,General,,5.0,,"% by weight (max, unless noted)",AGMARK / Directorate of Marketing & Inspection,Volume-7 (Food grains and allied products Compendium)-AGMARK.pdf,11,
Moong (Green gram) split (without husk),Food grains and allied products (pulses),,Additional_param_1,General,,2.0,,"% by weight (max, unless noted)",AGMARK / Directorate of Marketing & Inspection,Volume-7 (Food grains and allied products Compendium)-AGMARK.pdf,11,
Moong (Green gram) split (without husk),Food grains and allied products (pulses),,Additional_param_2,General,,3.0,,"% by weight (max, unless noted)",AGMARK / Directorate of Marketing & Inspection,Volume-7 (Food grains and allied products Compendium)-AGMARK.pdf,11,
Moong (Green gram) split (with husk),Food grains and allied products (pulses),,Moisture,Special,,11.0,,"% by weight (max, unless noted)",AGMARK / Directorate of Marketing & Inspection,Volume-7 (Food grains and allied products Compendium)-AGMARK.pdf,12,
Moong (Green gram) split (with husk),Food grains and allied products (pulses),,Foreign_matter_organic,Special,,0.1,,"% by weight (max, unless noted)",AGMARK / Directorate of Marketing & Inspection,Volume-7 (Food grains and allied products Compendium)-AGMARK.pdf,12,
Moong (Green gram) split (with husk),Food grains and allied products (pulses),,Foreign_matter_inorganic,Special,,0.05,,"% by weight (max, unless noted)",AGMARK / Directorate of Marketing & Inspection,Volume-7 (Food grains and allied products Compendium)-AGMARK.pdf,12,
Moong (Green gram) split (with husk),Food grains and allied products (pulses),,Other_edible_grains,Special,,0.2,,"% by weight (max, unless noted)",AGMARK / Directorate of Marketing & Inspection,Volume-7 (Food grains and allied products Compendium)-AGMARK.pdf,12,
Moong (Green gram) split (with husk),Food grains and allied products (pulses),,Damaged_grains,Special,,0.5,,"% by weight (max, unless noted)",AGMARK / Directorate of Marketing & Inspection,Volume-7 (Food grains and allied products Compendium)-AGMARK.pdf,12,
Moong (Green gram) split (with husk),Food grains and allied products (pulses),,Additional_param_1,Special,,1.0,,"% by weight (max, unless noted)",AGMARK / Directorate of Marketing & Inspection,Volume-7 (Food grains and allied products Compendium)-AGMARK.pdf,12,
Moong (Green gram) split (with husk),Food grains and allied products (pulses),,Moisture,Standard,,12.0,,"% by weight (max, unless noted)",AGMARK / Directorate of Marketing & Inspection,Volume-7 (Food grains and allied products Compendium)-AGMARK.pdf,12,
Moong (Green gram) split (with husk),Food grains and allied products (pulses),,Foreign_matter_organic,Standard,,0.3,,"% by weight (max, unless noted)",AGMARK / Directorate of Marketing & Inspection,Volume-7 (Food grains and allied products Compendium)-AGMARK.pdf,12,
Moong (Green gram) split (with husk),Food grains and allied products (pulses),,Foreign_matter_inorganic,Standard,,0.1,,"% by weight (max, unless noted)",AGMARK / Directorate of Marketing & Inspection,Volume-7 (Food grains and allied products Compendium)-AGMARK.pdf,12,
Moong (Green gram) split (with husk),Food grains and allied products (pulses),,Other_edible_grains,Standard,,0.5,,"% by weight (max, unless noted)",AGMARK / Directorate of Marketing & Inspection,Volume-7 (Food grains and allied products Compendium)-AGMARK.pdf,12,
Moong (Green gram) split (with husk),Food grains and allied products (pulses),,Damaged_grains,Standard,,1.0,,"% by weight (max, unless noted)",AGMARK / Directorate of Marketing & Inspection,Volume-7 (Food grains and allied products Compendium)-AGMARK.pdf,12,
Moong (Green gram) split (with husk),Food grains and allied products (pulses),,Additional_param_1,Standard,,2.0,,"% by weight (max, unless noted)",AGMARK / Directorate of Marketing & Inspection,Volume-7 (Food grains and allied products Compendium)-AGMARK.pdf,12,
Moong (Green gram) split (with husk),Food grains and allied products (pulses),,Additional_param_2,Standard,,1.0,,"% by weight (max, unless noted)",AGMARK / Directorate of Marketing & Inspection,Volume-7 (Food grains and allied products Compendium)-AGMARK.pdf,12,
Moong (Green gram) split (with husk),Food grains and allied products (pulses),,Moisture,General,,14.0,,"% by weight (max, unless noted)",AGMARK / Directorate of Marketing & Inspection,Volume-7 (Food grains and allied products Compendium)-AGMARK.pdf,12,
Moong (Green gram) split (with husk),Food grains and allied products (pulses),,Foreign_matter_organic,General,,0.75,,"% by weight (max, unless noted)",AGMARK / Directorate of Marketing & Inspection,Volume-7 (Food grains and allied products Compendium)-AGMARK.pdf,12,
Moong (Green gram) split (with husk),Food grains and allied products (pulses),,Foreign_matter_inorganic,General,,0.25,,"% by weight (max, unless noted)",AGMARK / Directorate of Marketing & Inspection,Volume-7 (Food grains and allied products Compendium)-AGMARK.pdf,12,
Moong (Green gram) split (with husk),Food grains and allied products (pulses),,Other_edible_grains,General,,4.0,,"% by weight (max, unless noted)",AGMARK / Directorate of Marketing & Inspection,Volume-7 (Food grains and allied products Compendium)-AGMARK.pdf,12,
Moong (Green gram) split (with husk),Food grains and allied products (pulses),,Damaged_grains,General,,5.0,,"% by weight (max, unless noted)",AGMARK / Directorate of Marketing & Inspection,Volume-7 (Food grains and allied products Compendium)-AGMARK.pdf,12,
Moong (Green gram) split (with husk),Food grains and allied products (pulses),,Additional_param_1,General,,3.0,,"% by weight (max, unless noted)",AGMARK / Directorate of Marketing & Inspection,Volume-7 (Food grains and allied products Compendium)-AGMARK.pdf,12,
Moong (Green gram) split (with husk),Food grains and allied products (pulses),,Additional_param_2,General,,3.0,,"% by weight (max, unless noted)",AGMARK / Directorate of Marketing & Inspection,Volume-7 (Food grains and allied products Compendium)-AGMARK.pdf,12,
Masoor (Lentil) whole,Food grains and allied products (pulses),,Moisture,Special,,11.0,,"% by weight (max, unless noted)",AGMARK / Directorate of Marketing & Inspection,Volume-7 (Food grains and allied products Compendium)-AGMARK.pdf,13,
Masoor (Lentil) whole,Food grains and allied products (pulses),,Foreign_matter_organic,Special,,0.1,,"% by weight (max, unless noted)",AGMARK / Directorate of Marketing & Inspection,Volume-7 (Food grains and allied products Compendium)-AGMARK.pdf,13,
Masoor (Lentil) whole,Food grains and allied products (pulses),,Foreign_matter_inorganic,Special,,0.05,,"% by weight (max, unless noted)",AGMARK / Directorate of Marketing & Inspection,Volume-7 (Food grains and allied products Compendium)-AGMARK.pdf,13,
Masoor (Lentil) whole,Food grains and allied products (pulses),,Other_edible_grains,Special,,0.2,,"% by weight (max, unless noted)",AGMARK / Directorate of Marketing & Inspection,Volume-7 (Food grains and allied products Compendium)-AGMARK.pdf,13,
Masoor (Lentil) whole,Food grains and allied products (pulses),,Damaged_grains,Special,,0.5,,"% by weight (max, unless noted)",AGMARK / Directorate of Marketing & Inspection,Volume-7 (Food grains and allied products Compendium)-AGMARK.pdf,13,
Masoor (Lentil) whole,Food grains and allied products (pulses),,Moisture,Standard,,12.0,,"% by weight (max, unless noted)",AGMARK / Directorate of Marketing & Inspection,Volume-7 (Food grains and allied products Compendium)-AGMARK.pdf,13,
Masoor (Lentil) whole,Food grains and allied products (pulses),,Foreign_matter_organic,Standard,,0.3,,"% by weight (max, unless noted)",AGMARK / Directorate of Marketing & Inspection,Volume-7 (Food grains and allied products Compendium)-AGMARK.pdf,13,
Masoor (Lentil) whole,Food grains and allied products (pulses),,Foreign_matter_inorganic,Standard,,0.1,,"% by weight (max, unless noted)",AGMARK / Directorate of Marketing & Inspection,Volume-7 (Food grains and allied products Compendium)-AGMARK.pdf,13,
Masoor (Lentil) whole,Food grains and allied products (pulses),,Other_edible_grains,Standard,,0.5,,"% by weight (max, unless noted)",AGMARK / Directorate of Marketing & Inspection,Volume-7 (Food grains and allied products Compendium)-AGMARK.pdf,13,
Masoor (Lentil) whole,Food grains and allied products (pulses),,Damaged_grains,Standard,,1.0,,"% by weight (max, unless noted)",AGMARK / Directorate of Marketing & Inspection,Volume-7 (Food grains and allied products Compendium)-AGMARK.pdf,13,
Masoor (Lentil) whole,Food grains and allied products (pulses),,Additional_param_1,Standard,,1.0,,"% by weight (max, unless noted)",AGMARK / Directorate of Marketing & Inspection,Volume-7 (Food grains and allied products Compendium)-AGMARK.pdf,13,
Masoor (Lentil) whole,Food grains and allied products (pulses),,Moisture,General,,14.0,,"% by weight (max, unless noted)",AGMARK / Directorate of Marketing & Inspection,Volume-7 (Food grains and allied products Compendium)-AGMARK.pdf,13,
Masoor (Lentil) whole,Food grains and allied products (pulses),,Foreign_matter_organic,General,,0.75,,"% by weight (max, unless noted)",AGMARK / Directorate of Marketing & Inspection,Volume-7 (Food grains and allied products Compendium)-AGMARK.pdf,13,
Masoor (Lentil) whole,Food grains and allied products (pulses),,Foreign_matter_inorganic,General,,0.25,,"% by weight (max, unless noted)",AGMARK / Directorate of Marketing & Inspection,Volume-7 (Food grains and allied products Compendium)-AGMARK.pdf,13,
Masoor (Lentil) whole,Food grains and allied products (pulses),,Other_edible_grains,General,,3.0,,"% by weight (max, unless noted)",AGMARK / Directorate of Marketing & Inspection,Volume-7 (Food grains and allied products Compendium)-AGMARK.pdf,13,
Masoor (Lentil) whole,Food grains and allied products (pulses),,Damaged_grains,General,,5.0,,"% by weight (max, unless noted)",AGMARK / Directorate of Marketing & Inspection,Volume-7 (Food grains and allied products Compendium)-AGMARK.pdf,13,
Masoor (Lentil) whole,Food grains and allied products (pulses),,Additional_param_1,General,,6.0,,"% by weight (max, unless noted)",AGMARK / Directorate of Marketing & Inspection,Volume-7 (Food grains and allied products Compendium)-AGMARK.pdf,13,
Masoor (Lentil) split (without husk),Food grains and allied products (pulses),,Moisture,Special,,11.0,,"% by weight (max, unless noted)",AGMARK / Directorate of Marketing & Inspection,Volume-7 (Food grains and allied products Compendium)-AGMARK.pdf,14,
Masoor (Lentil) split (without husk),Food grains and allied products (pulses),,Foreign_matter_organic,Special,,0.1,,"% by weight (max, unless noted)",AGMARK / Directorate of Marketing & Inspection,Volume-7 (Food grains and allied products Compendium)-AGMARK.pdf,14,
Masoor (Lentil) split (without husk),Food grains and allied products (pulses),,Foreign_matter_inorganic,Special,,0.05,,"% by weight (max, unless noted)",AGMARK / Directorate of Marketing & Inspection,Volume-7 (Food grains and allied products Compendium)-AGMARK.pdf,14,
Masoor (Lentil) split (without husk),Food grains and allied products (pulses),,Other_edible_grains,Special,,0.2,,"% by weight (max, unless noted)",AGMARK / Directorate of Marketing & Inspection,Volume-7 (Food grains and allied products Compendium)-AGMARK.pdf,14,
Masoor (Lentil) split (without husk),Food grains and allied products (pulses),,Damaged_grains,Special,,0.1,,"% by weight (max, unless noted)",AGMARK / Directorate of Marketing & Inspection,Volume-7 (Food grains and allied products Compendium)-AGMARK.pdf,14,
Masoor (Lentil) split (without husk),Food grains and allied products (pulses),,Additional_param_1,Special,,0.1,,"% by weight (max, unless noted)",AGMARK / Directorate of Marketing & Inspection,Volume-7 (Food grains and allied products Compendium)-AGMARK.pdf,14,
Masoor (Lentil) split (without husk),Food grains and allied products (pulses),,Moisture,Standard,,12.0,,"% by weight (max, unless noted)",AGMARK / Directorate of Marketing & Inspection,Volume-7 (Food grains and allied products Compendium)-AGMARK.pdf,14,
Masoor (Lentil) split (without husk),Food grains and allied products (pulses),,Foreign_matter_organic,Standard,,0.2,,"% by weight (max, unless noted)",AGMARK / Directorate of Marketing & Inspection,Volume-7 (Food grains and allied products Compendium)-AGMARK.pdf,14,
Masoor (Lentil) split (without husk),Food grains and allied products (pulses),,Foreign_matter_inorganic,Standard,,0.1,,"% by weight (max, unless noted)",AGMARK / Directorate of Marketing & Inspection,Volume-7 (Food grains and allied products Compendium)-AGMARK.pdf,14,
Masoor (Lentil) split (without husk),Food grains and allied products (pulses),,Other_edible_grains,Standard,,0.5,,"% by weight (max, unless noted)",AGMARK / Directorate of Marketing & Inspection,Volume-7 (Food grains and allied products Compendium)-AGMARK.pdf,14,
Masoor (Lentil) split (without husk),Food grains and allied products (pulses),,Damaged_grains,Standard,,0.5,,"% by weight (max, unless noted)",AGMARK / Directorate of Marketing & Inspection,Volume-7 (Food grains and allied products Compendium)-AGMARK.pdf,14,
Masoor (Lentil) split (without husk),Food grains and allied products (pulses),,Additional_param_1,Standard,,0.5,,"% by weight (max, unless noted)",AGMARK / Directorate of Marketing & Inspection,Volume-7 (Food grains and allied products Compendium)-AGMARK.pdf,14,
Masoor (Lentil) split (without husk),Food grains and allied products (pulses),,Additional_param_2,Standard,,1.0,,"% by weight (max, unless noted)",AGMARK / Directorate of Marketing & Inspection,Volume-7 (Food grains and allied products Compendium)-AGMARK.pdf,14,
Masoor (Lentil) split (without husk),Food grains and allied products (pulses),,Moisture,General,,14.0,,"% by weight (max, unless noted)",AGMARK / Directorate of Marketing & Inspection,Volume-7 (Food grains and allied products Compendium)-AGMARK.pdf,14,
Masoor (Lentil) split (without husk),Food grains and allied products (pulses),,Foreign_matter_organic,General,,0.75,,"% by weight (max, unless noted)",AGMARK / Directorate of Marketing & Inspection,Volume-7 (Food grains and allied products Compendium)-AGMARK.pdf,14,
Masoor (Lentil) split (without husk),Food grains and allied products (pulses),,Foreign_matter_inorganic,General,,0.25,,"% by weight (max, unless noted)",AGMARK / Directorate of Marketing & Inspection,Volume-7 (Food grains and allied products Compendium)-AGMARK.pdf,14,
Masoor (Lentil) split (without husk),Food grains and allied products (pulses),,Other_edible_grains,General,,2.0,,"% by weight (max, unless noted)",AGMARK / Directorate of Marketing & Inspection,Volume-7 (Food grains and allied products Compendium)-AGMARK.pdf,14,
Masoor (Lentil) split (without husk),Food grains and allied products (pulses),,Damaged_grains,General,,5.0,,"% by weight (max, unless noted)",AGMARK / Directorate of Marketing & Inspection,Volume-7 (Food grains and allied products Compendium)-AGMARK.pdf,14,
Masoor (Lentil) split (without husk),Food grains and allied products (pulses),,Additional_param_1,General,,2.0,,"% by weight (max, unless noted)",AGMARK / Directorate of Marketing & Inspection,Volume-7 (Food grains and allied products Compendium)-AGMARK.pdf,14,
Masoor (Lentil) split (without husk),Food grains and allied products (pulses),,Additional_param_2,General,,3.0,,"% by weight (max, unless noted)",AGMARK / Directorate of Marketing & Inspection,Volume-7 (Food grains and allied products Compendium)-AGMARK.pdf,14,
Arhar or Tur (Red gram) whole,Food grains and allied products (pulses),,Moisture,Special,,11.0,,"% by weight (max, unless noted)",AGMARK / Directorate of Marketing & Inspection,Volume-7 (Food grains and allied products Compendium)-AGMARK.pdf,15,
Arhar or Tur (Red gram) whole,Food grains and allied products (pulses),,Foreign_matter_organic,Special,,0.1,,"% by weight (max, unless noted)",AGMARK / Directorate of Marketing & Inspection,Volume-7 (Food grains and allied products Compendium)-AGMARK.pdf,15,
Arhar or Tur (Red gram) whole,Food grains and allied products (pulses),,Foreign_matter_inorganic,Special,,0.05,,"% by weight (max, unless noted)",AGMARK / Directorate of Marketing & Inspection,Volume-7 (Food grains and allied products Compendium)-AGMARK.pdf,15,
Arhar or Tur (Red gram) whole,Food grains and allied products (pulses),,Other_edible_grains,Special,,0.2,,"% by weight (max, unless noted)",AGMARK / Directorate of Marketing & Inspection,Volume-7 (Food grains and allied products Compendium)-AGMARK.pdf,15,
Arhar or Tur (Red gram) whole,Food grains and allied products (pulses),,Damaged_grains,Special,,0.5,,"% by weight (max, unless noted)",AGMARK / Directorate of Marketing & Inspection,Volume-7 (Food grains and allied products Compendium)-AGMARK.pdf,15,
Arhar or Tur (Red gram) whole,Food grains and allied products (pulses),,Additional_param_1,Special,,1.0,,"% by weight (max, unless noted)",AGMARK / Directorate of Marketing & Inspection,Volume-7 (Food grains and allied products Compendium)-AGMARK.pdf,15,
Arhar or Tur (Red gram) whole,Food grains and allied products (pulses),,Moisture,Standard,,12.0,,"% by weight (max, unless noted)",AGMARK / Directorate of Marketing & Inspection,Volume-7 (Food grains and allied products Compendium)-AGMARK.pdf,15,
Arhar or Tur (Red gram) whole,Food grains and allied products (pulses),,Foreign_matter_organic,Standard,,0.3,,"% by weight (max, unless noted)",AGMARK / Directorate of Marketing & Inspection,Volume-7 (Food grains and allied products Compendium)-AGMARK.pdf,15,
Arhar or Tur (Red gram) whole,Food grains and allied products (pulses),,Foreign_matter_inorganic,Standard,,0.15,,"% by weight (max, unless noted)",AGMARK / Directorate of Marketing & Inspection,Volume-7 (Food grains and allied products Compendium)-AGMARK.pdf,15,
Arhar or Tur (Red gram) whole,Food grains and allied products (pulses),,Other_edible_grains,Standard,,0.5,,"% by weight (max, unless noted)",AGMARK / Directorate of Marketing & Inspection,Volume-7 (Food grains and allied products Compendium)-AGMARK.pdf,15,
Arhar or Tur (Red gram) whole,Food grains and allied products (pulses),,Damaged_grains,Standard,,1.5,,"% by weight (max, unless noted)",AGMARK / Directorate of Marketing & Inspection,Volume-7 (Food grains and allied products Compendium)-AGMARK.pdf,15,
Arhar or Tur (Red gram) whole,Food grains and allied products (pulses),,Additional_param_1,Standard,,3.0,,"% by weight (max, unless noted)",AGMARK / Directorate of Marketing & Inspection,Volume-7 (Food grains and allied products Compendium)-AGMARK.pdf,15,
Arhar or Tur (Red gram) whole,Food grains and allied products (pulses),,Moisture,General,,16.0,,"% by weight (max, unless noted)",AGMARK / Directorate of Marketing & Inspection,Volume-7 (Food grains and allied products Compendium)-AGMARK.pdf,15,
Arhar or Tur (Red gram) whole,Food grains and allied products (pulses),,Foreign_matter_organic,General,,0.75,,"% by weight (max, unless noted)",AGMARK / Directorate of Marketing & Inspection,Volume-7 (Food grains and allied products Compendium)-AGMARK.pdf,15,
Arhar or Tur (Red gram) whole,Food grains and allied products (pulses),,Foreign_matter_inorganic,General,,0.25,,"% by weight (max, unless noted)",AGMARK / Directorate of Marketing & Inspection,Volume-7 (Food grains and allied products Compendium)-AGMARK.pdf,15,
Arhar or Tur (Red gram) whole,Food grains and allied products (pulses),,Other_edible_grains,General,,6.0,,"% by weight (max, unless noted)",AGMARK / Directorate of Marketing & Inspection,Volume-7 (Food grains and allied products Compendium)-AGMARK.pdf,15,
Arhar or Tur (Red gram) whole,Food grains and allied products (pulses),,Damaged_grains,General,,5.0,,"% by weight (max, unless noted)",AGMARK / Directorate of Marketing & Inspection,Volume-7 (Food grains and allied products Compendium)-AGMARK.pdf,15,
Arhar or Tur (Red gram) whole,Food grains and allied products (pulses),,Additional_param_1,General,,10.0,,"% by weight (max, unless noted)",AGMARK / Directorate of Marketing & Inspection,Volume-7 (Food grains and allied products Compendium)-AGMARK.pdf,15,
Arhar orTur (Red gram) split (without husk),Food grains and allied products (pulses),,Moisture,Special,,11.0,,"% by weight (max, unless noted)",AGMARK / Directorate of Marketing & Inspection,Volume-7 (Food grains and allied products Compendium)-AGMARK.pdf,16,
Arhar orTur (Red gram) split (without husk),Food grains and allied products (pulses),,Foreign_matter_organic,Special,,0.1,,"% by weight (max, unless noted)",AGMARK / Directorate of Marketing & Inspection,Volume-7 (Food grains and allied products Compendium)-AGMARK.pdf,16,
Arhar orTur (Red gram) split (without husk),Food grains and allied products (pulses),,Foreign_matter_inorganic,Special,,0.05,,"% by weight (max, unless noted)",AGMARK / Directorate of Marketing & Inspection,Volume-7 (Food grains and allied products Compendium)-AGMARK.pdf,16,
Arhar orTur (Red gram) split (without husk),Food grains and allied products (pulses),,Other_edible_grains,Special,,0.2,,"% by weight (max, unless noted)",AGMARK / Directorate of Marketing & Inspection,Volume-7 (Food grains and allied products Compendium)-AGMARK.pdf,16,
Arhar orTur (Red gram) split (without husk),Food grains and allied products (pulses),,Damaged_grains,Special,,0.5,,"% by weight (max, unless noted)",AGMARK / Directorate of Marketing & Inspection,Volume-7 (Food grains and allied products Compendium)-AGMARK.pdf,16,
Arhar orTur (Red gram) split (without husk),Food grains and allied products (pulses),,Additional_param_1,Special,,0.5,,"% by weight (max, unless noted)",AGMARK / Directorate of Marketing & Inspection,Volume-7 (Food grains and allied products Compendium)-AGMARK.pdf,16,
Arhar orTur (Red gram) split (without husk),Food grains and allied products (pulses),,Additional_param_2,Special,,1.0,,"% by weight (max, unless noted)",AGMARK / Directorate of Marketing & Inspection,Volume-7 (Food grains and allied products Compendium)-AGMARK.pdf,16,
Arhar orTur (Red gram) split (without husk),Food grains and allied products (pulses),,Moisture,Standard,,12.0,,"% by weight (max, unless noted)",AGMARK / Directorate of Marketing & Inspection,Volume-7 (Food grains and allied products Compendium)-AGMARK.pdf,16,
Arhar orTur (Red gram) split (without husk),Food grains and allied products (pulses),,Foreign_matter_organic,Standard,,0.2,,"% by weight (max, unless noted)",AGMARK / Directorate of Marketing & Inspection,Volume-7 (Food grains and allied products Compendium)-AGMARK.pdf,16,
Arhar orTur (Red gram) split (without husk),Food grains and allied products (pulses),,Foreign_matter_inorganic,Standard,,0.1,,"% by weight (max, unless noted)",AGMARK / Directorate of Marketing & Inspection,Volume-7 (Food grains and allied products Compendium)-AGMARK.pdf,16,
Arhar orTur (Red gram) split (without husk),Food grains and allied products (pulses),,Other_edible_grains,Standard,,0.2,,"% by weight (max, unless noted)",AGMARK / Directorate of Marketing & Inspection,Volume-7 (Food grains and allied products Compendium)-AGMARK.pdf,16,
Arhar orTur (Red gram) split (without husk),Food grains and allied products (pulses),,Damaged_grains,Standard,,1.5,,"% by weight (max, unless noted)",AGMARK / Directorate of Marketing & Inspection,Volume-7 (Food grains and allied products Compendium)-AGMARK.pdf,16,
Arhar orTur (Red gram) split (without husk),Food grains and allied products (pulses),,Additional_param_1,Standard,,2.0,,"% by weight (max, unless noted)",AGMARK / Directorate of Marketing & Inspection,Volume-7 (Food grains and allied products Compendium)-AGMARK.pdf,16,
Arhar orTur (Red gram) split (without husk),Food grains and allied products (pulses),,Additional_param_2,Standard,,2.0,,"% by weight (max, unless noted)",AGMARK / Directorate of Marketing & Inspection,Volume-7 (Food grains and allied products Compendium)-AGMARK.pdf,16,
Arhar orTur (Red gram) split (without husk),Food grains and allied products (pulses),,Moisture,General,,14.0,,"% by weight (max, unless noted)",AGMARK / Directorate of Marketing & Inspection,Volume-7 (Food grains and allied products Compendium)-AGMARK.pdf,16,
Arhar orTur (Red gram) split (without husk),Food grains and allied products (pulses),,Foreign_matter_organic,General,,0.75,,"% by weight (max, unless noted)",AGMARK / Directorate of Marketing & Inspection,Volume-7 (Food grains and allied products Compendium)-AGMARK.pdf,16,
Arhar orTur (Red gram) split (without husk),Food grains and allied products (pulses),,Foreign_matter_inorganic,General,,0.25,,"% by weight (max, unless noted)",AGMARK / Directorate of Marketing & Inspection,Volume-7 (Food grains and allied products Compendium)-AGMARK.pdf,16,
Arhar orTur (Red gram) split (without husk),Food grains and allied products (pulses),,Other_edible_grains,General,,0.5,,"% by weight (max, unless noted)",AGMARK / Directorate of Marketing & Inspection,Volume-7 (Food grains and allied products Compendium)-AGMARK.pdf,16,
Arhar orTur (Red gram) split (without husk),Food grains and allied products (pulses),,Damaged_grains,General,,5.0,,"% by weight (max, unless noted)",AGMARK / Directorate of Marketing & Inspection,Volume-7 (Food grains and allied products Compendium)-AGMARK.pdf,16,
Arhar orTur (Red gram) split (without husk),Food grains and allied products (pulses),,Additional_param_1,General,,5.0,,"% by weight (max, unless noted)",AGMARK / Directorate of Marketing & Inspection,Volume-7 (Food grains and allied products Compendium)-AGMARK.pdf,16,
Arhar orTur (Red gram) split (without husk),Food grains and allied products (pulses),,Additional_param_2,General,,3.0,,"% by weight (max, unless noted)",AGMARK / Directorate of Marketing & Inspection,Volume-7 (Food grains and allied products Compendium)-AGMARK.pdf,16,
Kabuli chana,Food grains and allied products (pulses),,Moisture,Special,,11.0,,"% by weight (max, unless noted)",AGMARK / Directorate of Marketing & Inspection,Volume-7 (Food grains and allied products Compendium)-AGMARK.pdf,17,
Kabuli chana,Food grains and allied products (pulses),,Foreign_matter_organic,Special,,0.1,,"% by weight (max, unless noted)",AGMARK / Directorate of Marketing & Inspection,Volume-7 (Food grains and allied products Compendium)-AGMARK.pdf,17,
Kabuli chana,Food grains and allied products (pulses),,Foreign_matter_inorganic,Special,,0.05,,"% by weight (max, unless noted)",AGMARK / Directorate of Marketing & Inspection,Volume-7 (Food grains and allied products Compendium)-AGMARK.pdf,17,
Kabuli chana,Food grains and allied products (pulses),,Other_edible_grains,Special,,0.2,,"% by weight (max, unless noted)",AGMARK / Directorate of Marketing & Inspection,Volume-7 (Food grains and allied products Compendium)-AGMARK.pdf,17,
Kabuli chana,Food grains and allied products (pulses),,Damaged_grains,Special,,0.5,,"% by weight (max, unless noted)",AGMARK / Directorate of Marketing & Inspection,Volume-7 (Food grains and allied products Compendium)-AGMARK.pdf,17,
Kabuli chana,Food grains and allied products (pulses),,Additional_param_1,Special,,1.0,,"% by weight (max, unless noted)",AGMARK / Directorate of Marketing & Inspection,Volume-7 (Food grains and allied products Compendium)-AGMARK.pdf,17,
Kabuli chana,Food grains and allied products (pulses),,Moisture,Standard,,12.0,,"% by weight (max, unless noted)",AGMARK / Directorate of Marketing & Inspection,Volume-7 (Food grains and allied products Compendium)-AGMARK.pdf,17,
Kabuli chana,Food grains and allied products (pulses),,Foreign_matter_organic,Standard,,0.1,,"% by weight (max, unless noted)",AGMARK / Directorate of Marketing & Inspection,Volume-7 (Food grains and allied products Compendium)-AGMARK.pdf,17,
Kabuli chana,Food grains and allied products (pulses),,Foreign_matter_inorganic,Standard,,0.1,,"% by weight (max, unless noted)",AGMARK / Directorate of Marketing & Inspection,Volume-7 (Food grains and allied products Compendium)-AGMARK.pdf,17,
Kabuli chana,Food grains and allied products (pulses),,Other_edible_grains,Standard,,0.5,,"% by weight (max, unless noted)",AGMARK / Directorate of Marketing & Inspection,Volume-7 (Food grains and allied products Compendium)-AGMARK.pdf,17,
Kabuli chana,Food grains and allied products (pulses),,Damaged_grains,Standard,,1.0,,"% by weight (max, unless noted)",AGMARK / Directorate of Marketing & Inspection,Volume-7 (Food grains and allied products Compendium)-AGMARK.pdf,17,
Kabuli chana,Food grains and allied products (pulses),,Additional_param_1,Standard,,3.0,,"% by weight (max, unless noted)",AGMARK / Directorate of Marketing & Inspection,Volume-7 (Food grains and allied products Compendium)-AGMARK.pdf,17,
Kabuli chana,Food grains and allied products (pulses),,Moisture,General,,16.0,,"% by weight (max, unless noted)",AGMARK / Directorate of Marketing & Inspection,Volume-7 (Food grains and allied products Compendium)-AGMARK.pdf,17,
Kabuli chana,Food grains and allied products (pulses),,Foreign_matter_organic,General,,0.75,,"% by weight (max, unless noted)",AGMARK / Directorate of Marketing & Inspection,Volume-7 (Food grains and allied products Compendium)-AGMARK.pdf,17,
Kabuli chana,Food grains and allied products (pulses),,Foreign_matter_inorganic,General,,0.25,,"% by weight (max, unless noted)",AGMARK / Directorate of Marketing & Inspection,Volume-7 (Food grains and allied products Compendium)-AGMARK.pdf,17,
Kabuli chana,Food grains and allied products (pulses),,Other_edible_grains,General,,4.0,,"% by weight (max, unless noted)",AGMARK / Directorate of Marketing & Inspection,Volume-7 (Food grains and allied products Compendium)-AGMARK.pdf,17,
Kabuli chana,Food grains and allied products (pulses),,Damaged_grains,General,,5.0,,"% by weight (max, unless noted)",AGMARK / Directorate of Marketing & Inspection,Volume-7 (Food grains and allied products Compendium)-AGMARK.pdf,17,
Kabuli chana,Food grains and allied products (pulses),,Additional_param_1,General,,10.0,,"% by weight (max, unless noted)",AGMARK / Directorate of Marketing & Inspection,Volume-7 (Food grains and allied products Compendium)-AGMARK.pdf,17,
Chana whole (Bengal gram),Food grains and allied products (pulses),,Moisture,Special,,11.0,,"% by weight (max, unless noted)",AGMARK / Directorate of Marketing & Inspection,Volume-7 (Food grains and allied products Compendium)-AGMARK.pdf,18,
Chana whole (Bengal gram),Food grains and allied products (pulses),,Foreign_matter_organic,Special,,0.1,,"% by weight (max, unless noted)",AGMARK / Directorate of Marketing & Inspection,Volume-7 (Food grains and allied products Compendium)-AGMARK.pdf,18,
Chana whole (Bengal gram),Food grains and allied products (pulses),,Foreign_matter_inorganic,Special,,0.05,,"% by weight (max, unless noted)",AGMARK / Directorate of Marketing & Inspection,Volume-7 (Food grains and allied products Compendium)-AGMARK.pdf,18,
Chana whole (Bengal gram),Food grains and allied products (pulses),,Other_edible_grains,Special,,0.2,,"% by weight (max, unless noted)",AGMARK / Directorate of Marketing & Inspection,Volume-7 (Food grains and allied products Compendium)-AGMARK.pdf,18,
Chana whole (Bengal gram),Food grains and allied products (pulses),,Damaged_grains,Special,,0.5,,"% by weight (max, unless noted)",AGMARK / Directorate of Marketing & Inspection,Volume-7 (Food grains and allied products Compendium)-AGMARK.pdf,18,
Chana whole (Bengal gram),Food grains and allied products (pulses),,Additional_param_1,Special,,1.0,,"% by weight (max, unless noted)",AGMARK / Directorate of Marketing & Inspection,Volume-7 (Food grains and allied products Compendium)-AGMARK.pdf,18,
Chana whole (Bengal gram),Food grains and allied products (pulses),,Moisture,Standard,,12.0,,"% by weight (max, unless noted)",AGMARK / Directorate of Marketing & Inspection,Volume-7 (Food grains and allied products Compendium)-AGMARK.pdf,18,
Chana whole (Bengal gram),Food grains and allied products (pulses),,Foreign_matter_organic,Standard,,0.1,,"% by weight (max, unless noted)",AGMARK / Directorate of Marketing & Inspection,Volume-7 (Food grains and allied products Compendium)-AGMARK.pdf,18,
Chana whole (Bengal gram),Food grains and allied products (pulses),,Foreign_matter_inorganic,Standard,,0.1,,"% by weight (max, unless noted)",AGMARK / Directorate of Marketing & Inspection,Volume-7 (Food grains and allied products Compendium)-AGMARK.pdf,18,
Chana whole (Bengal gram),Food grains and allied products (pulses),,Other_edible_grains,Standard,,0.5,,"% by weight (max, unless noted)",AGMARK / Directorate of Marketing & Inspection,Volume-7 (Food grains and allied products Compendium)-AGMARK.pdf,18,
Chana whole (Bengal gram),Food grains and allied products (pulses),,Damaged_grains,Standard,,1.0,,"% by weight (max, unless noted)",AGMARK / Directorate of Marketing & Inspection,Volume-7 (Food grains and allied products Compendium)-AGMARK.pdf,18,
Chana whole (Bengal gram),Food grains and allied products (pulses),,Additional_param_1,Standard,,3.0,,"% by weight (max, unless noted)",AGMARK / Directorate of Marketing & Inspection,Volume-7 (Food grains and allied products Compendium)-AGMARK.pdf,18,
Chana whole (Bengal gram),Food grains and allied products (pulses),,Moisture,General,,16.0,,"% by weight (max, unless noted)",AGMARK / Directorate of Marketing & Inspection,Volume-7 (Food grains and allied products Compendium)-AGMARK.pdf,18,
Chana whole (Bengal gram),Food grains and allied products (pulses),,Foreign_matter_organic,General,,0.75,,"% by weight (max, unless noted)",AGMARK / Directorate of Marketing & Inspection,Volume-7 (Food grains and allied products Compendium)-AGMARK.pdf,18,
Chana whole (Bengal gram),Food grains and allied products (pulses),,Foreign_matter_inorganic,General,,0.25,,"% by weight (max, unless noted)",AGMARK / Directorate of Marketing & Inspection,Volume-7 (Food grains and allied products Compendium)-AGMARK.pdf,18,
Chana whole (Bengal gram),Food grains and allied products (pulses),,Other_edible_grains,General,,4.0,,"% by weight (max, unless noted)",AGMARK / Directorate of Marketing & Inspection,Volume-7 (Food grains and allied products Compendium)-AGMARK.pdf,18,
Chana whole (Bengal gram),Food grains and allied products (pulses),,Damaged_grains,General,,5.0,,"% by weight (max, unless noted)",AGMARK / Directorate of Marketing & Inspection,Volume-7 (Food grains and allied products Compendium)-AGMARK.pdf,18,
Chana whole (Bengal gram),Food grains and allied products (pulses),,Additional_param_1,General,,10.0,,"% by weight (max, unless noted)",AGMARK / Directorate of Marketing & Inspection,Volume-7 (Food grains and allied products Compendium)-AGMARK.pdf,18,
Chana (Bengal gram) split (without husk) or chana Dal,Food grains and allied products (pulses),,Moisture,Special,,11.0,,"% by weight (max, unless noted)",AGMARK / Directorate of Marketing & Inspection,Volume-7 (Food grains and allied products Compendium)-AGMARK.pdf,19,
Chana (Bengal gram) split (without husk) or chana Dal,Food grains and allied products (pulses),,Foreign_matter_organic,Special,,0.1,,"% by weight (max, unless noted)",AGMARK / Directorate of Marketing & Inspection,Volume-7 (Food grains and allied products Compendium)-AGMARK.pdf,19,
Chana (Bengal gram) split (without husk) or chana Dal,Food grains and allied products (pulses),,Foreign_matter_inorganic,Special,,0.05,,"% by weight (max, unless noted)",AGMARK / Directorate of Marketing & Inspection,Volume-7 (Food grains and allied products Compendium)-AGMARK.pdf,19,
Chana (Bengal gram) split (without husk) or chana Dal,Food grains and allied products (pulses),,Other_edible_grains,Special,,0.2,,"% by weight (max, unless noted)",AGMARK / Directorate of Marketing & Inspection,Volume-7 (Food grains and allied products Compendium)-AGMARK.pdf,19,
Chana (Bengal gram) split (without husk) or chana Dal,Food grains and allied products (pulses),,Damaged_grains,Special,,0.5,,"% by weight (max, unless noted)",AGMARK / Directorate of Marketing & Inspection,Volume-7 (Food grains and allied products Compendium)-AGMARK.pdf,19,
Chana (Bengal gram) split (without husk) or chana Dal,Food grains and allied products (pulses),,Additional_param_1,Special,,0.5,,"% by weight (max, unless noted)",AGMARK / Directorate of Marketing & Inspection,Volume-7 (Food grains and allied products Compendium)-AGMARK.pdf,19,
Chana (Bengal gram) split (without husk) or chana Dal,Food grains and allied products (pulses),,Additional_param_2,Special,,1.0,,"% by weight (max, unless noted)",AGMARK / Directorate of Marketing & Inspection,Volume-7 (Food grains and allied products Compendium)-AGMARK.pdf,19,
Chana (Bengal gram) split (without husk) or chana Dal,Food grains and allied products (pulses),,Moisture,Standard,,12.0,,"% by weight (max, unless noted)",AGMARK / Directorate of Marketing & Inspection,Volume-7 (Food grains and allied products Compendium)-AGMARK.pdf,19,
Chana (Bengal gram) split (without husk) or chana Dal,Food grains and allied products (pulses),,Foreign_matter_organic,Standard,,0.1,,"% by weight (max, unless noted)",AGMARK / Directorate of Marketing & Inspection,Volume-7 (Food grains and allied products Compendium)-AGMARK.pdf,19,
Chana (Bengal gram) split (without husk) or chana Dal,Food grains and allied products (pulses),,Foreign_matter_inorganic,Standard,,0.15,,"% by weight (max, unless noted)",AGMARK / Directorate of Marketing & Inspection,Volume-7 (Food grains and allied products Compendium)-AGMARK.pdf,19,
Chana (Bengal gram) split (without husk) or chana Dal,Food grains and allied products (pulses),,Other_edible_grains,Standard,,0.5,,"% by weight (max, unless noted)",AGMARK / Directorate of Marketing & Inspection,Volume-7 (Food grains and allied products Compendium)-AGMARK.pdf,19,
Chana (Bengal gram) split (without husk) or chana Dal,Food grains and allied products (pulses),,Damaged_grains,Standard,,1.0,,"% by weight (max, unless noted)",AGMARK / Directorate of Marketing & Inspection,Volume-7 (Food grains and allied products Compendium)-AGMARK.pdf,19,
Chana (Bengal gram) split (without husk) or chana Dal,Food grains and allied products (pulses),,Additional_param_1,Standard,,2.0,,"% by weight (max, unless noted)",AGMARK / Directorate of Marketing & Inspection,Volume-7 (Food grains and allied products Compendium)-AGMARK.pdf,19,
Chana (Bengal gram) split (without husk) or chana Dal,Food grains and allied products (pulses),,Additional_param_2,Standard,,2.0,,"% by weight (max, unless noted)",AGMARK / Directorate of Marketing & Inspection,Volume-7 (Food grains and allied products Compendium)-AGMARK.pdf,19,
Chana (Bengal gram) split (without husk) or chana Dal,Food grains and allied products (pulses),,Moisture,General,,16.0,,"% by weight (max, unless noted)",AGMARK / Directorate of Marketing & Inspection,Volume-7 (Food grains and allied products Compendium)-AGMARK.pdf,19,
Chana (Bengal gram) split (without husk) or chana Dal,Food grains and allied products (pulses),,Foreign_matter_organic,General,,0.75,,"% by weight (max, unless noted)",AGMARK / Directorate of Marketing & Inspection,Volume-7 (Food grains and allied products Compendium)-AGMARK.pdf,19,
Chana (Bengal gram) split (without husk) or chana Dal,Food grains and allied products (pulses),,Foreign_matter_inorganic,General,,0.25,,"% by weight (max, unless noted)",AGMARK / Directorate of Marketing & Inspection,Volume-7 (Food grains and allied products Compendium)-AGMARK.pdf,19,
Chana (Bengal gram) split (without husk) or chana Dal,Food grains and allied products (pulses),,Other_edible_grains,General,,2.0,,"% by weight (max, unless noted)",AGMARK / Directorate of Marketing & Inspection,Volume-7 (Food grains and allied products Compendium)-AGMARK.pdf,19,
Chana (Bengal gram) split (without husk) or chana Dal,Food grains and allied products (pulses),,Damaged_grains,General,,5.0,,"% by weight (max, unless noted)",AGMARK / Directorate of Marketing & Inspection,Volume-7 (Food grains and allied products Compendium)-AGMARK.pdf,19,
Chana (Bengal gram) split (without husk) or chana Dal,Food grains and allied products (pulses),,Additional_param_1,General,,3.0,,"% by weight (max, unless noted)",AGMARK / Directorate of Marketing & Inspection,Volume-7 (Food grains and allied products Compendium)-AGMARK.pdf,19,
Chana (Bengal gram) split (without husk) or chana Dal,Food grains and allied products (pulses),,Additional_param_2,General,,3.0,,"% by weight (max, unless noted)",AGMARK / Directorate of Marketing & Inspection,Volume-7 (Food grains and allied products Compendium)-AGMARK.pdf,19,
Matki or Moth (Whole),Food grains and allied products (pulses),,Moisture,Special,,11.0,,"% by weight (max, unless noted)",AGMARK / Directorate of Marketing & Inspection,Volume-7 (Food grains and allied products Compendium)-AGMARK.pdf,21,
Matki or Moth (Whole),Food grains and allied products (pulses),,Foreign_matter_organic,Special,,0.1,,"% by weight (max, unless noted)",AGMARK / Directorate of Marketing & Inspection,Volume-7 (Food grains and allied products Compendium)-AGMARK.pdf,21,
Matki or Moth (Whole),Food grains and allied products (pulses),,Foreign_matter_inorganic,Special,,0.05,,"% by weight (max, unless noted)",AGMARK / Directorate of Marketing & Inspection,Volume-7 (Food grains and allied products Compendium)-AGMARK.pdf,21,
Matki or Moth (Whole),Food grains and allied products (pulses),,Other_edible_grains,Special,,0.2,,"% by weight (max, unless noted)",AGMARK / Directorate of Marketing & Inspection,Volume-7 (Food grains and allied products Compendium)-AGMARK.pdf,21,
Matki or Moth (Whole),Food grains and allied products (pulses),,Damaged_grains,Special,,1.0,,"% by weight (max, unless noted)",AGMARK / Directorate of Marketing & Inspection,Volume-7 (Food grains and allied products Compendium)-AGMARK.pdf,21,
Matki or Moth (Whole),Food grains and allied products (pulses),,Additional_param_1,Special,,1.0,,"% by weight (max, unless noted)",AGMARK / Directorate of Marketing & Inspection,Volume-7 (Food grains and allied products Compendium)-AGMARK.pdf,21,
Matki or Moth (Whole),Food grains and allied products (pulses),,Moisture,Standard,,12.0,,"% by weight (max, unless noted)",AGMARK / Directorate of Marketing & Inspection,Volume-7 (Food grains and allied products Compendium)-AGMARK.pdf,21,
Matki or Moth (Whole),Food grains and allied products (pulses),,Foreign_matter_organic,Standard,,0.2,,"% by weight (max, unless noted)",AGMARK / Directorate of Marketing & Inspection,Volume-7 (Food grains and allied products Compendium)-AGMARK.pdf,21,
Matki or Moth (Whole),Food grains and allied products (pulses),,Foreign_matter_inorganic,Standard,,0.1,,"% by weight (max, unless noted)",AGMARK / Directorate of Marketing & Inspection,Volume-7 (Food grains and allied products Compendium)-AGMARK.pdf,21,
Matki or Moth (Whole),Food grains and allied products (pulses),,Other_edible_grains,Standard,,0.5,,"% by weight (max, unless noted)",AGMARK / Directorate of Marketing & Inspection,Volume-7 (Food grains and allied products Compendium)-AGMARK.pdf,21,
Matki or Moth (Whole),Food grains and allied products (pulses),,Damaged_grains,Standard,,2.0,,"% by weight (max, unless noted)",AGMARK / Directorate of Marketing & Inspection,Volume-7 (Food grains and allied products Compendium)-AGMARK.pdf,21,
Matki or Moth (Whole),Food grains and allied products (pulses),,Additional_param_1,Standard,,3.0,,"% by weight (max, unless noted)",AGMARK / Directorate of Marketing & Inspection,Volume-7 (Food grains and allied products Compendium)-AGMARK.pdf,21,
Matki or Moth (Whole),Food grains and allied products (pulses),,Moisture,General,,16.0,,"% by weight (max, unless noted)",AGMARK / Directorate of Marketing & Inspection,Volume-7 (Food grains and allied products Compendium)-AGMARK.pdf,21,
Matki or Moth (Whole),Food grains and allied products (pulses),,Foreign_matter_organic,General,,0.75,,"% by weight (max, unless noted)",AGMARK / Directorate of Marketing & Inspection,Volume-7 (Food grains and allied products Compendium)-AGMARK.pdf,21,
Matki or Moth (Whole),Food grains and allied products (pulses),,Foreign_matter_inorganic,General,,0.25,,"% by weight (max, unless noted)",AGMARK / Directorate of Marketing & Inspection,Volume-7 (Food grains and allied products Compendium)-AGMARK.pdf,21,
Matki or Moth (Whole),Food grains and allied products (pulses),,Other_edible_grains,General,,6.0,,"% by weight (max, unless noted)",AGMARK / Directorate of Marketing & Inspection,Volume-7 (Food grains and allied products Compendium)-AGMARK.pdf,21,
Matki or Moth (Whole),Food grains and allied products (pulses),,Damaged_grains,General,,5.0,,"% by weight (max, unless noted)",AGMARK / Directorate of Marketing & Inspection,Volume-7 (Food grains and allied products Compendium)-AGMARK.pdf,21,
Matki or Moth (Whole),Food grains and allied products (pulses),,Additional_param_1,General,,10.0,,"% by weight (max, unless noted)",AGMARK / Directorate of Marketing & Inspection,Volume-7 (Food grains and allied products Compendium)-AGMARK.pdf,21,
Matki or Moth split (without husk),Food grains and allied products (pulses),,Moisture,Special,,11.0,,"% by weight (max, unless noted)",AGMARK / Directorate of Marketing & Inspection,Volume-7 (Food grains and allied products Compendium)-AGMARK.pdf,22,
Matki or Moth split (without husk),Food grains and allied products (pulses),,Foreign_matter_organic,Special,,0.1,,"% by weight (max, unless noted)",AGMARK / Directorate of Marketing & Inspection,Volume-7 (Food grains and allied products Compendium)-AGMARK.pdf,22,
Matki or Moth split (without husk),Food grains and allied products (pulses),,Foreign_matter_inorganic,Special,,0.05,,"% by weight (max, unless noted)",AGMARK / Directorate of Marketing & Inspection,Volume-7 (Food grains and allied products Compendium)-AGMARK.pdf,22,
Matki or Moth split (without husk),Food grains and allied products (pulses),,Other_edible_grains,Special,,0.2,,"% by weight (max, unless noted)",AGMARK / Directorate of Marketing & Inspection,Volume-7 (Food grains and allied products Compendium)-AGMARK.pdf,22,
Matki or Moth split (without husk),Food grains and allied products (pulses),,Damaged_grains,Special,,0.5,,"% by weight (max, unless noted)",AGMARK / Directorate of Marketing & Inspection,Volume-7 (Food grains and allied products Compendium)-AGMARK.pdf,22,
Matki or Moth split (without husk),Food grains and allied products (pulses),,Additional_param_1,Special,,2.0,,"% by weight (max, unless noted)",AGMARK / Directorate of Marketing & Inspection,Volume-7 (Food grains and allied products Compendium)-AGMARK.pdf,22,
Matki or Moth split (without husk),Food grains and allied products (pulses),,Additional_param_2,Special,,1.0,,"% by weight (max, unless noted)",AGMARK / Directorate of Marketing & Inspection,Volume-7 (Food grains and allied products Compendium)-AGMARK.pdf,22,
Matki or Moth split (without husk),Food grains and allied products (pulses),,Moisture,Standard,,12.0,,"% by weight (max, unless noted)",AGMARK / Directorate of Marketing & Inspection,Volume-7 (Food grains and allied products Compendium)-AGMARK.pdf,22,
Matki or Moth split (without husk),Food grains and allied products (pulses),,Foreign_matter_organic,Standard,,0.2,,"% by weight (max, unless noted)",AGMARK / Directorate of Marketing & Inspection,Volume-7 (Food grains and allied products Compendium)-AGMARK.pdf,22,
Matki or Moth split (without husk),Food grains and allied products (pulses),,Foreign_matter_inorganic,Standard,,0.1,,"% by weight (max, unless noted)",AGMARK / Directorate of Marketing & Inspection,Volume-7 (Food grains and allied products Compendium)-AGMARK.pdf,22,
Matki or Moth split (without husk),Food grains and allied products (pulses),,Other_edible_grains,Standard,,0.5,,"% by weight (max, unless noted)",AGMARK / Directorate of Marketing & Inspection,Volume-7 (Food grains and allied products Compendium)-AGMARK.pdf,22,
Matki or Moth split (without husk),Food grains and allied products (pulses),,Damaged_grains,Standard,,1.0,,"% by weight (max, unless noted)",AGMARK / Directorate of Marketing & Inspection,Volume-7 (Food grains and allied products Compendium)-AGMARK.pdf,22,
Matki or Moth split (without husk),Food grains and allied products (pulses),,Additional_param_1,Standard,,3.0,,"% by weight (max, unless noted)",AGMARK / Directorate of Marketing & Inspection,Volume-7 (Food grains and allied products Compendium)-AGMARK.pdf,22,
Matki or Moth split (without husk),Food grains and allied products (pulses),,Additional_param_2,Standard,,2.0,,"% by weight (max, unless noted)",AGMARK / Directorate of Marketing & Inspection,Volume-7 (Food grains and allied products Compendium)-AGMARK.pdf,22,
Matki or Moth split (without husk),Food grains and allied products (pulses),,Moisture,General,,16.0,,"% by weight (max, unless noted)",AGMARK / Directorate of Marketing & Inspection,Volume-7 (Food grains and allied products Compendium)-AGMARK.pdf,22,
Matki or Moth split (without husk),Food grains and allied products (pulses),,Foreign_matter_organic,General,,0.75,,"% by weight (max, unless noted)",AGMARK / Directorate of Marketing & Inspection,Volume-7 (Food grains and allied products Compendium)-AGMARK.pdf,22,
Matki or Moth split (without husk),Food grains and allied products (pulses),,Foreign_matter_inorganic,General,,0.25,,"% by weight (max, unless noted)",AGMARK / Directorate of Marketing & Inspection,Volume-7 (Food grains and allied products Compendium)-AGMARK.pdf,22,
Matki or Moth split (without husk),Food grains and allied products (pulses),,Other_edible_grains,General,,6.0,,"% by weight (max, unless noted)",AGMARK / Directorate of Marketing & Inspection,Volume-7 (Food grains and allied products Compendium)-AGMARK.pdf,22,
Matki or Moth split (without husk),Food grains and allied products (pulses),,Damaged_grains,General,,5.0,,"% by weight (max, unless noted)",AGMARK / Directorate of Marketing & Inspection,Volume-7 (Food grains and allied products Compendium)-AGMARK.pdf,22,
Matki or Moth split (without husk),Food grains and allied products (pulses),,Additional_param_1,General,,5.0,,"% by weight (max, unless noted)",AGMARK / Directorate of Marketing & Inspection,Volume-7 (Food grains and allied products Compendium)-AGMARK.pdf,22,
Matki or Moth split (without husk),Food grains and allied products (pulses),,Additional_param_2,General,,10.0,,"% by weight (max, unless noted)",AGMARK / Directorate of Marketing & Inspection,Volume-7 (Food grains and allied products Compendium)-AGMARK.pdf,22,
Peas (whole),Food grains and allied products (pulses),,Moisture,Special,,11.0,,"% by weight (max, unless noted)",AGMARK / Directorate of Marketing & Inspection,Volume-7 (Food grains and allied products Compendium)-AGMARK.pdf,23,
Peas (whole),Food grains and allied products (pulses),,Foreign_matter_organic,Special,,0.1,,"% by weight (max, unless noted)",AGMARK / Directorate of Marketing & Inspection,Volume-7 (Food grains and allied products Compendium)-AGMARK.pdf,23,
Peas (whole),Food grains and allied products (pulses),,Foreign_matter_inorganic,Special,,0.05,,"% by weight (max, unless noted)",AGMARK / Directorate of Marketing & Inspection,Volume-7 (Food grains and allied products Compendium)-AGMARK.pdf,23,
Peas (whole),Food grains and allied products (pulses),,Other_edible_grains,Special,,0.2,,"% by weight (max, unless noted)",AGMARK / Directorate of Marketing & Inspection,Volume-7 (Food grains and allied products Compendium)-AGMARK.pdf,23,
Peas (whole),Food grains and allied products (pulses),,Damaged_grains,Special,,0.5,,"% by weight (max, unless noted)",AGMARK / Directorate of Marketing & Inspection,Volume-7 (Food grains and allied products Compendium)-AGMARK.pdf,23,
Peas (whole),Food grains and allied products (pulses),,Moisture,Standard,,12.0,,"% by weight (max, unless noted)",AGMARK / Directorate of Marketing & Inspection,Volume-7 (Food grains and allied products Compendium)-AGMARK.pdf,23,
Peas (whole),Food grains and allied products (pulses),,Foreign_matter_organic,Standard,,0.1,,"% by weight (max, unless noted)",AGMARK / Directorate of Marketing & Inspection,Volume-7 (Food grains and allied products Compendium)-AGMARK.pdf,23,
Peas (whole),Food grains and allied products (pulses),,Foreign_matter_inorganic,Standard,,0.1,,"% by weight (max, unless noted)",AGMARK / Directorate of Marketing & Inspection,Volume-7 (Food grains and allied products Compendium)-AGMARK.pdf,23,
Peas (whole),Food grains and allied products (pulses),,Other_edible_grains,Standard,,1.0,,"% by weight (max, unless noted)",AGMARK / Directorate of Marketing & Inspection,Volume-7 (Food grains and allied products Compendium)-AGMARK.pdf,23,
Peas (whole),Food grains and allied products (pulses),,Damaged_grains,Standard,,2.0,,"% by weight (max, unless noted)",AGMARK / Directorate of Marketing & Inspection,Volume-7 (Food grains and allied products Compendium)-AGMARK.pdf,23,
Peas (whole),Food grains and allied products (pulses),,Additional_param_1,Standard,,1.0,,"% by weight (max, unless noted)",AGMARK / Directorate of Marketing & Inspection,Volume-7 (Food grains and allied products Compendium)-AGMARK.pdf,23,
Peas (whole),Food grains and allied products (pulses),,Moisture,General,,16.0,,"% by weight (max, unless noted)",AGMARK / Directorate of Marketing & Inspection,Volume-7 (Food grains and allied products Compendium)-AGMARK.pdf,23,
Peas (whole),Food grains and allied products (pulses),,Foreign_matter_organic,General,,0.75,,"% by weight (max, unless noted)",AGMARK / Directorate of Marketing & Inspection,Volume-7 (Food grains and allied products Compendium)-AGMARK.pdf,23,
Peas (whole),Food grains and allied products (pulses),,Foreign_matter_inorganic,General,,0.25,,"% by weight (max, unless noted)",AGMARK / Directorate of Marketing & Inspection,Volume-7 (Food grains and allied products Compendium)-AGMARK.pdf,23,
Peas (whole),Food grains and allied products (pulses),,Other_edible_grains,General,,6.0,,"% by weight (max, unless noted)",AGMARK / Directorate of Marketing & Inspection,Volume-7 (Food grains and allied products Compendium)-AGMARK.pdf,23,
Peas (whole),Food grains and allied products (pulses),,Damaged_grains,General,,5.0,,"% by weight (max, unless noted)",AGMARK / Directorate of Marketing & Inspection,Volume-7 (Food grains and allied products Compendium)-AGMARK.pdf,23,
Peas (whole),Food grains and allied products (pulses),,Additional_param_1,General,,10.0,,"% by weight (max, unless noted)",AGMARK / Directorate of Marketing & Inspection,Volume-7 (Food grains and allied products Compendium)-AGMARK.pdf,23,
Rajma,Food grains and allied products (pulses),,Moisture,Special,,11.0,,"% by weight (max, unless noted)",AGMARK / Directorate of Marketing & Inspection,Volume-7 (Food grains and allied products Compendium)-AGMARK.pdf,24,
Rajma,Food grains and allied products (pulses),,Foreign_matter_organic,Special,,0.1,,"% by weight (max, unless noted)",AGMARK / Directorate of Marketing & Inspection,Volume-7 (Food grains and allied products Compendium)-AGMARK.pdf,24,
Rajma,Food grains and allied products (pulses),,Foreign_matter_inorganic,Special,,0.05,,"% by weight (max, unless noted)",AGMARK / Directorate of Marketing & Inspection,Volume-7 (Food grains and allied products Compendium)-AGMARK.pdf,24,
Rajma,Food grains and allied products (pulses),,Other_edible_grains,Special,,0.2,,"% by weight (max, unless noted)",AGMARK / Directorate of Marketing & Inspection,Volume-7 (Food grains and allied products Compendium)-AGMARK.pdf,24,
Rajma,Food grains and allied products (pulses),,Damaged_grains,Special,,0.5,,"% by weight (max, unless noted)",AGMARK / Directorate of Marketing & Inspection,Volume-7 (Food grains and allied products Compendium)-AGMARK.pdf,24,
Rajma,Food grains and allied products (pulses),,Moisture,Standard,,12.0,,"% by weight (max, unless noted)",AGMARK / Directorate of Marketing & Inspection,Volume-7 (Food grains and allied products Compendium)-AGMARK.pdf,24,
Rajma,Food grains and allied products (pulses),,Foreign_matter_organic,Standard,,0.1,,"% by weight (max, unless noted)",AGMARK / Directorate of Marketing & Inspection,Volume-7 (Food grains and allied products Compendium)-AGMARK.pdf,24,
Rajma,Food grains and allied products (pulses),,Foreign_matter_inorganic,Standard,,0.1,,"% by weight (max, unless noted)",AGMARK / Directorate of Marketing & Inspection,Volume-7 (Food grains and allied products Compendium)-AGMARK.pdf,24,
Rajma,Food grains and allied products (pulses),,Other_edible_grains,Standard,,0.5,,"% by weight (max, unless noted)",AGMARK / Directorate of Marketing & Inspection,Volume-7 (Food grains and allied products Compendium)-AGMARK.pdf,24,
Rajma,Food grains and allied products (pulses),,Damaged_grains,Standard,,2.0,,"% by weight (max, unless noted)",AGMARK / Directorate of Marketing & Inspection,Volume-7 (Food grains and allied products Compendium)-AGMARK.pdf,24,
Rajma,Food grains and allied products (pulses),,Additional_param_1,Standard,,1.0,,"% by weight (max, unless noted)",AGMARK / Directorate of Marketing & Inspection,Volume-7 (Food grains and allied products Compendium)-AGMARK.pdf,24,
Rajma,Food grains and allied products (pulses),,Moisture,General,,16.0,,"% by weight (max, unless noted)",AGMARK / Directorate of Marketing & Inspection,Volume-7 (Food grains and allied products Compendium)-AGMARK.pdf,24,
Rajma,Food grains and allied products (pulses),,Foreign_matter_organic,General,,0.75,,"% by weight (max, unless noted)",AGMARK / Directorate of Marketing & Inspection,Volume-7 (Food grains and allied products Compendium)-AGMARK.pdf,24,
Rajma,Food grains and allied products (pulses),,Foreign_matter_inorganic,General,,0.25,,"% by weight (max, unless noted)",AGMARK / Directorate of Marketing & Inspection,Volume-7 (Food grains and allied products Compendium)-AGMARK.pdf,24,
Rajma,Food grains and allied products (pulses),,Other_edible_grains,General,,6.0,,"% by weight (max, unless noted)",AGMARK / Directorate of Marketing & Inspection,Volume-7 (Food grains and allied products Compendium)-AGMARK.pdf,24,
Rajma,Food grains and allied products (pulses),,Damaged_grains,General,,5.0,,"% by weight (max, unless noted)",AGMARK / Directorate of Marketing & Inspection,Volume-7 (Food grains and allied products Compendium)-AGMARK.pdf,24,
Rajma,Food grains and allied products (pulses),,Additional_param_1,General,,10.0,,"% by weight (max, unless noted)",AGMARK / Directorate of Marketing & Inspection,Volume-7 (Food grains and allied products Compendium)-AGMARK.pdf,24,
Lobia (Cowpea),Food grains and allied products (pulses),,Moisture,Special,,11.0,,"% by weight (max, unless noted)",AGMARK / Directorate of Marketing & Inspection,Volume-7 (Food grains and allied products Compendium)-AGMARK.pdf,25,
Lobia (Cowpea),Food grains and allied products (pulses),,Foreign_matter_organic,Special,,0.1,,"% by weight (max, unless noted)",AGMARK / Directorate of Marketing & Inspection,Volume-7 (Food grains and allied products Compendium)-AGMARK.pdf,25,
Lobia (Cowpea),Food grains and allied products (pulses),,Foreign_matter_inorganic,Special,,0.05,,"% by weight (max, unless noted)",AGMARK / Directorate of Marketing & Inspection,Volume-7 (Food grains and allied products Compendium)-AGMARK.pdf,25,
Lobia (Cowpea),Food grains and allied products (pulses),,Other_edible_grains,Special,,0.2,,"% by weight (max, unless noted)",AGMARK / Directorate of Marketing & Inspection,Volume-7 (Food grains and allied products Compendium)-AGMARK.pdf,25,
Lobia (Cowpea),Food grains and allied products (pulses),,Damaged_grains,Special,,0.5,,"% by weight (max, unless noted)",AGMARK / Directorate of Marketing & Inspection,Volume-7 (Food grains and allied products Compendium)-AGMARK.pdf,25,
Lobia (Cowpea),Food grains and allied products (pulses),,Additional_param_1,Special,,1.0,,"% by weight (max, unless noted)",AGMARK / Directorate of Marketing & Inspection,Volume-7 (Food grains and allied products Compendium)-AGMARK.pdf,25,
Lobia (Cowpea),Food grains and allied products (pulses),,Moisture,Standard,,12.0,,"% by weight (max, unless noted)",AGMARK / Directorate of Marketing & Inspection,Volume-7 (Food grains and allied products Compendium)-AGMARK.pdf,25,
Lobia (Cowpea),Food grains and allied products (pulses),,Foreign_matter_organic,Standard,,0.1,,"% by weight (max, unless noted)",AGMARK / Directorate of Marketing & Inspection,Volume-7 (Food grains and allied products Compendium)-AGMARK.pdf,25,
Lobia (Cowpea),Food grains and allied products (pulses),,Foreign_matter_inorganic,Standard,,0.1,,"% by weight (max, unless noted)",AGMARK / Directorate of Marketing & Inspection,Volume-7 (Food grains and allied products Compendium)-AGMARK.pdf,25,
Lobia (Cowpea),Food grains and allied products (pulses),,Other_edible_grains,Standard,,0.5,,"% by weight (max, unless noted)",AGMARK / Directorate of Marketing & Inspection,Volume-7 (Food grains and allied products Compendium)-AGMARK.pdf,25,
Lobia (Cowpea),Food grains and allied products (pulses),,Damaged_grains,Standard,,2.0,,"% by weight (max, unless noted)",AGMARK / Directorate of Marketing & Inspection,Volume-7 (Food grains and allied products Compendium)-AGMARK.pdf,25,
Lobia (Cowpea),Food grains and allied products (pulses),,Additional_param_1,Standard,,2.0,,"% by weight (max, unless noted)",AGMARK / Directorate of Marketing & Inspection,Volume-7 (Food grains and allied products Compendium)-AGMARK.pdf,25,
Lobia (Cowpea),Food grains and allied products (pulses),,Moisture,General,,16.0,,"% by weight (max, unless noted)",AGMARK / Directorate of Marketing & Inspection,Volume-7 (Food grains and allied products Compendium)-AGMARK.pdf,25,
Lobia (Cowpea),Food grains and allied products (pulses),,Foreign_matter_organic,General,,0.75,,"% by weight (max, unless noted)",AGMARK / Directorate of Marketing & Inspection,Volume-7 (Food grains and allied products Compendium)-AGMARK.pdf,25,
Lobia (Cowpea),Food grains and allied products (pulses),,Foreign_matter_inorganic,General,,0.25,,"% by weight (max, unless noted)",AGMARK / Directorate of Marketing & Inspection,Volume-7 (Food grains and allied products Compendium)-AGMARK.pdf,25,
Lobia (Cowpea),Food grains and allied products (pulses),,Other_edible_grains,General,,6.0,,"% by weight (max, unless noted)",AGMARK / Directorate of Marketing & Inspection,Volume-7 (Food grains and allied products Compendium)-AGMARK.pdf,25,
Lobia (Cowpea),Food grains and allied products (pulses),,Damaged_grains,General,,5.0,,"% by weight (max, unless noted)",AGMARK / Directorate of Marketing & Inspection,Volume-7 (Food grains and allied products Compendium)-AGMARK.pdf,25,
Lobia (Cowpea),Food grains and allied products (pulses),,Additional_param_1,General,,10.0,,"% by weight (max, unless noted)",AGMARK / Directorate of Marketing & Inspection,Volume-7 (Food grains and allied products Compendium)-AGMARK.pdf,25,
Sorghum,Food grains and allied products (pulses),,Moisture,Standard,,13.0,,"% by weight (max, unless noted)",AGMARK / Directorate of Marketing & Inspection,Volume-7 (Food grains and allied products Compendium)-AGMARK.pdf,31,
Sorghum,Food grains and allied products (pulses),,Foreign_matter_organic,Standard,,0.5,,"% by weight (max, unless noted)",AGMARK / Directorate of Marketing & Inspection,Volume-7 (Food grains and allied products Compendium)-AGMARK.pdf,31,
Sorghum,Food grains and allied products (pulses),,Foreign_matter_inorganic,Standard,,0.25,,"% by weight (max, unless noted)",AGMARK / Directorate of Marketing & Inspection,Volume-7 (Food grains and allied products Compendium)-AGMARK.pdf,31,
Sorghum,Food grains and allied products (pulses),,Other_edible_grains,Standard,,1.5,,"% by weight (max, unless noted)",AGMARK / Directorate of Marketing & Inspection,Volume-7 (Food grains and allied products Compendium)-AGMARK.pdf,31,
Sorghum,Food grains and allied products (pulses),,Damaged_grains,Standard,,0.5,,"% by weight (max, unless noted)",AGMARK / Directorate of Marketing & Inspection,Volume-7 (Food grains and allied products Compendium)-AGMARK.pdf,31,
Sorghum,Food grains and allied products (pulses),,Additional_param_1,Standard,,5.0,,"% by weight (max, unless noted)",AGMARK / Directorate of Marketing & Inspection,Volume-7 (Food grains and allied products Compendium)-AGMARK.pdf,31,
Sorghum,Food grains and allied products (pulses),,Additional_param_2,Standard,,3.0,,"% by weight (max, unless noted)",AGMARK / Directorate of Marketing & Inspection,Volume-7 (Food grains and allied products Compendium)-AGMARK.pdf,31,
Pearl millet,Food grains and allied products (pulses),,Moisture,Standard,,13.0,,"% by weight (max, unless noted)",AGMARK / Directorate of Marketing & Inspection,Volume-7 (Food grains and allied products Compendium)-AGMARK.pdf,32,
Pearl millet,Food grains and allied products (pulses),,Foreign_matter_organic,Standard,,0.5,,"% by weight (max, unless noted)",AGMARK / Directorate of Marketing & Inspection,Volume-7 (Food grains and allied products Compendium)-AGMARK.pdf,32,
Pearl millet,Food grains and allied products (pulses),,Foreign_matter_inorganic,Standard,,0.25,,"% by weight (max, unless noted)",AGMARK / Directorate of Marketing & Inspection,Volume-7 (Food grains and allied products Compendium)-AGMARK.pdf,32,
Pearl millet,Food grains and allied products (pulses),,Other_edible_grains,Standard,,1.5,,"% by weight (max, unless noted)",AGMARK / Directorate of Marketing & Inspection,Volume-7 (Food grains and allied products Compendium)-AGMARK.pdf,32,
Pearl millet,Food grains and allied products (pulses),,Damaged_grains,Standard,,0.5,,"% by weight (max, unless noted)",AGMARK / Directorate of Marketing & Inspection,Volume-7 (Food grains and allied products Compendium)-AGMARK.pdf,32,
Pearl millet,Food grains and allied products (pulses),,Additional_param_1,Standard,,5.0,,"% by weight (max, unless noted)",AGMARK / Directorate of Marketing & Inspection,Volume-7 (Food grains and allied products Compendium)-AGMARK.pdf,32,
Pearl millet,Food grains and allied products (pulses),,Additional_param_2,Standard,,3.0,,"% by weight (max, unless noted)",AGMARK / Directorate of Marketing & Inspection,Volume-7 (Food grains and allied products Compendium)-AGMARK.pdf,32,
Finger millet,Food grains and allied products (pulses),,Moisture,Standard,,13.0,,"% by weight (max, unless noted)",AGMARK / Directorate of Marketing & Inspection,Volume-7 (Food grains and allied products Compendium)-AGMARK.pdf,33,
Finger millet,Food grains and allied products (pulses),,Foreign_matter_organic,Standard,,0.5,,"% by weight (max, unless noted)",AGMARK / Directorate of Marketing & Inspection,Volume-7 (Food grains and allied products Compendium)-AGMARK.pdf,33,
Finger millet,Food grains and allied products (pulses),,Foreign_matter_inorganic,Standard,,0.25,,"% by weight (max, unless noted)",AGMARK / Directorate of Marketing & Inspection,Volume-7 (Food grains and allied products Compendium)-AGMARK.pdf,33,
Finger millet,Food grains and allied products (pulses),,Other_edible_grains,Standard,,1.5,,"% by weight (max, unless noted)",AGMARK / Directorate of Marketing & Inspection,Volume-7 (Food grains and allied products Compendium)-AGMARK.pdf,33,
Finger millet,Food grains and allied products (pulses),,Damaged_grains,Standard,,0.5,,"% by weight (max, unless noted)",AGMARK / Directorate of Marketing & Inspection,Volume-7 (Food grains and allied products Compendium)-AGMARK.pdf,33,
Finger millet,Food grains and allied products (pulses),,Additional_param_1,Standard,,5.0,,"% by weight (max, unless noted)",AGMARK / Directorate of Marketing & Inspection,Volume-7 (Food grains and allied products Compendium)-AGMARK.pdf,33,
Finger millet,Food grains and allied products (pulses),,Additional_param_2,Standard,,3.0,,"% by weight (max, unless noted)",AGMARK / Directorate of Marketing & Inspection,Volume-7 (Food grains and allied products Compendium)-AGMARK.pdf,33,
Foxtail millet,Food grains and allied products (pulses),,Moisture,Standard,,13.0,,"% by weight (max, unless noted)",AGMARK / Directorate of Marketing & Inspection,Volume-7 (Food grains and allied products Compendium)-AGMARK.pdf,34,
Foxtail millet,Food grains and allied products (pulses),,Foreign_matter_organic,Standard,,0.5,,"% by weight (max, unless noted)",AGMARK / Directorate of Marketing & Inspection,Volume-7 (Food grains and allied products Compendium)-AGMARK.pdf,34,
Foxtail millet,Food grains and allied products (pulses),,Foreign_matter_inorganic,Standard,,0.25,,"% by weight (max, unless noted)",AGMARK / Directorate of Marketing & Inspection,Volume-7 (Food grains and allied products Compendium)-AGMARK.pdf,34,
Foxtail millet,Food grains and allied products (pulses),,Other_edible_grains,Standard,,1.5,,"% by weight (max, unless noted)",AGMARK / Directorate of Marketing & Inspection,Volume-7 (Food grains and allied products Compendium)-AGMARK.pdf,34,
Foxtail millet,Food grains and allied products (pulses),,Damaged_grains,Standard,,0.5,,"% by weight (max, unless noted)",AGMARK / Directorate of Marketing & Inspection,Volume-7 (Food grains and allied products Compendium)-AGMARK.pdf,34,
Foxtail millet,Food grains and allied products (pulses),,Additional_param_1,Standard,,5.0,,"% by weight (max, unless noted)",AGMARK / Directorate of Marketing & Inspection,Volume-7 (Food grains and allied products Compendium)-AGMARK.pdf,34,
Foxtail millet,Food grains and allied products (pulses),,Additional_param_2,Standard,,3.0,,"% by weight (max, unless noted)",AGMARK / Directorate of Marketing & Inspection,Volume-7 (Food grains and allied products Compendium)-AGMARK.pdf,34,
Kodo millet,Food grains and allied products (pulses),,Moisture,Standard,,13.0,,"% by weight (max, unless noted)",AGMARK / Directorate of Marketing & Inspection,Volume-7 (Food grains and allied products Compendium)-AGMARK.pdf,35,
Kodo millet,Food grains and allied products (pulses),,Foreign_matter_organic,Standard,,0.5,,"% by weight (max, unless noted)",AGMARK / Directorate of Marketing & Inspection,Volume-7 (Food grains and allied products Compendium)-AGMARK.pdf,35,
Kodo millet,Food grains and allied products (pulses),,Foreign_matter_inorganic,Standard,,0.25,,"% by weight (max, unless noted)",AGMARK / Directorate of Marketing & Inspection,Volume-7 (Food grains and allied products Compendium)-AGMARK.pdf,35,
Kodo millet,Food grains and allied products (pulses),,Other_edible_grains,Standard,,1.5,,"% by weight (max, unless noted)",AGMARK / Directorate of Marketing & Inspection,Volume-7 (Food grains and allied products Compendium)-AGMARK.pdf,35,
Kodo millet,Food grains and allied products (pulses),,Damaged_grains,Standard,,0.5,,"% by weight (max, unless noted)",AGMARK / Directorate of Marketing & Inspection,Volume-7 (Food grains and allied products Compendium)-AGMARK.pdf,35,
Kodo millet,Food grains and allied products (pulses),,Additional_param_1,Standard,,5.0,,"% by weight (max, unless noted)",AGMARK / Directorate of Marketing & Inspection,Volume-7 (Food grains and allied products Compendium)-AGMARK.pdf,35,
Kodo millet,Food grains and allied products (pulses),,Additional_param_2,Standard,,3.0,,"% by weight (max, unless noted)",AGMARK / Directorate of Marketing & Inspection,Volume-7 (Food grains and allied products Compendium)-AGMARK.pdf,35,
Little millet,Food grains and allied products (pulses),,Moisture,Standard,,13.0,,"% by weight (max, unless noted)",AGMARK / Directorate of Marketing & Inspection,Volume-7 (Food grains and allied products Compendium)-AGMARK.pdf,36,
Little millet,Food grains and allied products (pulses),,Foreign_matter_organic,Standard,,0.5,,"% by weight (max, unless noted)",AGMARK / Directorate of Marketing & Inspection,Volume-7 (Food grains and allied products Compendium)-AGMARK.pdf,36,
Little millet,Food grains and allied products (pulses),,Foreign_matter_inorganic,Standard,,0.25,,"% by weight (max, unless noted)",AGMARK / Directorate of Marketing & Inspection,Volume-7 (Food grains and allied products Compendium)-AGMARK.pdf,36,
Little millet,Food grains and allied products (pulses),,Other_edible_grains,Standard,,1.5,,"% by weight (max, unless noted)",AGMARK / Directorate of Marketing & Inspection,Volume-7 (Food grains and allied products Compendium)-AGMARK.pdf,36,
Little millet,Food grains and allied products (pulses),,Damaged_grains,Standard,,0.5,,"% by weight (max, unless noted)",AGMARK / Directorate of Marketing & Inspection,Volume-7 (Food grains and allied products Compendium)-AGMARK.pdf,36,
Little millet,Food grains and allied products (pulses),,Additional_param_1,Standard,,5.0,,"% by weight (max, unless noted)",AGMARK / Directorate of Marketing & Inspection,Volume-7 (Food grains and allied products Compendium)-AGMARK.pdf,36,
Little millet,Food grains and allied products (pulses),,Additional_param_2,Standard,,3.0,,"% by weight (max, unless noted)",AGMARK / Directorate of Marketing & Inspection,Volume-7 (Food grains and allied products Compendium)-AGMARK.pdf,36,
Browntop millet,Food grains and allied products (pulses),,Moisture,Standard,,13.0,,"% by weight (max, unless noted)",AGMARK / Directorate of Marketing & Inspection,Volume-7 (Food grains and allied products Compendium)-AGMARK.pdf,37,
Browntop millet,Food grains and allied products (pulses),,Foreign_matter_organic,Standard,,0.5,,"% by weight (max, unless noted)",AGMARK / Directorate of Marketing & Inspection,Volume-7 (Food grains and allied products Compendium)-AGMARK.pdf,37,
Browntop millet,Food grains and allied products (pulses),,Foreign_matter_inorganic,Standard,,0.25,,"% by weight (max, unless noted)",AGMARK / Directorate of Marketing & Inspection,Volume-7 (Food grains and allied products Compendium)-AGMARK.pdf,37,
Browntop millet,Food grains and allied products (pulses),,Other_edible_grains,Standard,,1.5,,"% by weight (max, unless noted)",AGMARK / Directorate of Marketing & Inspection,Volume-7 (Food grains and allied products Compendium)-AGMARK.pdf,37,
Browntop millet,Food grains and allied products (pulses),,Damaged_grains,Standard,,0.5,,"% by weight (max, unless noted)",AGMARK / Directorate of Marketing & Inspection,Volume-7 (Food grains and allied products Compendium)-AGMARK.pdf,37,
Browntop millet,Food grains and allied products (pulses),,Additional_param_1,Standard,,5.0,,"% by weight (max, unless noted)",AGMARK / Directorate of Marketing & Inspection,Volume-7 (Food grains and allied products Compendium)-AGMARK.pdf,37,
Browntop millet,Food grains and allied products (pulses),,Additional_param_2,Standard,,3.0,,"% by weight (max, unless noted)",AGMARK / Directorate of Marketing & Inspection,Volume-7 (Food grains and allied products Compendium)-AGMARK.pdf,37,
Barnyard millet,Food grains and allied products (pulses),,Moisture,Standard,,13.0,,"% by weight (max, unless noted)",AGMARK / Directorate of Marketing & Inspection,Volume-7 (Food grains and allied products Compendium)-AGMARK.pdf,38,
Barnyard millet,Food grains and allied products (pulses),,Foreign_matter_organic,Standard,,0.5,,"% by weight (max, unless noted)",AGMARK / Directorate of Marketing & Inspection,Volume-7 (Food grains and allied products Compendium)-AGMARK.pdf,38,
Barnyard millet,Food grains and allied products (pulses),,Foreign_matter_inorganic,Standard,,0.25,,"% by weight (max, unless noted)",AGMARK / Directorate of Marketing & Inspection,Volume-7 (Food grains and allied products Compendium)-AGMARK.pdf,38,
Barnyard millet,Food grains and allied products (pulses),,Other_edible_grains,Standard,,1.5,,"% by weight (max, unless noted)",AGMARK / Directorate of Marketing & Inspection,Volume-7 (Food grains and allied products Compendium)-AGMARK.pdf,38,
Barnyard millet,Food grains and allied products (pulses),,Damaged_grains,Standard,,0.5,,"% by weight (max, unless noted)",AGMARK / Directorate of Marketing & Inspection,Volume-7 (Food grains and allied products Compendium)-AGMARK.pdf,38,
Barnyard millet,Food grains and allied products (pulses),,Additional_param_1,Standard,,5.0,,"% by weight (max, unless noted)",AGMARK / Directorate of Marketing & Inspection,Volume-7 (Food grains and allied products Compendium)-AGMARK.pdf,38,
Barnyard millet,Food grains and allied products (pulses),,Additional_param_2,Standard,,3.0,,"% by weight (max, unless noted)",AGMARK / Directorate of Marketing & Inspection,Volume-7 (Food grains and allied products Compendium)-AGMARK.pdf,38,
Proso millet,Food grains and allied products (pulses),,Moisture,Standard,,13.0,,"% by weight (max, unless noted)",AGMARK / Directorate of Marketing & Inspection,Volume-7 (Food grains and allied products Compendium)-AGMARK.pdf,39,
Proso millet,Food grains and allied products (pulses),,Foreign_matter_organic,Standard,,0.5,,"% by weight (max, unless noted)",AGMARK / Directorate of Marketing & Inspection,Volume-7 (Food grains and allied products Compendium)-AGMARK.pdf,39,
Proso millet,Food grains and allied products (pulses),,Foreign_matter_inorganic,Standard,,0.25,,"% by weight (max, unless noted)",AGMARK / Directorate of Marketing & Inspection,Volume-7 (Food grains and allied products Compendium)-AGMARK.pdf,39,
Proso millet,Food grains and allied products (pulses),,Other_edible_grains,Standard,,1.5,,"% by weight (max, unless noted)",AGMARK / Directorate of Marketing & Inspection,Volume-7 (Food grains and allied products Compendium)-AGMARK.pdf,39,
Proso millet,Food grains and allied products (pulses),,Damaged_grains,Standard,,0.5,,"% by weight (max, unless noted)",AGMARK / Directorate of Marketing & Inspection,Volume-7 (Food grains and allied products Compendium)-AGMARK.pdf,39,
Proso millet,Food grains and allied products (pulses),,Additional_param_1,Standard,,5.0,,"% by weight (max, unless noted)",AGMARK / Directorate of Marketing & Inspection,Volume-7 (Food grains and allied products Compendium)-AGMARK.pdf,39,
Proso millet,Food grains and allied products (pulses),,Additional_param_2,Standard,,3.0,,"% by weight (max, unless noted)",AGMARK / Directorate of Marketing & Inspection,Volume-7 (Food grains and allied products Compendium)-AGMARK.pdf,39,
Amaranthus seed,Food grains and allied products (pulses),,Moisture,Special,,12.0,,"% by weight (max, unless noted)",AGMARK / Directorate of Marketing & Inspection,Volume-7 (Food grains and allied products Compendium)-AGMARK.pdf,40,
Amaranthus seed,Food grains and allied products (pulses),,Foreign_matter_organic,Special,,0.15,,"% by weight (max, unless noted)",AGMARK / Directorate of Marketing & Inspection,Volume-7 (Food grains and allied products Compendium)-AGMARK.pdf,40,
Amaranthus seed,Food grains and allied products (pulses),,Foreign_matter_inorganic,Special,,0.1,,"% by weight (max, unless noted)",AGMARK / Directorate of Marketing & Inspection,Volume-7 (Food grains and allied products Compendium)-AGMARK.pdf,40,
Amaranthus seed,Food grains and allied products (pulses),,Other_edible_grains,Special,,1.0,,"% by weight (max, unless noted)",AGMARK / Directorate of Marketing & Inspection,Volume-7 (Food grains and allied products Compendium)-AGMARK.pdf,40,
Amaranthus seed,Food grains and allied products (pulses),,Damaged_grains,Special,,0.25,,"% by weight (max, unless noted)",AGMARK / Directorate of Marketing & Inspection,Volume-7 (Food grains and allied products Compendium)-AGMARK.pdf,40,
Amaranthus seed,Food grains and allied products (pulses),,Additional_param_1,Special,,3.0,,"% by weight (max, unless noted)",AGMARK / Directorate of Marketing & Inspection,Volume-7 (Food grains and allied products Compendium)-AGMARK.pdf,40,
Amaranthus seed,Food grains and allied products (pulses),,Additional_param_2,Special,,2.0,,"% by weight (max, unless noted)",AGMARK / Directorate of Marketing & Inspection,Volume-7 (Food grains and allied products Compendium)-AGMARK.pdf,40,
Amaranthus seed,Food grains and allied products (pulses),,Moisture,Standard,,13.0,,"% by weight (max, unless noted)",AGMARK / Directorate of Marketing & Inspection,Volume-7 (Food grains and allied products Compendium)-AGMARK.pdf,40,
Amaranthus seed,Food grains and allied products (pulses),,Foreign_matter_organic,Standard,,0.5,,"% by weight (max, unless noted)",AGMARK / Directorate of Marketing & Inspection,Volume-7 (Food grains and allied products Compendium)-AGMARK.pdf,40,
Amaranthus seed,Food grains and allied products (pulses),,Foreign_matter_inorganic,Standard,,0.25,,"% by weight (max, unless noted)",AGMARK / Directorate of Marketing & Inspection,Volume-7 (Food grains and allied products Compendium)-AGMARK.pdf,40,
Amaranthus seed,Food grains and allied products (pulses),,Other_edible_grains,Standard,,1.5,,"% by weight (max, unless noted)",AGMARK / Directorate of Marketing & Inspection,Volume-7 (Food grains and allied products Compendium)-AGMARK.pdf,40,
Amaranthus seed,Food grains and allied products (pulses),,Damaged_grains,Standard,,0.5,,"% by weight (max, unless noted)",AGMARK / Directorate of Marketing & Inspection,Volume-7 (Food grains and allied products Compendium)-AGMARK.pdf,40,
Amaranthus seed,Food grains and allied products (pulses),,Additional_param_1,Standard,,5.0,,"% by weight (max, unless noted)",AGMARK / Directorate of Marketing & Inspection,Volume-7 (Food grains and allied products Compendium)-AGMARK.pdf,40,
Amaranthus seed,Food grains and allied products (pulses),,Additional_param_2,Standard,,3.0,,"% by weight (max, unless noted)",AGMARK / Directorate of Marketing & Inspection,Volume-7 (Food grains and allied products Compendium)-AGMARK.pdf,40,
Amaranthus seed,Food grains and allied products (pulses),,Moisture,General,,13.0,,"% by weight (max, unless noted)",AGMARK / Directorate of Marketing & Inspection,Volume-7 (Food grains and allied products Compendium)-AGMARK.pdf,40,
Amaranthus seed,Food grains and allied products (pulses),,Foreign_matter_organic,General,,0.75,,"% by weight (max, unless noted)",AGMARK / Directorate of Marketing & Inspection,Volume-7 (Food grains and allied products Compendium)-AGMARK.pdf,40,
Amaranthus seed,Food grains and allied products (pulses),,Foreign_matter_inorganic,General,,0.25,,"% by weight (max, unless noted)",AGMARK / Directorate of Marketing & Inspection,Volume-7 (Food grains and allied products Compendium)-AGMARK.pdf,40,
Amaranthus seed,Food grains and allied products (pulses),,Other_edible_grains,General,,2.0,,"% by weight (max, unless noted)",AGMARK / Directorate of Marketing & Inspection,Volume-7 (Food grains and allied products Compendium)-AGMARK.pdf,40,
Amaranthus seed,Food grains and allied products (pulses),,Damaged_grains,General,,1.0,,"% by weight (max, unless noted)",AGMARK / Directorate of Marketing & Inspection,Volume-7 (Food grains and allied products Compendium)-AGMARK.pdf,40,
Amaranthus seed,Food grains and allied products (pulses),,Additional_param_1,General,,7.0,,"% by weight (max, unless noted)",AGMARK / Directorate of Marketing & Inspection,Volume-7 (Food grains and allied products Compendium)-AGMARK.pdf,40,
Amaranthus seed,Food grains and allied products (pulses),,Additional_param_2,General,,5.0,,"% by weight (max, unless noted)",AGMARK / Directorate of Marketing & Inspection,Volume-7 (Food grains and allied products Compendium)-AGMARK.pdf,40,
Buckwheat,Food grains and allied products (pulses),,Moisture,Standard,,13.0,,"% by weight (max, unless noted)",AGMARK / Directorate of Marketing & Inspection,Volume-7 (Food grains and allied products Compendium)-AGMARK.pdf,41,
Buckwheat,Food grains and allied products (pulses),,Foreign_matter_organic,Standard,,0.5,,"% by weight (max, unless noted)",AGMARK / Directorate of Marketing & Inspection,Volume-7 (Food grains and allied products Compendium)-AGMARK.pdf,41,
Buckwheat,Food grains and allied products (pulses),,Foreign_matter_inorganic,Standard,,0.25,,"% by weight (max, unless noted)",AGMARK / Directorate of Marketing & Inspection,Volume-7 (Food grains and allied products Compendium)-AGMARK.pdf,41,
Buckwheat,Food grains and allied products (pulses),,Other_edible_grains,Standard,,1.5,,"% by weight (max, unless noted)",AGMARK / Directorate of Marketing & Inspection,Volume-7 (Food grains and allied products Compendium)-AGMARK.pdf,41,
Buckwheat,Food grains and allied products (pulses),,Damaged_grains,Standard,,0.5,,"% by weight (max, unless noted)",AGMARK / Directorate of Marketing & Inspection,Volume-7 (Food grains and allied products Compendium)-AGMARK.pdf,41,
Buckwheat,Food grains and allied products (pulses),,Additional_param_1,Standard,,5.0,,"% by weight (max, unless noted)",AGMARK / Directorate of Marketing & Inspection,Volume-7 (Food grains and allied products Compendium)-AGMARK.pdf,41,
Buckwheat,Food grains and allied products (pulses),,Additional_param_2,Standard,,3.0,,"% by weight (max, unless noted)",AGMARK / Directorate of Marketing & Inspection,Volume-7 (Food grains and allied products Compendium)-AGMARK.pdf,41,
Maize,Food grains and allied products (pulses),,Moisture,Grade-I,,12.0,,"% by weight (max, unless noted)",AGMARK / Directorate of Marketing & Inspection,Volume-7 (Food grains and allied products Compendium)-AGMARK.pdf,65,
Maize,Food grains and allied products (pulses),,Foreign_matter_organic,Grade-I,,0.1,,"% by weight (max, unless noted)",AGMARK / Directorate of Marketing & Inspection,Volume-7 (Food grains and allied products Compendium)-AGMARK.pdf,65,
Maize,Food grains and allied products (pulses),,Foreign_matter_inorganic,Grade-I,,0.5,,"% by weight (max, unless noted)",AGMARK / Directorate of Marketing & Inspection,Volume-7 (Food grains and allied products Compendium)-AGMARK.pdf,65,
Maize,Food grains and allied products (pulses),,Other_edible_grains,Grade-I,,1.0,,"% by weight (max, unless noted)",AGMARK / Directorate of Marketing & Inspection,Volume-7 (Food grains and allied products Compendium)-AGMARK.pdf,65,
Maize,Food grains and allied products (pulses),,Damaged_grains,Grade-I,,5.0,,"% by weight (max, unless noted)",AGMARK / Directorate of Marketing & Inspection,Volume-7 (Food grains and allied products Compendium)-AGMARK.pdf,65,
Maize,Food grains and allied products (pulses),,Additional_param_1,Grade-I,,2.0,,"% by weight (max, unless noted)",AGMARK / Directorate of Marketing & Inspection,Volume-7 (Food grains and allied products Compendium)-AGMARK.pdf,65,
Maize,Food grains and allied products (pulses),,Additional_param_2,Grade-I,,2.0,,"% by weight (max, unless noted)",AGMARK / Directorate of Marketing & Inspection,Volume-7 (Food grains and allied products Compendium)-AGMARK.pdf,65,
Maize,Food grains and allied products (pulses),,Moisture,Grade-II,,12.0,,"% by weight (max, unless noted)",AGMARK / Directorate of Marketing & Inspection,Volume-7 (Food grains and allied products Compendium)-AGMARK.pdf,65,
Maize,Food grains and allied products (pulses),,Foreign_matter_organic,Grade-II,,0.25,,"% by weight (max, unless noted)",AGMARK / Directorate of Marketing & Inspection,Volume-7 (Food grains and allied products Compendium)-AGMARK.pdf,65,
Maize,Food grains and allied products (pulses),,Foreign_matter_inorganic,Grade-II,,0.1,,"% by weight (max, unless noted)",AGMARK / Directorate of Marketing & Inspection,Volume-7 (Food grains and allied products Compendium)-AGMARK.pdf,65,
Maize,Food grains and allied products (pulses),,Other_edible_grains,Grade-II,,1.0,,"% by weight (max, unless noted)",AGMARK / Directorate of Marketing & Inspection,Volume-7 (Food grains and allied products Compendium)-AGMARK.pdf,65,
Maize,Food grains and allied products (pulses),,Damaged_grains,Grade-II,,2.0,,"% by weight (max, unless noted)",AGMARK / Directorate of Marketing & Inspection,Volume-7 (Food grains and allied products Compendium)-AGMARK.pdf,65,
Maize,Food grains and allied products (pulses),,Additional_param_1,Grade-II,,10.0,,"% by weight (max, unless noted)",AGMARK / Directorate of Marketing & Inspection,Volume-7 (Food grains and allied products Compendium)-AGMARK.pdf,65,
Maize,Food grains and allied products (pulses),,Additional_param_2,Grade-II,,4.0,,"% by weight (max, unless noted)",AGMARK / Directorate of Marketing & Inspection,Volume-7 (Food grains and allied products Compendium)-AGMARK.pdf,65,
Maize,Food grains and allied products (pulses),,Moisture,Grade-III,,14.0,,"% by weight (max, unless noted)",AGMARK / Directorate of Marketing & Inspection,Volume-7 (Food grains and allied products Compendium)-AGMARK.pdf,65,
Maize,Food grains and allied products (pulses),,Foreign_matter_organic,Grade-III,,0.5,,"% by weight (max, unless noted)",AGMARK / Directorate of Marketing & Inspection,Volume-7 (Food grains and allied products Compendium)-AGMARK.pdf,65,
Maize,Food grains and allied products (pulses),,Foreign_matter_inorganic,Grade-III,,0.25,,"% by weight (max, unless noted)",AGMARK / Directorate of Marketing & Inspection,Volume-7 (Food grains and allied products Compendium)-AGMARK.pdf,65,
Maize,Food grains and allied products (pulses),,Other_edible_grains,Grade-III,,2.0,,"% by weight (max, unless noted)",AGMARK / Directorate of Marketing & Inspection,Volume-7 (Food grains and allied products Compendium)-AGMARK.pdf,65,
Maize,Food grains and allied products (pulses),,Damaged_grains,Grade-III,,3.0,,"% by weight (max, unless noted)",AGMARK / Directorate of Marketing & Inspection,Volume-7 (Food grains and allied products Compendium)-AGMARK.pdf,65,
Maize,Food grains and allied products (pulses),,Additional_param_1,Grade-III,,15.0,,"% by weight (max, unless noted)",AGMARK / Directorate of Marketing & Inspection,Volume-7 (Food grains and allied products Compendium)-AGMARK.pdf,65,
Maize,Food grains and allied products (pulses),,Additional_param_2,Grade-III,,6.0,,"% by weight (max, unless noted)",AGMARK / Directorate of Marketing & Inspection,Volume-7 (Food grains and allied products Compendium)-AGMARK.pdf,65,
Barley,Food grains and allied products (pulses),,Moisture,Grade-I,,12.0,,"% by weight (max, unless noted)",AGMARK / Directorate of Marketing & Inspection,Volume-7 (Food grains and allied products Compendium)-AGMARK.pdf,66,
Barley,Food grains and allied products (pulses),,Foreign_matter_organic,Grade-I,,0.1,,"% by weight (max, unless noted)",AGMARK / Directorate of Marketing & Inspection,Volume-7 (Food grains and allied products Compendium)-AGMARK.pdf,66,
Barley,Food grains and allied products (pulses),,Foreign_matter_inorganic,Grade-I,,0.5,,"% by weight (max, unless noted)",AGMARK / Directorate of Marketing & Inspection,Volume-7 (Food grains and allied products Compendium)-AGMARK.pdf,66,
Barley,Food grains and allied products (pulses),,Other_edible_grains,Grade-I,,1.0,,"% by weight (max, unless noted)",AGMARK / Directorate of Marketing & Inspection,Volume-7 (Food grains and allied products Compendium)-AGMARK.pdf,66,
Barley,Food grains and allied products (pulses),,Damaged_grains,Grade-I,,2.0,,"% by weight (max, unless noted)",AGMARK / Directorate of Marketing & Inspection,Volume-7 (Food grains and allied products Compendium)-AGMARK.pdf,66,
Barley,Food grains and allied products (pulses),,Additional_param_1,Grade-I,,0.5,,"% by weight (max, unless noted)",AGMARK / Directorate of Marketing & Inspection,Volume-7 (Food grains and allied products Compendium)-AGMARK.pdf,66,
Barley,Food grains and allied products (pulses),,Moisture,Grade-II,,12.0,,"% by weight (max, unless noted)",AGMARK / Directorate of Marketing & Inspection,Volume-7 (Food grains and allied products Compendium)-AGMARK.pdf,66,
Barley,Food grains and allied products (pulses),,Foreign_matter_organic,Grade-II,,0.25,,"% by weight (max, unless noted)",AGMARK / Directorate of Marketing & Inspection,Volume-7 (Food grains and allied products Compendium)-AGMARK.pdf,66,
Barley,Food grains and allied products (pulses),,Foreign_matter_inorganic,Grade-II,,0.1,,"% by weight (max, unless noted)",AGMARK / Directorate of Marketing & Inspection,Volume-7 (Food grains and allied products Compendium)-AGMARK.pdf,66,
Barley,Food grains and allied products (pulses),,Other_edible_grains,Grade-II,,0.5,,"% by weight (max, unless noted)",AGMARK / Directorate of Marketing & Inspection,Volume-7 (Food grains and allied products Compendium)-AGMARK.pdf,66,
Barley,Food grains and allied products (pulses),,Damaged_grains,Grade-II,,2.0,,"% by weight (max, unless noted)",AGMARK / Directorate of Marketing & Inspection,Volume-7 (Food grains and allied products Compendium)-AGMARK.pdf,66,
Barley,Food grains and allied products (pulses),,Additional_param_1,Grade-II,,4.0,,"% by weight (max, unless noted)",AGMARK / Directorate of Marketing & Inspection,Volume-7 (Food grains and allied products Compendium)-AGMARK.pdf,66,
Barley,Food grains and allied products (pulses),,Additional_param_2,Grade-II,,2.0,,"% by weight (max, unless noted)",AGMARK / Directorate of Marketing & Inspection,Volume-7 (Food grains and allied products Compendium)-AGMARK.pdf,66,
Barley,Food grains and allied products (pulses),,Moisture,Grade-III,,14.0,,"% by weight (max, unless noted)",AGMARK / Directorate of Marketing & Inspection,Volume-7 (Food grains and allied products Compendium)-AGMARK.pdf,66,
Barley,Food grains and allied products (pulses),,Foreign_matter_organic,Grade-III,,0.5,,"% by weight (max, unless noted)",AGMARK / Directorate of Marketing & Inspection,Volume-7 (Food grains and allied products Compendium)-AGMARK.pdf,66,
Barley,Food grains and allied products (pulses),,Foreign_matter_inorganic,Grade-III,,0.25,,"% by weight (max, unless noted)",AGMARK / Directorate of Marketing & Inspection,Volume-7 (Food grains and allied products Compendium)-AGMARK.pdf,66,
Barley,Food grains and allied products (pulses),,Other_edible_grains,Grade-III,,1.0,,"% by weight (max, unless noted)",AGMARK / Directorate of Marketing & Inspection,Volume-7 (Food grains and allied products Compendium)-AGMARK.pdf,66,
Barley,Food grains and allied products (pulses),,Damaged_grains,Grade-III,,3.0,,"% by weight (max, unless noted)",AGMARK / Directorate of Marketing & Inspection,Volume-7 (Food grains and allied products Compendium)-AGMARK.pdf,66,
Barley,Food grains and allied products (pulses),,Additional_param_1,Grade-III,,6.0,,"% by weight (max, unless noted)",AGMARK / Directorate of Marketing & Inspection,Volume-7 (Food grains and allied products Compendium)-AGMARK.pdf,66,
Barley,Food grains and allied products (pulses),,Additional_param_2,Grade-III,,4.0,,"% by weight (max, unless noted)",AGMARK / Directorate of Marketing & Inspection,Volume-7 (Food grains and allied products Compendium)-AGMARK.pdf,66,
Barley,Food grains and allied products (pulses),,Moisture,General,,1988.0,,"% by weight (max, unless noted)",AGMARK / Directorate of Marketing & Inspection,Volume-7 (Food grains and allied products Compendium)-AGMARK.pdf,66,
Raw milled Black scented Rice,Food grains and allied products (pulses),,Moisture,Special,,12.0,,"% by weight (max, unless noted)",AGMARK / Directorate of Marketing & Inspection,Volume-7 (Food grains and allied products Compendium)-AGMARK.pdf,70,
Raw milled Black scented Rice,Food grains and allied products (pulses),,Foreign_matter_organic,Special,,5.0,,"% by weight (max, unless noted)",AGMARK / Directorate of Marketing & Inspection,Volume-7 (Food grains and allied products Compendium)-AGMARK.pdf,70,
Raw milled Black scented Rice,Food grains and allied products (pulses),,Foreign_matter_inorganic,Special,,2.0,,"% by weight (max, unless noted)",AGMARK / Directorate of Marketing & Inspection,Volume-7 (Food grains and allied products Compendium)-AGMARK.pdf,70,
Raw milled Black scented Rice,Food grains and allied products (pulses),,Other_edible_grains,Special,,0.5,,"% by weight (max, unless noted)",AGMARK / Directorate of Marketing & Inspection,Volume-7 (Food grains and allied products Compendium)-AGMARK.pdf,70,
Raw milled Black scented Rice,Food grains and allied products (pulses),,Damaged_grains,Special,,2.0,,"% by weight (max, unless noted)",AGMARK / Directorate of Marketing & Inspection,Volume-7 (Food grains and allied products Compendium)-AGMARK.pdf,70,
Raw milled Black scented Rice,Food grains and allied products (pulses),,Moisture,Standard,,13.0,,"% by weight (max, unless noted)",AGMARK / Directorate of Marketing & Inspection,Volume-7 (Food grains and allied products Compendium)-AGMARK.pdf,70,
Raw milled Black scented Rice,Food grains and allied products (pulses),,Foreign_matter_organic,Standard,,0.1,,"% by weight (max, unless noted)",AGMARK / Directorate of Marketing & Inspection,Volume-7 (Food grains and allied products Compendium)-AGMARK.pdf,70,
Raw milled Black scented Rice,Food grains and allied products (pulses),,Foreign_matter_inorganic,Standard,,0.1,,"% by weight (max, unless noted)",AGMARK / Directorate of Marketing & Inspection,Volume-7 (Food grains and allied products Compendium)-AGMARK.pdf,70,
Raw milled Black scented Rice,Food grains and allied products (pulses),,Other_edible_grains,Standard,,10.0,,"% by weight (max, unless noted)",AGMARK / Directorate of Marketing & Inspection,Volume-7 (Food grains and allied products Compendium)-AGMARK.pdf,70,
Raw milled Black scented Rice,Food grains and allied products (pulses),,Damaged_grains,Standard,,4.0,,"% by weight (max, unless noted)",AGMARK / Directorate of Marketing & Inspection,Volume-7 (Food grains and allied products Compendium)-AGMARK.pdf,70,
Raw milled Black scented Rice,Food grains and allied products (pulses),,Additional_param_1,Standard,,2.0,,"% by weight (max, unless noted)",AGMARK / Directorate of Marketing & Inspection,Volume-7 (Food grains and allied products Compendium)-AGMARK.pdf,70,
Raw milled Black scented Rice,Food grains and allied products (pulses),,Additional_param_2,Standard,,3.0,,"% by weight (max, unless noted)",AGMARK / Directorate of Marketing & Inspection,Volume-7 (Food grains and allied products Compendium)-AGMARK.pdf,70,
Raw milled Black scented Rice,Food grains and allied products (pulses),,Moisture,General,,14.0,,"% by weight (max, unless noted)",AGMARK / Directorate of Marketing & Inspection,Volume-7 (Food grains and allied products Compendium)-AGMARK.pdf,70,
Raw milled Black scented Rice,Food grains and allied products (pulses),,Foreign_matter_organic,General,,0.2,,"% by weight (max, unless noted)",AGMARK / Directorate of Marketing & Inspection,Volume-7 (Food grains and allied products Compendium)-AGMARK.pdf,70,
Raw milled Black scented Rice,Food grains and allied products (pulses),,Foreign_matter_inorganic,General,,20.0,,"% by weight (max, unless noted)",AGMARK / Directorate of Marketing & Inspection,Volume-7 (Food grains and allied products Compendium)-AGMARK.pdf,70,
Raw milled Black scented Rice,Food grains and allied products (pulses),,Other_edible_grains,General,,8.0,,"% by weight (max, unless noted)",AGMARK / Directorate of Marketing & Inspection,Volume-7 (Food grains and allied products Compendium)-AGMARK.pdf,70,
Raw milled Black scented Rice,Food grains and allied products (pulses),,Damaged_grains,General,,5.0,,"% by weight (max, unless noted)",AGMARK / Directorate of Marketing & Inspection,Volume-7 (Food grains and allied products Compendium)-AGMARK.pdf,70,
Raw milled Black scented Rice,Food grains and allied products (pulses),,Additional_param_1,General,,6.0,,"% by weight (max, unless noted)",AGMARK / Directorate of Marketing & Inspection,Volume-7 (Food grains and allied products Compendium)-AGMARK.pdf,70,
Raw milled Black scented Rice,Food grains and allied products (pulses),,Additional_param_2,General,,2.5,,"% by weight (max, unless noted)",AGMARK / Directorate of Marketing & Inspection,Volume-7 (Food grains and allied products Compendium)-AGMARK.pdf,70,
Poha,Food grains and allied products (pulses),,Moisture,Special,,11.0,,"% by weight (max, unless noted)",AGMARK / Directorate of Marketing & Inspection,Volume-7 (Food grains and allied products Compendium)-AGMARK.pdf,74,
Poha,Food grains and allied products (pulses),,Foreign_matter_organic,Special,,1.25,,"% by weight (max, unless noted)",AGMARK / Directorate of Marketing & Inspection,Volume-7 (Food grains and allied products Compendium)-AGMARK.pdf,74,
Poha,Food grains and allied products (pulses),,Foreign_matter_inorganic,Special,,0.15,,"% by weight (max, unless noted)",AGMARK / Directorate of Marketing & Inspection,Volume-7 (Food grains and allied products Compendium)-AGMARK.pdf,74,
Poha,Food grains and allied products (pulses),,Other_edible_grains,Special,,0.5,,"% by weight (max, unless noted)",AGMARK / Directorate of Marketing & Inspection,Volume-7 (Food grains and allied products Compendium)-AGMARK.pdf,74,
Poha,Food grains and allied products (pulses),,Damaged_grains,Special,,0.15,,"% by weight (max, unless noted)",AGMARK / Directorate of Marketing & Inspection,Volume-7 (Food grains and allied products Compendium)-AGMARK.pdf,74,
Poha,Food grains and allied products (pulses),,Additional_param_1,Special,,0.5,,"% by weight (max, unless noted)",AGMARK / Directorate of Marketing & Inspection,Volume-7 (Food grains and allied products Compendium)-AGMARK.pdf,74,
Poha,Food grains and allied products (pulses),,Additional_param_2,Special,,8.0,,"% by weight (max, unless noted)",AGMARK / Directorate of Marketing & Inspection,Volume-7 (Food grains and allied products Compendium)-AGMARK.pdf,74,
Poha,Food grains and allied products (pulses),,Moisture,Standard,,12.0,,"% by weight (max, unless noted)",AGMARK / Directorate of Marketing & Inspection,Volume-7 (Food grains and allied products Compendium)-AGMARK.pdf,74,
Poha,Food grains and allied products (pulses),,Foreign_matter_organic,Standard,,1.5,,"% by weight (max, unless noted)",AGMARK / Directorate of Marketing & Inspection,Volume-7 (Food grains and allied products Compendium)-AGMARK.pdf,74,
Poha,Food grains and allied products (pulses),,Foreign_matter_inorganic,Standard,,0.25,,"% by weight (max, unless noted)",AGMARK / Directorate of Marketing & Inspection,Volume-7 (Food grains and allied products Compendium)-AGMARK.pdf,74,
Poha,Food grains and allied products (pulses),,Other_edible_grains,Standard,,1.5,,"% by weight (max, unless noted)",AGMARK / Directorate of Marketing & Inspection,Volume-7 (Food grains and allied products Compendium)-AGMARK.pdf,74,
Poha,Food grains and allied products (pulses),,Damaged_grains,Standard,,0.25,,"% by weight (max, unless noted)",AGMARK / Directorate of Marketing & Inspection,Volume-7 (Food grains and allied products Compendium)-AGMARK.pdf,74,
Poha,Food grains and allied products (pulses),,Additional_param_1,Standard,,1.5,,"% by weight (max, unless noted)",AGMARK / Directorate of Marketing & Inspection,Volume-7 (Food grains and allied products Compendium)-AGMARK.pdf,74,
Poha,Food grains and allied products (pulses),,Additional_param_2,Standard,,7.0,,"% by weight (max, unless noted)",AGMARK / Directorate of Marketing & Inspection,Volume-7 (Food grains and allied products Compendium)-AGMARK.pdf,74,
Poha,Food grains and allied products (pulses),,Moisture,General,,13.0,,"% by weight (max, unless noted)",AGMARK / Directorate of Marketing & Inspection,Volume-7 (Food grains and allied products Compendium)-AGMARK.pdf,74,
Poha,Food grains and allied products (pulses),,Foreign_matter_organic,General,,2.0,,"% by weight (max, unless noted)",AGMARK / Directorate of Marketing & Inspection,Volume-7 (Food grains and allied products Compendium)-AGMARK.pdf,74,
Poha,Food grains and allied products (pulses),,Foreign_matter_inorganic,General,,0.4,,"% by weight (max, unless noted)",AGMARK / Directorate of Marketing & Inspection,Volume-7 (Food grains and allied products Compendium)-AGMARK.pdf,74,
Poha,Food grains and allied products (pulses),,Other_edible_grains,General,,2.0,,"% by weight (max, unless noted)",AGMARK / Directorate of Marketing & Inspection,Volume-7 (Food grains and allied products Compendium)-AGMARK.pdf,74,
Poha,Food grains and allied products (pulses),,Damaged_grains,General,,0.3,,"% by weight (max, unless noted)",AGMARK / Directorate of Marketing & Inspection,Volume-7 (Food grains and allied products Compendium)-AGMARK.pdf,74,
Poha,Food grains and allied products (pulses),,Additional_param_1,General,,2.5,,"% by weight (max, unless noted)",AGMARK / Directorate of Marketing & Inspection,Volume-7 (Food grains and allied products Compendium)-AGMARK.pdf,74,
Poha,Food grains and allied products (pulses),,Additional_param_2,General,,6.0,,"% by weight (max, unless noted)",AGMARK / Directorate of Marketing & Inspection,Volume-7 (Food grains and allied products Compendium)-AGMARK.pdf,74,
Poha,Food grains and allied products (pulses),,Moisture,General,,1988.0,,"% by weight (max, unless noted)",AGMARK / Directorate of Marketing & Inspection,Volume-7 (Food grains and allied products Compendium)-AGMARK.pdf,74,
Horse Gram (Kulthi),Food grains and allied products (pulses),,Moisture,Special,,8.0,,"% by weight (max, unless noted)",AGMARK / Directorate of Marketing & Inspection,Volume-7 (Food grains and allied products Compendium)-AGMARK.pdf,78,
Horse Gram (Kulthi),Food grains and allied products (pulses),,Foreign_matter_organic,Special,,0.25,,"% by weight (max, unless noted)",AGMARK / Directorate of Marketing & Inspection,Volume-7 (Food grains and allied products Compendium)-AGMARK.pdf,78,
Horse Gram (Kulthi),Food grains and allied products (pulses),,Foreign_matter_inorganic,Special,,1.0,,"% by weight (max, unless noted)",AGMARK / Directorate of Marketing & Inspection,Volume-7 (Food grains and allied products Compendium)-AGMARK.pdf,78,
Horse Gram (Kulthi),Food grains and allied products (pulses),,Other_edible_grains,Special,,1.0,,"% by weight (max, unless noted)",AGMARK / Directorate of Marketing & Inspection,Volume-7 (Food grains and allied products Compendium)-AGMARK.pdf,78,
Horse Gram (Kulthi),Food grains and allied products (pulses),,Damaged_grains,Special,,0.5,,"% by weight (max, unless noted)",AGMARK / Directorate of Marketing & Inspection,Volume-7 (Food grains and allied products Compendium)-AGMARK.pdf,78,
Horse Gram (Kulthi),Food grains and allied products (pulses),,Additional_param_1,Special,,3.0,,"% by weight (max, unless noted)",AGMARK / Directorate of Marketing & Inspection,Volume-7 (Food grains and allied products Compendium)-AGMARK.pdf,78,
Horse Gram (Kulthi),Food grains and allied products (pulses),,Additional_param_2,Special,,1.0,,"% by weight (max, unless noted)",AGMARK / Directorate of Marketing & Inspection,Volume-7 (Food grains and allied products Compendium)-AGMARK.pdf,78,
Horse Gram (Kulthi),Food grains and allied products (pulses),,Moisture,General,,11.0,,"% by weight (max, unless noted)",AGMARK / Directorate of Marketing & Inspection,Volume-7 (Food grains and allied products Compendium)-AGMARK.pdf,78,
Horse Gram (Kulthi),Food grains and allied products (pulses),,Foreign_matter_organic,General,,1.0,,"% by weight (max, unless noted)",AGMARK / Directorate of Marketing & Inspection,Volume-7 (Food grains and allied products Compendium)-AGMARK.pdf,78,
Horse Gram (Kulthi),Food grains and allied products (pulses),,Foreign_matter_inorganic,General,,2.0,,"% by weight (max, unless noted)",AGMARK / Directorate of Marketing & Inspection,Volume-7 (Food grains and allied products Compendium)-AGMARK.pdf,78,
Horse Gram (Kulthi),Food grains and allied products (pulses),,Other_edible_grains,General,,4.0,,"% by weight (max, unless noted)",AGMARK / Directorate of Marketing & Inspection,Volume-7 (Food grains and allied products Compendium)-AGMARK.pdf,78,
Horse Gram (Kulthi),Food grains and allied products (pulses),,Damaged_grains,General,,1.0,,"% by weight (max, unless noted)",AGMARK / Directorate of Marketing & Inspection,Volume-7 (Food grains and allied products Compendium)-AGMARK.pdf,78,
Horse Gram (Kulthi),Food grains and allied products (pulses),,Additional_param_1,General,,7.0,,"% by weight (max, unless noted)",AGMARK / Directorate of Marketing & Inspection,Volume-7 (Food grains and allied products Compendium)-AGMARK.pdf,78,
Horse Gram (Kulthi),Food grains and allied products (pulses),,Additional_param_2,General,,3.0,,"% by weight (max, unless noted)",AGMARK / Directorate of Marketing & Inspection,Volume-7 (Food grains and allied products Compendium)-AGMARK.pdf,78,
Basmati Raw Milled Rice (For Export only),Food grains and allied products (pulses),,Moisture,Special,,0.5,,"% by weight (max, unless noted)",AGMARK / Directorate of Marketing & Inspection,Volume-7 (Food grains and allied products Compendium)-AGMARK.pdf,83,
Basmati Raw Milled Rice (For Export only),Food grains and allied products (pulses),,Foreign_matter_organic,Special,,5.0,,"% by weight (max, unless noted)",AGMARK / Directorate of Marketing & Inspection,Volume-7 (Food grains and allied products Compendium)-AGMARK.pdf,83,
Basmati Raw Milled Rice (For Export only),Food grains and allied products (pulses),,Foreign_matter_inorganic,Special,,10.0,,"% by weight (max, unless noted)",AGMARK / Directorate of Marketing & Inspection,Volume-7 (Food grains and allied products Compendium)-AGMARK.pdf,83,
Basmati Raw Milled Rice (For Export only),Food grains and allied products (pulses),,Other_edible_grains,Special,,1.0,,"% by weight (max, unless noted)",AGMARK / Directorate of Marketing & Inspection,Volume-7 (Food grains and allied products Compendium)-AGMARK.pdf,83,
Basmati Raw Milled Rice (For Export only),Food grains and allied products (pulses),,Damaged_grains,Special,,14.0,,"% by weight (max, unless noted)",AGMARK / Directorate of Marketing & Inspection,Volume-7 (Food grains and allied products Compendium)-AGMARK.pdf,83,
Basmati Raw Milled Rice (For Export only),Food grains and allied products (pulses),,Additional_param_1,Special,,1.0,,"% by weight (max, unless noted)",AGMARK / Directorate of Marketing & Inspection,Volume-7 (Food grains and allied products Compendium)-AGMARK.pdf,83,
Basmati parboiled rice (For Export only),Food grains and allied products (pulses),,Moisture,Special,,0.5,,"% by weight (max, unless noted)",AGMARK / Directorate of Marketing & Inspection,Volume-7 (Food grains and allied products Compendium)-AGMARK.pdf,84,
Basmati parboiled rice (For Export only),Food grains and allied products (pulses),,Foreign_matter_organic,Special,,5.0,,"% by weight (max, unless noted)",AGMARK / Directorate of Marketing & Inspection,Volume-7 (Food grains and allied products Compendium)-AGMARK.pdf,84,
Basmati parboiled rice (For Export only),Food grains and allied products (pulses),,Foreign_matter_inorganic,Special,,10.0,,"% by weight (max, unless noted)",AGMARK / Directorate of Marketing & Inspection,Volume-7 (Food grains and allied products Compendium)-AGMARK.pdf,84,
Basmati parboiled rice (For Export only),Food grains and allied products (pulses),,Other_edible_grains,Special,,1.0,,"% by weight (max, unless noted)",AGMARK / Directorate of Marketing & Inspection,Volume-7 (Food grains and allied products Compendium)-AGMARK.pdf,84,
Basmati parboiled rice (For Export only),Food grains and allied products (pulses),,Damaged_grains,Special,,14.0,,"% by weight (max, unless noted)",AGMARK / Directorate of Marketing & Inspection,Volume-7 (Food grains and allied products Compendium)-AGMARK.pdf,84,
Basmati parboiled rice (For Export only),Food grains and allied products (pulses),,Additional_param_1,Special,,1.0,,"% by weight (max, unless noted)",AGMARK / Directorate of Marketing & Inspection,Volume-7 (Food grains and allied products Compendium)-AGMARK.pdf,84,
Basmati unpolished,Food grains and allied products (pulses),,Moisture,Special,,0.5,,"% by weight (max, unless noted)",AGMARK / Directorate of Marketing & Inspection,Volume-7 (Food grains and allied products Compendium)-AGMARK.pdf,85,
Basmati unpolished,Food grains and allied products (pulses),,Foreign_matter_organic,Special,,5.0,,"% by weight (max, unless noted)",AGMARK / Directorate of Marketing & Inspection,Volume-7 (Food grains and allied products Compendium)-AGMARK.pdf,85,
Basmati unpolished,Food grains and allied products (pulses),,Foreign_matter_inorganic,Special,,10.0,,"% by weight (max, unless noted)",AGMARK / Directorate of Marketing & Inspection,Volume-7 (Food grains and allied products Compendium)-AGMARK.pdf,85,
Basmati unpolished,Food grains and allied products (pulses),,Other_edible_grains,Special,,2.0,,"% by weight (max, unless noted)",AGMARK / Directorate of Marketing & Inspection,Volume-7 (Food grains and allied products Compendium)-AGMARK.pdf,85,
Basmati unpolished,Food grains and allied products (pulses),,Damaged_grains,Special,,2.0,,"% by weight (max, unless noted)",AGMARK / Directorate of Marketing & Inspection,Volume-7 (Food grains and allied products Compendium)-AGMARK.pdf,85,
Basmati unpolished,Food grains and allied products (pulses),,Additional_param_1,Special,,2.0,,"% by weight (max, unless noted)",AGMARK / Directorate of Marketing & Inspection,Volume-7 (Food grains and allied products Compendium)-AGMARK.pdf,85,
Basmati unpolished,Food grains and allied products (pulses),,Additional_param_2,Special,,14.0,,"% by weight (max, unless noted)",AGMARK / Directorate of Marketing & Inspection,Volume-7 (Food grains and allied products Compendium)-AGMARK.pdf,85,
whole maize flour,Food grains and allied products (pulses),,Moisture,Special,,8.0,,"% by weight (max, unless noted)",AGMARK / Directorate of Marketing & Inspection,Volume-7 (Food grains and allied products Compendium)-AGMARK.pdf,98,
whole maize flour,Food grains and allied products (pulses),,Foreign_matter_organic,Special,,1.25,,"% by weight (max, unless noted)",AGMARK / Directorate of Marketing & Inspection,Volume-7 (Food grains and allied products Compendium)-AGMARK.pdf,98,
whole maize flour,Food grains and allied products (pulses),,Foreign_matter_inorganic,Special,,0.05,,"% by weight (max, unless noted)",AGMARK / Directorate of Marketing & Inspection,Volume-7 (Food grains and allied products Compendium)-AGMARK.pdf,98,
whole maize flour,Food grains and allied products (pulses),,Other_edible_grains,Special,,1.6,,"% by weight (max, unless noted)",AGMARK / Directorate of Marketing & Inspection,Volume-7 (Food grains and allied products Compendium)-AGMARK.pdf,98,
whole maize flour,Food grains and allied products (pulses),,Damaged_grains,Special,,0.1,,"% by weight (max, unless noted)",AGMARK / Directorate of Marketing & Inspection,Volume-7 (Food grains and allied products Compendium)-AGMARK.pdf,98,
whole maize flour,Food grains and allied products (pulses),,Moisture,Standard,,11.0,,"% by weight (max, unless noted)",AGMARK / Directorate of Marketing & Inspection,Volume-7 (Food grains and allied products Compendium)-AGMARK.pdf,98,
whole maize flour,Food grains and allied products (pulses),,Foreign_matter_organic,Standard,,1.75,,"% by weight (max, unless noted)",AGMARK / Directorate of Marketing & Inspection,Volume-7 (Food grains and allied products Compendium)-AGMARK.pdf,98,
whole maize flour,Food grains and allied products (pulses),,Foreign_matter_inorganic,Standard,,0.2,,"% by weight (max, unless noted)",AGMARK / Directorate of Marketing & Inspection,Volume-7 (Food grains and allied products Compendium)-AGMARK.pdf,98,
whole maize flour,Food grains and allied products (pulses),,Other_edible_grains,Standard,,2.0,,"% by weight (max, unless noted)",AGMARK / Directorate of Marketing & Inspection,Volume-7 (Food grains and allied products Compendium)-AGMARK.pdf,98,
whole maize flour,Food grains and allied products (pulses),,Damaged_grains,Standard,,0.2,,"% by weight (max, unless noted)",AGMARK / Directorate of Marketing & Inspection,Volume-7 (Food grains and allied products Compendium)-AGMARK.pdf,98,
whole maize flour,Food grains and allied products (pulses),,Additional_param_1,Standard,,3.1,,"% by weight (max, unless noted)",AGMARK / Directorate of Marketing & Inspection,Volume-7 (Food grains and allied products Compendium)-AGMARK.pdf,98,
whole maize flour,Food grains and allied products (pulses),,Moisture,General,,12.0,,"% by weight (max, unless noted)",AGMARK / Directorate of Marketing & Inspection,Volume-7 (Food grains and allied products Compendium)-AGMARK.pdf,98,
whole maize flour,Food grains and allied products (pulses),,Foreign_matter_organic,General,,2.25,,"% by weight (max, unless noted)",AGMARK / Directorate of Marketing & Inspection,Volume-7 (Food grains and allied products Compendium)-AGMARK.pdf,98,
whole maize flour,Food grains and allied products (pulses),,Foreign_matter_inorganic,General,,0.3,,"% by weight (max, unless noted)",AGMARK / Directorate of Marketing & Inspection,Volume-7 (Food grains and allied products Compendium)-AGMARK.pdf,98,
whole maize flour,Food grains and allied products (pulses),,Other_edible_grains,General,,2.8,,"% by weight (max, unless noted)",AGMARK / Directorate of Marketing & Inspection,Volume-7 (Food grains and allied products Compendium)-AGMARK.pdf,98,
whole maize flour,Food grains and allied products (pulses),,Damaged_grains,General,,0.3,,"% by weight (max, unless noted)",AGMARK / Directorate of Marketing & Inspection,Volume-7 (Food grains and allied products Compendium)-AGMARK.pdf,98,
whole maize flour,Food grains and allied products (pulses),,Additional_param_1,General,,3.1,,"% by weight (max, unless noted)",AGMARK / Directorate of Marketing & Inspection,Volume-7 (Food grains and allied products Compendium)-AGMARK.pdf,98,
whole maize flour,Food grains and allied products (pulses),,Additional_param_2,General,,94.0,,"% by weight (max, unless noted)",AGMARK / Directorate of Marketing & Inspection,Volume-7 (Food grains and allied products Compendium)-AGMARK.pdf,98,
rice flour,Food grains and allied products (pulses),,Moisture,Special,,9.0,,"% by weight (max, unless noted)",AGMARK / Directorate of Marketing & Inspection,Volume-7 (Food grains and allied products Compendium)-AGMARK.pdf,99,
rice flour,Food grains and allied products (pulses),,Foreign_matter_organic,Special,,0.6,,"% by weight (max, unless noted)",AGMARK / Directorate of Marketing & Inspection,Volume-7 (Food grains and allied products Compendium)-AGMARK.pdf,99,
rice flour,Food grains and allied products (pulses),,Foreign_matter_inorganic,Special,,0.05,,"% by weight (max, unless noted)",AGMARK / Directorate of Marketing & Inspection,Volume-7 (Food grains and allied products Compendium)-AGMARK.pdf,99,
rice flour,Food grains and allied products (pulses),,Other_edible_grains,Special,,0.4,,"% by weight (max, unless noted)",AGMARK / Directorate of Marketing & Inspection,Volume-7 (Food grains and allied products Compendium)-AGMARK.pdf,99,
rice flour,Food grains and allied products (pulses),,Damaged_grains,Special,,0.1,,"% by weight (max, unless noted)",AGMARK / Directorate of Marketing & Inspection,Volume-7 (Food grains and allied products Compendium)-AGMARK.pdf,99,
rice flour,Food grains and allied products (pulses),,Moisture,General,,12.0,,"% by weight (max, unless noted)",AGMARK / Directorate of Marketing & Inspection,Volume-7 (Food grains and allied products Compendium)-AGMARK.pdf,99,
rice flour,Food grains and allied products (pulses),,Foreign_matter_organic,General,,1.8,,"% by weight (max, unless noted)",AGMARK / Directorate of Marketing & Inspection,Volume-7 (Food grains and allied products Compendium)-AGMARK.pdf,99,
rice flour,Food grains and allied products (pulses),,Foreign_matter_inorganic,General,,0.4,,"% by weight (max, unless noted)",AGMARK / Directorate of Marketing & Inspection,Volume-7 (Food grains and allied products Compendium)-AGMARK.pdf,99,
rice flour,Food grains and allied products (pulses),,Other_edible_grains,General,,1.8,,"% by weight (max, unless noted)",AGMARK / Directorate of Marketing & Inspection,Volume-7 (Food grains and allied products Compendium)-AGMARK.pdf,99,
rice flour,Food grains and allied products (pulses),,Damaged_grains,General,,0.2,,"% by weight (max, unless noted)",AGMARK / Directorate of Marketing & Inspection,Volume-7 (Food grains and allied products Compendium)-AGMARK.pdf,99,
rice flour,Food grains and allied products (pulses),,Additional_param_1,General,,5.0,,"% by weight (max, unless noted)",AGMARK / Directorate of Marketing & Inspection,Volume-7 (Food grains and allied products Compendium)-AGMARK.pdf,99,
rice flour,Food grains and allied products (pulses),,Additional_param_2,General,,0.5,,"% by weight (max, unless noted)",AGMARK / Directorate of Marketing & Inspection,Volume-7 (Food grains and allied products Compendium)-AGMARK.pdf,99,
barley flour,Food grains and allied products (pulses),,Moisture,Special,,9.0,,"% by weight (max, unless noted)",AGMARK / Directorate of Marketing & Inspection,Volume-7 (Food grains and allied products Compendium)-AGMARK.pdf,100,
barley flour,Food grains and allied products (pulses),,Foreign_matter_organic,Special,,1.5,,"% by weight (max, unless noted)",AGMARK / Directorate of Marketing & Inspection,Volume-7 (Food grains and allied products Compendium)-AGMARK.pdf,100,
barley flour,Food grains and allied products (pulses),,Foreign_matter_inorganic,Special,,0.1,,"% by weight (max, unless noted)",AGMARK / Directorate of Marketing & Inspection,Volume-7 (Food grains and allied products Compendium)-AGMARK.pdf,100,
barley flour,Food grains and allied products (pulses),,Other_edible_grains,Special,,2.0,,"% by weight (max, unless noted)",AGMARK / Directorate of Marketing & Inspection,Volume-7 (Food grains and allied products Compendium)-AGMARK.pdf,100,
barley flour,Food grains and allied products (pulses),,Damaged_grains,Special,,0.1,,"% by weight (max, unless noted)",AGMARK / Directorate of Marketing & Inspection,Volume-7 (Food grains and allied products Compendium)-AGMARK.pdf,100,
barley flour,Food grains and allied products (pulses),,Additional_param_1,Special,,8.5,,"% by weight (max, unless noted)",AGMARK / Directorate of Marketing & Inspection,Volume-7 (Food grains and allied products Compendium)-AGMARK.pdf,100,
barley flour,Food grains and allied products (pulses),,Additional_param_2,Special,,1.5,,"% by weight (max, unless noted)",AGMARK / Directorate of Marketing & Inspection,Volume-7 (Food grains and allied products Compendium)-AGMARK.pdf,100,
barley flour,Food grains and allied products (pulses),,Moisture,Standard,,11.0,,"% by weight (max, unless noted)",AGMARK / Directorate of Marketing & Inspection,Volume-7 (Food grains and allied products Compendium)-AGMARK.pdf,100,
barley flour,Food grains and allied products (pulses),,Foreign_matter_organic,Standard,,2.0,,"% by weight (max, unless noted)",AGMARK / Directorate of Marketing & Inspection,Volume-7 (Food grains and allied products Compendium)-AGMARK.pdf,100,
barley flour,Food grains and allied products (pulses),,Foreign_matter_inorganic,Standard,,0.3,,"% by weight (max, unless noted)",AGMARK / Directorate of Marketing & Inspection,Volume-7 (Food grains and allied products Compendium)-AGMARK.pdf,100,
barley flour,Food grains and allied products (pulses),,Other_edible_grains,Standard,,3.0,,"% by weight (max, unless noted)",AGMARK / Directorate of Marketing & Inspection,Volume-7 (Food grains and allied products Compendium)-AGMARK.pdf,100,
barley flour,Food grains and allied products (pulses),,Damaged_grains,Standard,,0.15,,"% by weight (max, unless noted)",AGMARK / Directorate of Marketing & Inspection,Volume-7 (Food grains and allied products Compendium)-AGMARK.pdf,100,
barley flour,Food grains and allied products (pulses),,Additional_param_1,Standard,,7.0,,"% by weight (max, unless noted)",AGMARK / Directorate of Marketing & Inspection,Volume-7 (Food grains and allied products Compendium)-AGMARK.pdf,100,
barley flour,Food grains and allied products (pulses),,Additional_param_2,Standard,,1.0,,"% by weight (max, unless noted)",AGMARK / Directorate of Marketing & Inspection,Volume-7 (Food grains and allied products Compendium)-AGMARK.pdf,100,
barley flour,Food grains and allied products (pulses),,Moisture,General,,13.0,,"% by weight (max, unless noted)",AGMARK / Directorate of Marketing & Inspection,Volume-7 (Food grains and allied products Compendium)-AGMARK.pdf,100,
barley flour,Food grains and allied products (pulses),,Foreign_matter_organic,General,,2.5,,"% by weight (max, unless noted)",AGMARK / Directorate of Marketing & Inspection,Volume-7 (Food grains and allied products Compendium)-AGMARK.pdf,100,
barley flour,Food grains and allied products (pulses),,Foreign_matter_inorganic,General,,0.5,,"% by weight (max, unless noted)",AGMARK / Directorate of Marketing & Inspection,Volume-7 (Food grains and allied products Compendium)-AGMARK.pdf,100,
barley flour,Food grains and allied products (pulses),,Other_edible_grains,General,,5.0,,"% by weight (max, unless noted)",AGMARK / Directorate of Marketing & Inspection,Volume-7 (Food grains and allied products Compendium)-AGMARK.pdf,100,
barley flour,Food grains and allied products (pulses),,Damaged_grains,General,,0.17,,"% by weight (max, unless noted)",AGMARK / Directorate of Marketing & Inspection,Volume-7 (Food grains and allied products Compendium)-AGMARK.pdf,100,
barley flour,Food grains and allied products (pulses),,Additional_param_1,General,,6.0,,"% by weight (max, unless noted)",AGMARK / Directorate of Marketing & Inspection,Volume-7 (Food grains and allied products Compendium)-AGMARK.pdf,100,
barley flour,Food grains and allied products (pulses),,Additional_param_2,General,,0.5,,"% by weight (max, unless noted)",AGMARK / Directorate of Marketing & Inspection,Volume-7 (Food grains and allied products Compendium)-AGMARK.pdf,100,
urad flour,Food grains and allied products (pulses),,Moisture,Special,,9.5,,"% by weight (max, unless noted)",AGMARK / Directorate of Marketing & Inspection,Volume-7 (Food grains and allied products Compendium)-AGMARK.pdf,101,
urad flour,Food grains and allied products (pulses),,Foreign_matter_organic,Special,,3.5,,"% by weight (max, unless noted)",AGMARK / Directorate of Marketing & Inspection,Volume-7 (Food grains and allied products Compendium)-AGMARK.pdf,101,
urad flour,Food grains and allied products (pulses),,Foreign_matter_inorganic,Special,,0.12,,"% by weight (max, unless noted)",AGMARK / Directorate of Marketing & Inspection,Volume-7 (Food grains and allied products Compendium)-AGMARK.pdf,101,
urad flour,Food grains and allied products (pulses),,Other_edible_grains,Special,,1.0,,"% by weight (max, unless noted)",AGMARK / Directorate of Marketing & Inspection,Volume-7 (Food grains and allied products Compendium)-AGMARK.pdf,101,
urad flour,Food grains and allied products (pulses),,Damaged_grains,Special,,0.2,,"% by weight (max, unless noted)",AGMARK / Directorate of Marketing & Inspection,Volume-7 (Food grains and allied products Compendium)-AGMARK.pdf,101,
urad flour,Food grains and allied products (pulses),,Additional_param_1,Special,,24.0,,"% by weight (max, unless noted)",AGMARK / Directorate of Marketing & Inspection,Volume-7 (Food grains and allied products Compendium)-AGMARK.pdf,101,
urad flour,Food grains and allied products (pulses),,Additional_param_2,Special,,2.0,,"% by weight (max, unless noted)",AGMARK / Directorate of Marketing & Inspection,Volume-7 (Food grains and allied products Compendium)-AGMARK.pdf,101,
urad flour,Food grains and allied products (pulses),,Moisture,Standard,,10.5,,"% by weight (max, unless noted)",AGMARK / Directorate of Marketing & Inspection,Volume-7 (Food grains and allied products Compendium)-AGMARK.pdf,101,
urad flour,Food grains and allied products (pulses),,Foreign_matter_organic,Standard,,3.75,,"% by weight (max, unless noted)",AGMARK / Directorate of Marketing & Inspection,Volume-7 (Food grains and allied products Compendium)-AGMARK.pdf,101,
urad flour,Food grains and allied products (pulses),,Foreign_matter_inorganic,Standard,,0.2,,"% by weight (max, unless noted)",AGMARK / Directorate of Marketing & Inspection,Volume-7 (Food grains and allied products Compendium)-AGMARK.pdf,101,
urad flour,Food grains and allied products (pulses),,Other_edible_grains,Standard,,2.0,,"% by weight (max, unless noted)",AGMARK / Directorate of Marketing & Inspection,Volume-7 (Food grains and allied products Compendium)-AGMARK.pdf,101,
urad flour,Food grains and allied products (pulses),,Damaged_grains,Standard,,0.2,,"% by weight (max, unless noted)",AGMARK / Directorate of Marketing & Inspection,Volume-7 (Food grains and allied products Compendium)-AGMARK.pdf,101,
urad flour,Food grains and allied products (pulses),,Additional_param_1,Standard,,22.0,,"% by weight (max, unless noted)",AGMARK / Directorate of Marketing & Inspection,Volume-7 (Food grains and allied products Compendium)-AGMARK.pdf,101,
urad flour,Food grains and allied products (pulses),,Additional_param_2,Standard,,1.5,,"% by weight (max, unless noted)",AGMARK / Directorate of Marketing & Inspection,Volume-7 (Food grains and allied products Compendium)-AGMARK.pdf,101,
urad flour,Food grains and allied products (pulses),,Moisture,General,,11.0,,"% by weight (max, unless noted)",AGMARK / Directorate of Marketing & Inspection,Volume-7 (Food grains and allied products Compendium)-AGMARK.pdf,101,
urad flour,Food grains and allied products (pulses),,Foreign_matter_organic,General,,4.0,,"% by weight (max, unless noted)",AGMARK / Directorate of Marketing & Inspection,Volume-7 (Food grains and allied products Compendium)-AGMARK.pdf,101,
urad flour,Food grains and allied products (pulses),,Foreign_matter_inorganic,General,,0.3,,"% by weight (max, unless noted)",AGMARK / Directorate of Marketing & Inspection,Volume-7 (Food grains and allied products Compendium)-AGMARK.pdf,101,
urad flour,Food grains and allied products (pulses),,Other_edible_grains,General,,2.5,,"% by weight (max, unless noted)",AGMARK / Directorate of Marketing & Inspection,Volume-7 (Food grains and allied products Compendium)-AGMARK.pdf,101,
urad flour,Food grains and allied products (pulses),,Damaged_grains,General,,0.3,,"% by weight (max, unless noted)",AGMARK / Directorate of Marketing & Inspection,Volume-7 (Food grains and allied products Compendium)-AGMARK.pdf,101,
urad flour,Food grains and allied products (pulses),,Additional_param_1,General,,20.0,,"% by weight (max, unless noted)",AGMARK / Directorate of Marketing & Inspection,Volume-7 (Food grains and allied products Compendium)-AGMARK.pdf,101,
urad flour,Food grains and allied products (pulses),,Additional_param_2,General,,1.5,,"% by weight (max, unless noted)",AGMARK / Directorate of Marketing & Inspection,Volume-7 (Food grains and allied products Compendium)-AGMARK.pdf,101,
singhara flour,Food grains and allied products (pulses),,Moisture,Special,,10.0,,"% by weight (max, unless noted)",AGMARK / Directorate of Marketing & Inspection,Volume-7 (Food grains and allied products Compendium)-AGMARK.pdf,102,
singhara flour,Food grains and allied products (pulses),,Foreign_matter_organic,Special,,2.2,,"% by weight (max, unless noted)",AGMARK / Directorate of Marketing & Inspection,Volume-7 (Food grains and allied products Compendium)-AGMARK.pdf,102,
singhara flour,Food grains and allied products (pulses),,Foreign_matter_inorganic,Special,,0.1,,"% by weight (max, unless noted)",AGMARK / Directorate of Marketing & Inspection,Volume-7 (Food grains and allied products Compendium)-AGMARK.pdf,102,
singhara flour,Food grains and allied products (pulses),,Other_edible_grains,Special,,1.5,,"% by weight (max, unless noted)",AGMARK / Directorate of Marketing & Inspection,Volume-7 (Food grains and allied products Compendium)-AGMARK.pdf,102,
singhara flour,Food grains and allied products (pulses),,Damaged_grains,Special,,0.1,,"% by weight (max, unless noted)",AGMARK / Directorate of Marketing & Inspection,Volume-7 (Food grains and allied products Compendium)-AGMARK.pdf,102,
singhara flour,Food grains and allied products (pulses),,Moisture,General,,12.0,,"% by weight (max, unless noted)",AGMARK / Directorate of Marketing & Inspection,Volume-7 (Food grains and allied products Compendium)-AGMARK.pdf,102,
singhara flour,Food grains and allied products (pulses),,Foreign_matter_organic,General,,3.0,,"% by weight (max, unless noted)",AGMARK / Directorate of Marketing & Inspection,Volume-7 (Food grains and allied products Compendium)-AGMARK.pdf,102,
singhara flour,Food grains and allied products (pulses),,Foreign_matter_inorganic,General,,0.5,,"% by weight (max, unless noted)",AGMARK / Directorate of Marketing & Inspection,Volume-7 (Food grains and allied products Compendium)-AGMARK.pdf,102,
singhara flour,Food grains and allied products (pulses),,Other_edible_grains,General,,3.75,,"% by weight (max, unless noted)",AGMARK / Directorate of Marketing & Inspection,Volume-7 (Food grains and allied products Compendium)-AGMARK.pdf,102,
singhara flour,Food grains and allied products (pulses),,Damaged_grains,General,,0.18,,"% by weight (max, unless noted)",AGMARK / Directorate of Marketing & Inspection,Volume-7 (Food grains and allied products Compendium)-AGMARK.pdf,102,
singhara flour,Food grains and allied products (pulses),,Additional_param_1,General,,0.25,,"% by weight (max, unless noted)",AGMARK / Directorate of Marketing & Inspection,Volume-7 (Food grains and allied products Compendium)-AGMARK.pdf,102,
singhara flour,Food grains and allied products (pulses),,Additional_param_2,General,,96.0,,"% by weight (max, unless noted)",AGMARK / Directorate of Marketing & Inspection,Volume-7 (Food grains and allied products Compendium)-AGMARK.pdf,102,
full fat soya flour,Food grains and allied products (pulses),,Moisture,Special,,8.0,,"% by weight (max, unless noted)",AGMARK / Directorate of Marketing & Inspection,Volume-7 (Food grains and allied products Compendium)-AGMARK.pdf,103,
full fat soya flour,Food grains and allied products (pulses),,Foreign_matter_organic,Special,,5.0,,"% by weight (max, unless noted)",AGMARK / Directorate of Marketing & Inspection,Volume-7 (Food grains and allied products Compendium)-AGMARK.pdf,103,
full fat soya flour,Food grains and allied products (pulses),,Foreign_matter_inorganic,Special,,0.2,,"% by weight (max, unless noted)",AGMARK / Directorate of Marketing & Inspection,Volume-7 (Food grains and allied products Compendium)-AGMARK.pdf,103,
full fat soya flour,Food grains and allied products (pulses),,Moisture,General,,9.0,,"% by weight (max, unless noted)",AGMARK / Directorate of Marketing & Inspection,Volume-7 (Food grains and allied products Compendium)-AGMARK.pdf,103,
full fat soya flour,Food grains and allied products (pulses),,Foreign_matter_organic,General,,7.2,,"% by weight (max, unless noted)",AGMARK / Directorate of Marketing & Inspection,Volume-7 (Food grains and allied products Compendium)-AGMARK.pdf,103,
full fat soya flour,Food grains and allied products (pulses),,Foreign_matter_inorganic,General,,0.35,,"% by weight (max, unless noted)",AGMARK / Directorate of Marketing & Inspection,Volume-7 (Food grains and allied products Compendium)-AGMARK.pdf,103,
full fat soya flour,Food grains and allied products (pulses),,Other_edible_grains,General,,39.0,,"% by weight (max, unless noted)",AGMARK / Directorate of Marketing & Inspection,Volume-7 (Food grains and allied products Compendium)-AGMARK.pdf,103,
full fat soya flour,Food grains and allied products (pulses),,Damaged_grains,General,,16.5,,"% by weight (max, unless noted)",AGMARK / Directorate of Marketing & Inspection,Volume-7 (Food grains and allied products Compendium)-AGMARK.pdf,103,
full fat soya flour,Food grains and allied products (pulses),,Additional_param_1,General,,85.0,,"% by weight (max, unless noted)",AGMARK / Directorate of Marketing & Inspection,Volume-7 (Food grains and allied products Compendium)-AGMARK.pdf,103,
full fat soya flour,Food grains and allied products (pulses),,Additional_param_2,General,,5.0,,"% by weight (max, unless noted)",AGMARK / Directorate of Marketing & Inspection,Volume-7 (Food grains and allied products Compendium)-AGMARK.pdf,103,
ragi flour,Food grains and allied products (pulses),,Moisture,Special,,10.0,,"% by weight (max, unless noted)",AGMARK / Directorate of Marketing & Inspection,Volume-7 (Food grains and allied products Compendium)-AGMARK.pdf,104,
ragi flour,Food grains and allied products (pulses),,Foreign_matter_organic,Special,,2.4,,"% by weight (max, unless noted)",AGMARK / Directorate of Marketing & Inspection,Volume-7 (Food grains and allied products Compendium)-AGMARK.pdf,104,
ragi flour,Food grains and allied products (pulses),,Foreign_matter_inorganic,Special,,0.1,,"% by weight (max, unless noted)",AGMARK / Directorate of Marketing & Inspection,Volume-7 (Food grains and allied products Compendium)-AGMARK.pdf,104,
ragi flour,Food grains and allied products (pulses),,Other_edible_grains,Special,,2.0,,"% by weight (max, unless noted)",AGMARK / Directorate of Marketing & Inspection,Volume-7 (Food grains and allied products Compendium)-AGMARK.pdf,104,
ragi flour,Food grains and allied products (pulses),,Damaged_grains,Special,,0.2,,"% by weight (max, unless noted)",AGMARK / Directorate of Marketing & Inspection,Volume-7 (Food grains and allied products Compendium)-AGMARK.pdf,104,
ragi flour,Food grains and allied products (pulses),,Additional_param_1,Special,,8.5,,"% by weight (max, unless noted)",AGMARK / Directorate of Marketing & Inspection,Volume-7 (Food grains and allied products Compendium)-AGMARK.pdf,104,
ragi flour,Food grains and allied products (pulses),,Additional_param_2,Special,,3.0,,"% by weight (max, unless noted)",AGMARK / Directorate of Marketing & Inspection,Volume-7 (Food grains and allied products Compendium)-AGMARK.pdf,104,
ragi flour,Food grains and allied products (pulses),,Moisture,General,,10.0,,"% by weight (max, unless noted)",AGMARK / Directorate of Marketing & Inspection,Volume-7 (Food grains and allied products Compendium)-AGMARK.pdf,104,
ragi flour,Food grains and allied products (pulses),,Foreign_matter_organic,General,,2.6,,"% by weight (max, unless noted)",AGMARK / Directorate of Marketing & Inspection,Volume-7 (Food grains and allied products Compendium)-AGMARK.pdf,104,
ragi flour,Food grains and allied products (pulses),,Foreign_matter_inorganic,General,,0.15,,"% by weight (max, unless noted)",AGMARK / Directorate of Marketing & Inspection,Volume-7 (Food grains and allied products Compendium)-AGMARK.pdf,104,
ragi flour,Food grains and allied products (pulses),,Other_edible_grains,General,,4.0,,"% by weight (max, unless noted)",AGMARK / Directorate of Marketing & Inspection,Volume-7 (Food grains and allied products Compendium)-AGMARK.pdf,104,
ragi flour,Food grains and allied products (pulses),,Damaged_grains,General,,0.4,,"% by weight (max, unless noted)",AGMARK / Directorate of Marketing & Inspection,Volume-7 (Food grains and allied products Compendium)-AGMARK.pdf,104,
ragi flour,Food grains and allied products (pulses),,Additional_param_1,General,,7.0,,"% by weight (max, unless noted)",AGMARK / Directorate of Marketing & Inspection,Volume-7 (Food grains and allied products Compendium)-AGMARK.pdf,104,
ragi flour,Food grains and allied products (pulses),,Additional_param_2,General,,1.5,,"% by weight (max, unless noted)",AGMARK / Directorate of Marketing & Inspection,Volume-7 (Food grains and allied products Compendium)-AGMARK.pdf,104,
ragi flour,Food grains and allied products (pulses),,Moisture,General,,1988.0,,"% by weight (max, unless noted)",AGMARK / Directorate of Marketing & Inspection,Volume-7 (Food grains and allied products Compendium)-AGMARK.pdf,104,
raw milled Gobindabhog rice (short grain),Food grains and allied products (pulses),,Moisture,Special,,11.0,,"% by weight (max, unless noted)",AGMARK / Directorate of Marketing & Inspection,Volume-7 (Food grains and allied products Compendium)-AGMARK.pdf,110,
raw milled Gobindabhog rice (short grain),Food grains and allied products (pulses),,Foreign_matter_organic,Special,,0.5,,"% by weight (max, unless noted)",AGMARK / Directorate of Marketing & Inspection,Volume-7 (Food grains and allied products Compendium)-AGMARK.pdf,110,
raw milled Gobindabhog rice (short grain),Food grains and allied products (pulses),,Foreign_matter_inorganic,Special,,1.0,,"% by weight (max, unless noted)",AGMARK / Directorate of Marketing & Inspection,Volume-7 (Food grains and allied products Compendium)-AGMARK.pdf,110,
raw milled Gobindabhog rice (short grain),Food grains and allied products (pulses),,Other_edible_grains,Special,,4.0,,"% by weight (max, unless noted)",AGMARK / Directorate of Marketing & Inspection,Volume-7 (Food grains and allied products Compendium)-AGMARK.pdf,110,
raw milled Gobindabhog rice (short grain),Food grains and allied products (pulses),,Damaged_grains,Special,,1.0,,"% by weight (max, unless noted)",AGMARK / Directorate of Marketing & Inspection,Volume-7 (Food grains and allied products Compendium)-AGMARK.pdf,110,
raw milled Gobindabhog rice (short grain),Food grains and allied products (pulses),,Additional_param_1,Special,,0.5,,"% by weight (max, unless noted)",AGMARK / Directorate of Marketing & Inspection,Volume-7 (Food grains and allied products Compendium)-AGMARK.pdf,110,
raw milled Gobindabhog rice (short grain),Food grains and allied products (pulses),,Additional_param_2,Special,,8.0,,"% by weight (max, unless noted)",AGMARK / Directorate of Marketing & Inspection,Volume-7 (Food grains and allied products Compendium)-AGMARK.pdf,110,
raw milled Gobindabhog rice (short grain),Food grains and allied products (pulses),,Moisture,Standard,,12.0,,"% by weight (max, unless noted)",AGMARK / Directorate of Marketing & Inspection,Volume-7 (Food grains and allied products Compendium)-AGMARK.pdf,110,
raw milled Gobindabhog rice (short grain),Food grains and allied products (pulses),,Foreign_matter_organic,Standard,,1.0,,"% by weight (max, unless noted)",AGMARK / Directorate of Marketing & Inspection,Volume-7 (Food grains and allied products Compendium)-AGMARK.pdf,110,
raw milled Gobindabhog rice (short grain),Food grains and allied products (pulses),,Foreign_matter_inorganic,Standard,,2.0,,"% by weight (max, unless noted)",AGMARK / Directorate of Marketing & Inspection,Volume-7 (Food grains and allied products Compendium)-AGMARK.pdf,110,
raw milled Gobindabhog rice (short grain),Food grains and allied products (pulses),,Other_edible_grains,Standard,,6.0,,"% by weight (max, unless noted)",AGMARK / Directorate of Marketing & Inspection,Volume-7 (Food grains and allied products Compendium)-AGMARK.pdf,110,
raw milled Gobindabhog rice (short grain),Food grains and allied products (pulses),,Damaged_grains,Standard,,2.0,,"% by weight (max, unless noted)",AGMARK / Directorate of Marketing & Inspection,Volume-7 (Food grains and allied products Compendium)-AGMARK.pdf,110,
raw milled Gobindabhog rice (short grain),Food grains and allied products (pulses),,Additional_param_1,Standard,,1.0,,"% by weight (max, unless noted)",AGMARK / Directorate of Marketing & Inspection,Volume-7 (Food grains and allied products Compendium)-AGMARK.pdf,110,
raw milled Gobindabhog rice (short grain),Food grains and allied products (pulses),,Additional_param_2,Standard,,8.0,,"% by weight (max, unless noted)",AGMARK / Directorate of Marketing & Inspection,Volume-7 (Food grains and allied products Compendium)-AGMARK.pdf,110,
raw milled Gobindabhog rice (short grain),Food grains and allied products (pulses),,Moisture,General,,13.0,,"% by weight (max, unless noted)",AGMARK / Directorate of Marketing & Inspection,Volume-7 (Food grains and allied products Compendium)-AGMARK.pdf,110,
raw milled Gobindabhog rice (short grain),Food grains and allied products (pulses),,Foreign_matter_organic,General,,1.0,,"% by weight (max, unless noted)",AGMARK / Directorate of Marketing & Inspection,Volume-7 (Food grains and allied products Compendium)-AGMARK.pdf,110,
raw milled Gobindabhog rice (short grain),Food grains and allied products (pulses),,Foreign_matter_inorganic,General,,3.0,,"% by weight (max, unless noted)",AGMARK / Directorate of Marketing & Inspection,Volume-7 (Food grains and allied products Compendium)-AGMARK.pdf,110,
raw milled Gobindabhog rice (short grain),Food grains and allied products (pulses),,Other_edible_grains,General,,8.0,,"% by weight (max, unless noted)",AGMARK / Directorate of Marketing & Inspection,Volume-7 (Food grains and allied products Compendium)-AGMARK.pdf,110,
raw milled Gobindabhog rice (short grain),Food grains and allied products (pulses),,Damaged_grains,General,,3.0,,"% by weight (max, unless noted)",AGMARK / Directorate of Marketing & Inspection,Volume-7 (Food grains and allied products Compendium)-AGMARK.pdf,110,
raw milled Gobindabhog rice (short grain),Food grains and allied products (pulses),,Additional_param_1,General,,1.0,,"% by weight (max, unless noted)",AGMARK / Directorate of Marketing & Inspection,Volume-7 (Food grains and allied products Compendium)-AGMARK.pdf,110,
raw milled Gobindabhog rice (short grain),Food grains and allied products (pulses),,Additional_param_2,General,,8.0,,"% by weight (max, unless noted)",AGMARK / Directorate of Marketing & Inspection,Volume-7 (Food grains and allied products Compendium)-AGMARK.pdf,110,
parboiled milled Tulaipanji rice (medium grain),Food grains and allied products (pulses),,Moisture,Special,,11.0,,"% by weight (max, unless noted)",AGMARK / Directorate of Marketing & Inspection,Volume-7 (Food grains and allied products Compendium)-AGMARK.pdf,111,
parboiled milled Tulaipanji rice (medium grain),Food grains and allied products (pulses),,Foreign_matter_organic,Special,,0.5,,"% by weight (max, unless noted)",AGMARK / Directorate of Marketing & Inspection,Volume-7 (Food grains and allied products Compendium)-AGMARK.pdf,111,
parboiled milled Tulaipanji rice (medium grain),Food grains and allied products (pulses),,Foreign_matter_inorganic,Special,,1.0,,"% by weight (max, unless noted)",AGMARK / Directorate of Marketing & Inspection,Volume-7 (Food grains and allied products Compendium)-AGMARK.pdf,111,
parboiled milled Tulaipanji rice (medium grain),Food grains and allied products (pulses),,Other_edible_grains,Special,,4.0,,"% by weight (max, unless noted)",AGMARK / Directorate of Marketing & Inspection,Volume-7 (Food grains and allied products Compendium)-AGMARK.pdf,111,
parboiled milled Tulaipanji rice (medium grain),Food grains and allied products (pulses),,Damaged_grains,Special,,1.0,,"% by weight (max, unless noted)",AGMARK / Directorate of Marketing & Inspection,Volume-7 (Food grains and allied products Compendium)-AGMARK.pdf,111,
parboiled milled Tulaipanji rice (medium grain),Food grains and allied products (pulses),,Additional_param_1,Special,,0.5,,"% by weight (max, unless noted)",AGMARK / Directorate of Marketing & Inspection,Volume-7 (Food grains and allied products Compendium)-AGMARK.pdf,111,
parboiled milled Tulaipanji rice (medium grain),Food grains and allied products (pulses),,Additional_param_2,Special,,11.0,,"% by weight (max, unless noted)",AGMARK / Directorate of Marketing & Inspection,Volume-7 (Food grains and allied products Compendium)-AGMARK.pdf,111,
parboiled milled Tulaipanji rice (medium grain),Food grains and allied products (pulses),,Moisture,General,,13.0,,"% by weight (max, unless noted)",AGMARK / Directorate of Marketing & Inspection,Volume-7 (Food grains and allied products Compendium)-AGMARK.pdf,111,
parboiled milled Tulaipanji rice (medium grain),Food grains and allied products (pulses),,Foreign_matter_organic,General,,1.0,,"% by weight (max, unless noted)",AGMARK / Directorate of Marketing & Inspection,Volume-7 (Food grains and allied products Compendium)-AGMARK.pdf,111,
parboiled milled Tulaipanji rice (medium grain),Food grains and allied products (pulses),,Foreign_matter_inorganic,General,,3.0,,"% by weight (max, unless noted)",AGMARK / Directorate of Marketing & Inspection,Volume-7 (Food grains and allied products Compendium)-AGMARK.pdf,111,
parboiled milled Tulaipanji rice (medium grain),Food grains and allied products (pulses),,Other_edible_grains,General,,8.0,,"% by weight (max, unless noted)",AGMARK / Directorate of Marketing & Inspection,Volume-7 (Food grains and allied products Compendium)-AGMARK.pdf,111,
parboiled milled Tulaipanji rice (medium grain),Food grains and allied products (pulses),,Damaged_grains,General,,3.0,,"% by weight (max, unless noted)",AGMARK / Directorate of Marketing & Inspection,Volume-7 (Food grains and allied products Compendium)-AGMARK.pdf,111,
parboiled milled Tulaipanji rice (medium grain),Food grains and allied products (pulses),,Additional_param_1,General,,1.0,,"% by weight (max, unless noted)",AGMARK / Directorate of Marketing & Inspection,Volume-7 (Food grains and allied products Compendium)-AGMARK.pdf,111,
parboiled milled Tulaipanji rice (medium grain),Food grains and allied products (pulses),,Additional_param_2,General,,11.0,,"% by weight (max, unless noted)",AGMARK / Directorate of Marketing & Inspection,Volume-7 (Food grains and allied products Compendium)-AGMARK.pdf,111,
parboiled milled Kataribhog rice (medium grain),Food grains and allied products (pulses),,Moisture,Special,,12.0,,"% by weight (max, unless noted)",AGMARK / Directorate of Marketing & Inspection,Volume-7 (Food grains and allied products Compendium)-AGMARK.pdf,112,
parboiled milled Kataribhog rice (medium grain),Food grains and allied products (pulses),,Foreign_matter_organic,Special,,0.5,,"% by weight (max, unless noted)",AGMARK / Directorate of Marketing & Inspection,Volume-7 (Food grains and allied products Compendium)-AGMARK.pdf,112,
parboiled milled Kataribhog rice (medium grain),Food grains and allied products (pulses),,Foreign_matter_inorganic,Special,,4.0,,"% by weight (max, unless noted)",AGMARK / Directorate of Marketing & Inspection,Volume-7 (Food grains and allied products Compendium)-AGMARK.pdf,112,
parboiled milled Kataribhog rice (medium grain),Food grains and allied products (pulses),,Other_edible_grains,Special,,3.0,,"% by weight (max, unless noted)",AGMARK / Directorate of Marketing & Inspection,Volume-7 (Food grains and allied products Compendium)-AGMARK.pdf,112,
parboiled milled Kataribhog rice (medium grain),Food grains and allied products (pulses),,Damaged_grains,Special,,1.0,,"% by weight (max, unless noted)",AGMARK / Directorate of Marketing & Inspection,Volume-7 (Food grains and allied products Compendium)-AGMARK.pdf,112,
parboiled milled Kataribhog rice (medium grain),Food grains and allied products (pulses),,Additional_param_1,Special,,0.5,,"% by weight (max, unless noted)",AGMARK / Directorate of Marketing & Inspection,Volume-7 (Food grains and allied products Compendium)-AGMARK.pdf,112,
parboiled milled Kataribhog rice (medium grain),Food grains and allied products (pulses),,Additional_param_2,Special,,11.0,,"% by weight (max, unless noted)",AGMARK / Directorate of Marketing & Inspection,Volume-7 (Food grains and allied products Compendium)-AGMARK.pdf,112,
parboiled milled Kataribhog rice (medium grain),Food grains and allied products (pulses),,Moisture,General,,14.0,,"% by weight (max, unless noted)",AGMARK / Directorate of Marketing & Inspection,Volume-7 (Food grains and allied products Compendium)-AGMARK.pdf,112,
parboiled milled Kataribhog rice (medium grain),Food grains and allied products (pulses),,Foreign_matter_organic,General,,1.0,,"% by weight (max, unless noted)",AGMARK / Directorate of Marketing & Inspection,Volume-7 (Food grains and allied products Compendium)-AGMARK.pdf,112,
parboiled milled Kataribhog rice (medium grain),Food grains and allied products (pulses),,Foreign_matter_inorganic,General,,5.0,,"% by weight (max, unless noted)",AGMARK / Directorate of Marketing & Inspection,Volume-7 (Food grains and allied products Compendium)-AGMARK.pdf,112,
parboiled milled Kataribhog rice (medium grain),Food grains and allied products (pulses),,Other_edible_grains,General,,6.0,,"% by weight (max, unless noted)",AGMARK / Directorate of Marketing & Inspection,Volume-7 (Food grains and allied products Compendium)-AGMARK.pdf,112,
parboiled milled Kataribhog rice (medium grain),Food grains and allied products (pulses),,Damaged_grains,General,,3.0,,"% by weight (max, unless noted)",AGMARK / Directorate of Marketing & Inspection,Volume-7 (Food grains and allied products Compendium)-AGMARK.pdf,112,
parboiled milled Kataribhog rice (medium grain),Food grains and allied products (pulses),,Additional_param_1,General,,1.0,,"% by weight (max, unless noted)",AGMARK / Directorate of Marketing & Inspection,Volume-7 (Food grains and allied products Compendium)-AGMARK.pdf,112,
parboiled milled Kataribhog rice (medium grain),Food grains and allied products (pulses),,Additional_param_2,General,,11.5,,"% by weight (max, unless noted)",AGMARK / Directorate of Marketing & Inspection,Volume-7 (Food grains and allied products Compendium)-AGMARK.pdf,112,
raw milled Kalonunia rice (medium grain),Food grains and allied products (pulses),,Moisture,Special,,12.0,,"% by weight (max, unless noted)",AGMARK / Directorate of Marketing & Inspection,Volume-7 (Food grains and allied products Compendium)-AGMARK.pdf,113,
raw milled Kalonunia rice (medium grain),Food grains and allied products (pulses),,Foreign_matter_organic,Special,,0.5,,"% by weight (max, unless noted)",AGMARK / Directorate of Marketing & Inspection,Volume-7 (Food grains and allied products Compendium)-AGMARK.pdf,113,
raw milled Kalonunia rice (medium grain),Food grains and allied products (pulses),,Foreign_matter_inorganic,Special,,2.0,,"% by weight (max, unless noted)",AGMARK / Directorate of Marketing & Inspection,Volume-7 (Food grains and allied products Compendium)-AGMARK.pdf,113,
raw milled Kalonunia rice (medium grain),Food grains and allied products (pulses),,Other_edible_grains,Special,,8.0,,"% by weight (max, unless noted)",AGMARK / Directorate of Marketing & Inspection,Volume-7 (Food grains and allied products Compendium)-AGMARK.pdf,113,
raw milled Kalonunia rice (medium grain),Food grains and allied products (pulses),,Damaged_grains,Special,,1.0,,"% by weight (max, unless noted)",AGMARK / Directorate of Marketing & Inspection,Volume-7 (Food grains and allied products Compendium)-AGMARK.pdf,113,
raw milled Kalonunia rice (medium grain),Food grains and allied products (pulses),,Additional_param_1,Special,,0.5,,"% by weight (max, unless noted)",AGMARK / Directorate of Marketing & Inspection,Volume-7 (Food grains and allied products Compendium)-AGMARK.pdf,113,
raw milled Kalonunia rice (medium grain),Food grains and allied products (pulses),,Additional_param_2,Special,,11.0,,"% by weight (max, unless noted)",AGMARK / Directorate of Marketing & Inspection,Volume-7 (Food grains and allied products Compendium)-AGMARK.pdf,113,
raw milled Kalonunia rice (medium grain),Food grains and allied products (pulses),,Moisture,General,,14.0,,"% by weight (max, unless noted)",AGMARK / Directorate of Marketing & Inspection,Volume-7 (Food grains and allied products Compendium)-AGMARK.pdf,113,
raw milled Kalonunia rice (medium grain),Food grains and allied products (pulses),,Foreign_matter_organic,General,,1.0,,"% by weight (max, unless noted)",AGMARK / Directorate of Marketing & Inspection,Volume-7 (Food grains and allied products Compendium)-AGMARK.pdf,113,
raw milled Kalonunia rice (medium grain),Food grains and allied products (pulses),,Foreign_matter_inorganic,General,,4.0,,"% by weight (max, unless noted)",AGMARK / Directorate of Marketing & Inspection,Volume-7 (Food grains and allied products Compendium)-AGMARK.pdf,113,
raw milled Kalonunia rice (medium grain),Food grains and allied products (pulses),,Other_edible_grains,General,,12.0,,"% by weight (max, unless noted)",AGMARK / Directorate of Marketing & Inspection,Volume-7 (Food grains and allied products Compendium)-AGMARK.pdf,113,
raw milled Kalonunia rice (medium grain),Food grains and allied products (pulses),,Damaged_grains,General,,3.0,,"% by weight (max, unless noted)",AGMARK / Directorate of Marketing & Inspection,Volume-7 (Food grains and allied products Compendium)-AGMARK.pdf,113,
raw milled Kalonunia rice (medium grain),Food grains and allied products (pulses),,Additional_param_1,General,,1.0,,"% by weight (max, unless noted)",AGMARK / Directorate of Marketing & Inspection,Volume-7 (Food grains and allied products Compendium)-AGMARK.pdf,113,
raw milled Kalonunia rice (medium grain),Food grains and allied products (pulses),,Additional_param_2,General,,12.0,,"% by weight (max, unless noted)",AGMARK / Directorate of Marketing & Inspection,Volume-7 (Food grains and allied products Compendium)-AGMARK.pdf,113,
raw milled Radhunipagal rice (short grain),Food grains and allied products (pulses),,Moisture,Special,,11.0,,"% by weight (max, unless noted)",AGMARK / Directorate of Marketing & Inspection,Volume-7 (Food grains and allied products Compendium)-AGMARK.pdf,114,
raw milled Radhunipagal rice (short grain),Food grains and allied products (pulses),,Foreign_matter_organic,Special,,0.5,,"% by weight (max, unless noted)",AGMARK / Directorate of Marketing & Inspection,Volume-7 (Food grains and allied products Compendium)-AGMARK.pdf,114,
raw milled Radhunipagal rice (short grain),Food grains and allied products (pulses),,Foreign_matter_inorganic,Special,,2.0,,"% by weight (max, unless noted)",AGMARK / Directorate of Marketing & Inspection,Volume-7 (Food grains and allied products Compendium)-AGMARK.pdf,114,
raw milled Radhunipagal rice (short grain),Food grains and allied products (pulses),,Other_edible_grains,Special,,4.0,,"% by weight (max, unless noted)",AGMARK / Directorate of Marketing & Inspection,Volume-7 (Food grains and allied products Compendium)-AGMARK.pdf,114,
raw milled Radhunipagal rice (short grain),Food grains and allied products (pulses),,Damaged_grains,Special,,1.0,,"% by weight (max, unless noted)",AGMARK / Directorate of Marketing & Inspection,Volume-7 (Food grains and allied products Compendium)-AGMARK.pdf,114,
raw milled Radhunipagal rice (short grain),Food grains and allied products (pulses),,Additional_param_1,Special,,0.5,,"% by weight (max, unless noted)",AGMARK / Directorate of Marketing & Inspection,Volume-7 (Food grains and allied products Compendium)-AGMARK.pdf,114,
raw milled Radhunipagal rice (short grain),Food grains and allied products (pulses),,Additional_param_2,Special,,7.5,,"% by weight (max, unless noted)",AGMARK / Directorate of Marketing & Inspection,Volume-7 (Food grains and allied products Compendium)-AGMARK.pdf,114,
raw milled Radhunipagal rice (short grain),Food grains and allied products (pulses),,Moisture,General,,13.0,,"% by weight (max, unless noted)",AGMARK / Directorate of Marketing & Inspection,Volume-7 (Food grains and allied products Compendium)-AGMARK.pdf,114,
raw milled Radhunipagal rice (short grain),Food grains and allied products (pulses),,Foreign_matter_organic,General,,1.0,,"% by weight (max, unless noted)",AGMARK / Directorate of Marketing & Inspection,Volume-7 (Food grains and allied products Compendium)-AGMARK.pdf,114,
raw milled Radhunipagal rice (short grain),Food grains and allied products (pulses),,Foreign_matter_inorganic,General,,4.0,,"% by weight (max, unless noted)",AGMARK / Directorate of Marketing & Inspection,Volume-7 (Food grains and allied products Compendium)-AGMARK.pdf,114,
raw milled Radhunipagal rice (short grain),Food grains and allied products (pulses),,Other_edible_grains,General,,8.0,,"% by weight (max, unless noted)",AGMARK / Directorate of Marketing & Inspection,Volume-7 (Food grains and allied products Compendium)-AGMARK.pdf,114,
raw milled Radhunipagal rice (short grain),Food grains and allied products (pulses),,Damaged_grains,General,,3.0,,"% by weight (max, unless noted)",AGMARK / Directorate of Marketing & Inspection,Volume-7 (Food grains and allied products Compendium)-AGMARK.pdf,114,
raw milled Radhunipagal rice (short grain),Food grains and allied products (pulses),,Additional_param_1,General,,1.0,,"% by weight (max, unless noted)",AGMARK / Directorate of Marketing & Inspection,Volume-7 (Food grains and allied products Compendium)-AGMARK.pdf,114,
raw milled Radhunipagal rice (short grain),Food grains and allied products (pulses),,Additional_param_2,General,,8.0,,"% by weight (max, unless noted)",AGMARK / Directorate of Marketing & Inspection,Volume-7 (Food grains and allied products Compendium)-AGMARK.pdf,114,
raw milled Radhunipagal rice (short grain),Food grains and allied products (pulses),,Moisture,General,,1988.0,,"% by weight (max, unless noted)",AGMARK / Directorate of Marketing & Inspection,Volume-7 (Food grains and allied products Compendium)-AGMARK.pdf,114,
Sattu,Food grains and allied products (pulses),,Moisture,Special,,8.0,,"% by weight (max, unless noted)",AGMARK / Directorate of Marketing & Inspection,Volume-7 (Food grains and allied products Compendium)-AGMARK.pdf,124,
Sattu,Food grains and allied products (pulses),,Foreign_matter_organic,Special,,2.0,,"% by weight (max, unless noted)",AGMARK / Directorate of Marketing & Inspection,Volume-7 (Food grains and allied products Compendium)-AGMARK.pdf,124,
Sattu,Food grains and allied products (pulses),,Foreign_matter_inorganic,Special,,0.2,,"% by weight (max, unless noted)",AGMARK / Directorate of Marketing & Inspection,Volume-7 (Food grains and allied products Compendium)-AGMARK.pdf,124,
Sattu,Food grains and allied products (pulses),,Other_edible_grains,Special,,0.1,,"% by weight (max, unless noted)",AGMARK / Directorate of Marketing & Inspection,Volume-7 (Food grains and allied products Compendium)-AGMARK.pdf,124,
Sattu,Food grains and allied products (pulses),,Damaged_grains,Special,,20.0,,"% by weight (max, unless noted)",AGMARK / Directorate of Marketing & Inspection,Volume-7 (Food grains and allied products Compendium)-AGMARK.pdf,124,
Sattu,Food grains and allied products (pulses),,Additional_param_1,Special,,1.5,,"% by weight (max, unless noted)",AGMARK / Directorate of Marketing & Inspection,Volume-7 (Food grains and allied products Compendium)-AGMARK.pdf,124,
Sattu,Food grains and allied products (pulses),,Moisture,Standard,,10.0,,"% by weight (max, unless noted)",AGMARK / Directorate of Marketing & Inspection,Volume-7 (Food grains and allied products Compendium)-AGMARK.pdf,124,
Sattu,Food grains and allied products (pulses),,Foreign_matter_organic,Standard,,3.0,,"% by weight (max, unless noted)",AGMARK / Directorate of Marketing & Inspection,Volume-7 (Food grains and allied products Compendium)-AGMARK.pdf,124,
Sattu,Food grains and allied products (pulses),,Foreign_matter_inorganic,Standard,,0.4,,"% by weight (max, unless noted)",AGMARK / Directorate of Marketing & Inspection,Volume-7 (Food grains and allied products Compendium)-AGMARK.pdf,124,
Sattu,Food grains and allied products (pulses),,Other_edible_grains,Standard,,0.12,,"% by weight (max, unless noted)",AGMARK / Directorate of Marketing & Inspection,Volume-7 (Food grains and allied products Compendium)-AGMARK.pdf,124,
Sattu,Food grains and allied products (pulses),,Damaged_grains,Standard,,16.0,,"% by weight (max, unless noted)",AGMARK / Directorate of Marketing & Inspection,Volume-7 (Food grains and allied products Compendium)-AGMARK.pdf,124,
Sattu,Food grains and allied products (pulses),,Additional_param_1,Standard,,2.0,,"% by weight (max, unless noted)",AGMARK / Directorate of Marketing & Inspection,Volume-7 (Food grains and allied products Compendium)-AGMARK.pdf,124,
Sattu,Food grains and allied products (pulses),,Moisture,General,,12.0,,"% by weight (max, unless noted)",AGMARK / Directorate of Marketing & Inspection,Volume-7 (Food grains and allied products Compendium)-AGMARK.pdf,124,
Sattu,Food grains and allied products (pulses),,Foreign_matter_organic,General,,4.0,,"% by weight (max, unless noted)",AGMARK / Directorate of Marketing & Inspection,Volume-7 (Food grains and allied products Compendium)-AGMARK.pdf,124,
Sattu,Food grains and allied products (pulses),,Foreign_matter_inorganic,General,,0.6,,"% by weight (max, unless noted)",AGMARK / Directorate of Marketing & Inspection,Volume-7 (Food grains and allied products Compendium)-AGMARK.pdf,124,
Sattu,Food grains and allied products (pulses),,Other_edible_grains,General,,0.15,,"% by weight (max, unless noted)",AGMARK / Directorate of Marketing & Inspection,Volume-7 (Food grains and allied products Compendium)-AGMARK.pdf,124,
Sattu,Food grains and allied products (pulses),,Damaged_grains,General,,12.0,,"% by weight (max, unless noted)",AGMARK / Directorate of Marketing & Inspection,Volume-7 (Food grains and allied products Compendium)-AGMARK.pdf,124,
Sattu,Food grains and allied products (pulses),,Additional_param_1,General,,3.0,,"% by weight (max, unless noted)",AGMARK / Directorate of Marketing & Inspection,Volume-7 (Food grains and allied products Compendium)-AGMARK.pdf,124,
Curry Powder,Spices and condiments,,Moisture,Standard,,85.0,,"% by weight (max, unless noted)",AGMARK / Directorate of Marketing & Inspection,Volume-9 (Spices and condiments Compendium)-AGMARK.pdf,6,
Curry Powder,Spices and condiments,,Foreign_matter_organic,Standard,,10.0,,"% by weight (max, unless noted)",AGMARK / Directorate of Marketing & Inspection,Volume-9 (Spices and condiments Compendium)-AGMARK.pdf,6,
Curry Powder,Spices and condiments,,Foreign_matter_inorganic,Standard,,5.0,,"% by weight (max, unless noted)",AGMARK / Directorate of Marketing & Inspection,Volume-9 (Spices and condiments Compendium)-AGMARK.pdf,6,
Curry Powder,Spices and condiments,,Other_edible_grains,Standard,,0.25,,"% by weight (max, unless noted)",AGMARK / Directorate of Marketing & Inspection,Volume-9 (Spices and condiments Compendium)-AGMARK.pdf,6,
Curry Powder,Spices and condiments,,Damaged_grains,Standard,,7.5,,"% by weight (max, unless noted)",AGMARK / Directorate of Marketing & Inspection,Volume-9 (Spices and condiments Compendium)-AGMARK.pdf,6,
Curry Powder,Spices and condiments,,Additional_param_1,Standard,,1.0,,"% by weight (max, unless noted)",AGMARK / Directorate of Marketing & Inspection,Volume-9 (Spices and condiments Compendium)-AGMARK.pdf,6,
Curry Powder,Spices and condiments,,Additional_param_2,Standard,,15.0,,"% by weight (max, unless noted)",AGMARK / Directorate of Marketing & Inspection,Volume-9 (Spices and condiments Compendium)-AGMARK.pdf,6,
Curry Powder,Spices and condiments,,Moisture,General,,70.0,,"% by weight (max, unless noted)",AGMARK / Directorate of Marketing & Inspection,Volume-9 (Spices and condiments Compendium)-AGMARK.pdf,6,
Curry Powder,Spices and condiments,,Foreign_matter_organic,General,,10.0,,"% by weight (max, unless noted)",AGMARK / Directorate of Marketing & Inspection,Volume-9 (Spices and condiments Compendium)-AGMARK.pdf,6,
Curry Powder,Spices and condiments,,Foreign_matter_inorganic,General,,10.0,,"% by weight (max, unless noted)",AGMARK / Directorate of Marketing & Inspection,Volume-9 (Spices and condiments Compendium)-AGMARK.pdf,6,
Curry Powder,Spices and condiments,,Other_edible_grains,General,,10.0,,"% by weight (max, unless noted)",AGMARK / Directorate of Marketing & Inspection,Volume-9 (Spices and condiments Compendium)-AGMARK.pdf,6,
Seedless Tamarind light Red to Tinged brown colour,Spices and condiments,,Moisture,Special,,15.0,,"% by weight (max, unless noted)",AGMARK / Directorate of Marketing & Inspection,Volume-9 (Spices and condiments Compendium)-AGMARK.pdf,9,
Seedless Tamarind light Red to Tinged brown colour,Spices and condiments,,Foreign_matter_organic,Special,,5.0,,"% by weight (max, unless noted)",AGMARK / Directorate of Marketing & Inspection,Volume-9 (Spices and condiments Compendium)-AGMARK.pdf,9,
Seedless Tamarind light Red to Tinged brown colour,Spices and condiments,,Foreign_matter_inorganic,Special,,4.0,,"% by weight (max, unless noted)",AGMARK / Directorate of Marketing & Inspection,Volume-9 (Spices and condiments Compendium)-AGMARK.pdf,9,
Seedless Tamarind light Red to Tinged brown colour,Spices and condiments,,Other_edible_grains,Special,,1.0,,"% by weight (max, unless noted)",AGMARK / Directorate of Marketing & Inspection,Volume-9 (Spices and condiments Compendium)-AGMARK.pdf,9,
Seedless Tamarind light Red to Tinged brown colour,Spices and condiments,,Damaged_grains,Special,,1.0,,"% by weight (max, unless noted)",AGMARK / Directorate of Marketing & Inspection,Volume-9 (Spices and condiments Compendium)-AGMARK.pdf,9,
Seedless Tamarind light Red to Tinged brown colour,Spices and condiments,,Moisture,A Grade,,17.0,,"% by weight (max, unless noted)",AGMARK / Directorate of Marketing & Inspection,Volume-9 (Spices and condiments Compendium)-AGMARK.pdf,9,
Seedless Tamarind light Red to Tinged brown colour,Spices and condiments,,Foreign_matter_organic,A Grade,,10.0,,"% by weight (max, unless noted)",AGMARK / Directorate of Marketing & Inspection,Volume-9 (Spices and condiments Compendium)-AGMARK.pdf,9,
Seedless Tamarind light Red to Tinged brown colour,Spices and condiments,,Foreign_matter_inorganic,A Grade,,6.0,,"% by weight (max, unless noted)",AGMARK / Directorate of Marketing & Inspection,Volume-9 (Spices and condiments Compendium)-AGMARK.pdf,9,
Seedless Tamarind light Red to Tinged brown colour,Spices and condiments,,Other_edible_grains,A Grade,,1.5,,"% by weight (max, unless noted)",AGMARK / Directorate of Marketing & Inspection,Volume-9 (Spices and condiments Compendium)-AGMARK.pdf,9,
Seedless Tamarind light Red to Tinged brown colour,Spices and condiments,,Moisture,B Grade,,20.0,,"% by weight (max, unless noted)",AGMARK / Directorate of Marketing & Inspection,Volume-9 (Spices and condiments Compendium)-AGMARK.pdf,9,
Seedless Tamarind light Red to Tinged brown colour,Spices and condiments,,Foreign_matter_organic,B Grade,,15.0,,"% by weight (max, unless noted)",AGMARK / Directorate of Marketing & Inspection,Volume-9 (Spices and condiments Compendium)-AGMARK.pdf,9,
Seedless Tamarind light Red to Tinged brown colour,Spices and condiments,,Foreign_matter_inorganic,B Grade,,8.0,,"% by weight (max, unless noted)",AGMARK / Directorate of Marketing & Inspection,Volume-9 (Spices and condiments Compendium)-AGMARK.pdf,9,
Seedless Tamarind light Red to Tinged brown colour,Spices and condiments,,Other_edible_grains,B Grade,,2.0,,"% by weight (max, unless noted)",AGMARK / Directorate of Marketing & Inspection,Volume-9 (Spices and condiments Compendium)-AGMARK.pdf,9,
Seedless Tamarind light Red to Tinged brown colour,Spices and condiments,,Moisture,C Grade,,20.0,,"% by weight (max, unless noted)",AGMARK / Directorate of Marketing & Inspection,Volume-9 (Spices and condiments Compendium)-AGMARK.pdf,9,
Seedless Tamarind light Red to Tinged brown colour,Spices and condiments,,Foreign_matter_organic,C Grade,,20.0,,"% by weight (max, unless noted)",AGMARK / Directorate of Marketing & Inspection,Volume-9 (Spices and condiments Compendium)-AGMARK.pdf,9,
Seedless Tamarind light Red to Tinged brown colour,Spices and condiments,,Foreign_matter_inorganic,C Grade,,10.0,,"% by weight (max, unless noted)",AGMARK / Directorate of Marketing & Inspection,Volume-9 (Spices and condiments Compendium)-AGMARK.pdf,9,
Seedless Tamarind light Red to Tinged brown colour,Spices and condiments,,Other_edible_grains,C Grade,,2.0,,"% by weight (max, unless noted)",AGMARK / Directorate of Marketing & Inspection,Volume-9 (Spices and condiments Compendium)-AGMARK.pdf,9,
Seedless Tamarind Black colour or mixed Colour,Spices and condiments,,Moisture,Special,,15.0,,"% by weight (max, unless noted)",AGMARK / Directorate of Marketing & Inspection,Volume-9 (Spices and condiments Compendium)-AGMARK.pdf,10,
Seedless Tamarind Black colour or mixed Colour,Spices and condiments,,Foreign_matter_organic,Special,,5.0,,"% by weight (max, unless noted)",AGMARK / Directorate of Marketing & Inspection,Volume-9 (Spices and condiments Compendium)-AGMARK.pdf,10,
Seedless Tamarind Black colour or mixed Colour,Spices and condiments,,Foreign_matter_inorganic,Special,,4.0,,"% by weight (max, unless noted)",AGMARK / Directorate of Marketing & Inspection,Volume-9 (Spices and condiments Compendium)-AGMARK.pdf,10,
Seedless Tamarind Black colour or mixed Colour,Spices and condiments,,Other_edible_grains,Special,,1.0,,"% by weight (max, unless noted)",AGMARK / Directorate of Marketing & Inspection,Volume-9 (Spices and condiments Compendium)-AGMARK.pdf,10,
Seedless Tamarind Black colour or mixed Colour,Spices and condiments,,Damaged_grains,Special,,1.0,,"% by weight (max, unless noted)",AGMARK / Directorate of Marketing & Inspection,Volume-9 (Spices and condiments Compendium)-AGMARK.pdf,10,
Seedless Tamarind Black colour or mixed Colour,Spices and condiments,,Moisture,A Grade,,17.0,,"% by weight (max, unless noted)",AGMARK / Directorate of Marketing & Inspection,Volume-9 (Spices and condiments Compendium)-AGMARK.pdf,10,
Seedless Tamarind Black colour or mixed Colour,Spices and condiments,,Foreign_matter_organic,A Grade,,10.0,,"% by weight (max, unless noted)",AGMARK / Directorate of Marketing & Inspection,Volume-9 (Spices and condiments Compendium)-AGMARK.pdf,10,
Seedless Tamarind Black colour or mixed Colour,Spices and condiments,,Foreign_matter_inorganic,A Grade,,6.0,,"% by weight (max, unless noted)",AGMARK / Directorate of Marketing & Inspection,Volume-9 (Spices and condiments Compendium)-AGMARK.pdf,10,
Seedless Tamarind Black colour or mixed Colour,Spices and condiments,,Other_edible_grains,A Grade,,1.5,,"% by weight (max, unless noted)",AGMARK / Directorate of Marketing & Inspection,Volume-9 (Spices and condiments Compendium)-AGMARK.pdf,10,
Seedless Tamarind Black colour or mixed Colour,Spices and condiments,,Moisture,B Grade,,20.0,,"% by weight (max, unless noted)",AGMARK / Directorate of Marketing & Inspection,Volume-9 (Spices and condiments Compendium)-AGMARK.pdf,10,
Seedless Tamarind Black colour or mixed Colour,Spices and condiments,,Foreign_matter_organic,B Grade,,15.0,,"% by weight (max, unless noted)",AGMARK / Directorate of Marketing & Inspection,Volume-9 (Spices and condiments Compendium)-AGMARK.pdf,10,
Seedless Tamarind Black colour or mixed Colour,Spices and condiments,,Foreign_matter_inorganic,B Grade,,8.0,,"% by weight (max, unless noted)",AGMARK / Directorate of Marketing & Inspection,Volume-9 (Spices and condiments Compendium)-AGMARK.pdf,10,
Seedless Tamarind Black colour or mixed Colour,Spices and condiments,,Other_edible_grains,B Grade,,2.0,,"% by weight (max, unless noted)",AGMARK / Directorate of Marketing & Inspection,Volume-9 (Spices and condiments Compendium)-AGMARK.pdf,10,
Seedless Tamarind Black colour or mixed Colour,Spices and condiments,,Moisture,C Grade,,25.0,,"% by weight (max, unless noted)",AGMARK / Directorate of Marketing & Inspection,Volume-9 (Spices and condiments Compendium)-AGMARK.pdf,10,
Seedless Tamarind Black colour or mixed Colour,Spices and condiments,,Foreign_matter_organic,C Grade,,20.0,,"% by weight (max, unless noted)",AGMARK / Directorate of Marketing & Inspection,Volume-9 (Spices and condiments Compendium)-AGMARK.pdf,10,
Seedless Tamarind Black colour or mixed Colour,Spices and condiments,,Foreign_matter_inorganic,C Grade,,10.0,,"% by weight (max, unless noted)",AGMARK / Directorate of Marketing & Inspection,Volume-9 (Spices and condiments Compendium)-AGMARK.pdf,10,
Seedless Tamarind Black colour or mixed Colour,Spices and condiments,,Other_edible_grains,C Grade,,2.0,,"% by weight (max, unless noted)",AGMARK / Directorate of Marketing & Inspection,Volume-9 (Spices and condiments Compendium)-AGMARK.pdf,10,
Dried Tamarind,Spices and condiments,,Moisture,Special,,35.0,,"% by weight (max, unless noted)",AGMARK / Directorate of Marketing & Inspection,Volume-9 (Spices and condiments Compendium)-AGMARK.pdf,13,
Dried Tamarind,Spices and condiments,,Foreign_matter_organic,Special,,6.0,,"% by weight (max, unless noted)",AGMARK / Directorate of Marketing & Inspection,Volume-9 (Spices and condiments Compendium)-AGMARK.pdf,13,
Dried Tamarind,Spices and condiments,,Foreign_matter_inorganic,Special,,3.0,,"% by weight (max, unless noted)",AGMARK / Directorate of Marketing & Inspection,Volume-9 (Spices and condiments Compendium)-AGMARK.pdf,13,
Dried Tamarind,Spices and condiments,,Other_edible_grains,Special,,2.0,,"% by weight (max, unless noted)",AGMARK / Directorate of Marketing & Inspection,Volume-9 (Spices and condiments Compendium)-AGMARK.pdf,13,
Dried Tamarind,Spices and condiments,,Damaged_grains,Special,,15.0,,"% by weight (max, unless noted)",AGMARK / Directorate of Marketing & Inspection,Volume-9 (Spices and condiments Compendium)-AGMARK.pdf,13,
Dried Tamarind,Spices and condiments,,Moisture,Special,,1.0,,"% by weight (max, unless noted)",AGMARK / Directorate of Marketing & Inspection,Volume-9 (Spices and condiments Compendium)-AGMARK.pdf,13,
Dried Tamarind,Spices and condiments,,Foreign_matter_organic,Special,,2.0,,"% by weight (max, unless noted)",AGMARK / Directorate of Marketing & Inspection,Volume-9 (Spices and condiments Compendium)-AGMARK.pdf,13,
Dried Tamarind,Spices and condiments,,Foreign_matter_inorganic,Special,,900.0,,"% by weight (max, unless noted)",AGMARK / Directorate of Marketing & Inspection,Volume-9 (Spices and condiments Compendium)-AGMARK.pdf,13,
Dried Tamarind,Spices and condiments,,Other_edible_grains,Special,,9.0,,"% by weight (max, unless noted)",AGMARK / Directorate of Marketing & Inspection,Volume-9 (Spices and condiments Compendium)-AGMARK.pdf,13,
Dried Tamarind,Spices and condiments,,Moisture,Special,,55.0,,"% by weight (max, unless noted)",AGMARK / Directorate of Marketing & Inspection,Volume-9 (Spices and condiments Compendium)-AGMARK.pdf,13,
Dried Tamarind,Spices and condiments,,Foreign_matter_organic,Special,,3.0,,"% by weight (max, unless noted)",AGMARK / Directorate of Marketing & Inspection,Volume-9 (Spices and condiments Compendium)-AGMARK.pdf,13,
Dried Tamarind,Spices and condiments,,Foreign_matter_inorganic,Special,,0.5,,"% by weight (max, unless noted)",AGMARK / Directorate of Marketing & Inspection,Volume-9 (Spices and condiments Compendium)-AGMARK.pdf,13,
Dried Tamarind,Spices and condiments,,Other_edible_grains,Special,,9.0,,"% by weight (max, unless noted)",AGMARK / Directorate of Marketing & Inspection,Volume-9 (Spices and condiments Compendium)-AGMARK.pdf,13,
Dried Tamarind,Spices and condiments,,Moisture,Extra Special,,6.0,,"% by weight (max, unless noted)",AGMARK / Directorate of Marketing & Inspection,Volume-9 (Spices and condiments Compendium)-AGMARK.pdf,13,
Dried Tamarind,Spices and condiments,,Foreign_matter_organic,Extra Special,,1.0,,"% by weight (max, unless noted)",AGMARK / Directorate of Marketing & Inspection,Volume-9 (Spices and condiments Compendium)-AGMARK.pdf,13,
Dried Tamarind,Spices and condiments,,Foreign_matter_inorganic,Extra Special,,10.0,,"% by weight (max, unless noted)",AGMARK / Directorate of Marketing & Inspection,Volume-9 (Spices and condiments Compendium)-AGMARK.pdf,13,
Dried Tamarind,Spices and condiments,,Other_edible_grains,Extra Special,,12.0,,"% by weight (max, unless noted)",AGMARK / Directorate of Marketing & Inspection,Volume-9 (Spices and condiments Compendium)-AGMARK.pdf,13,
Dried Tamarind,Spices and condiments,,Moisture,Special,,8.0,,"% by weight (max, unless noted)",AGMARK / Directorate of Marketing & Inspection,Volume-9 (Spices and condiments Compendium)-AGMARK.pdf,13,
Dried Tamarind,Spices and condiments,,Foreign_matter_organic,Special,,1.25,,"% by weight (max, unless noted)",AGMARK / Directorate of Marketing & Inspection,Volume-9 (Spices and condiments Compendium)-AGMARK.pdf,13,
Dried Tamarind,Spices and condiments,,Foreign_matter_inorganic,Special,,8.0,,"% by weight (max, unless noted)",AGMARK / Directorate of Marketing & Inspection,Volume-9 (Spices and condiments Compendium)-AGMARK.pdf,13,
Dried Tamarind,Spices and condiments,,Other_edible_grains,Special,,12.0,,"% by weight (max, unless noted)",AGMARK / Directorate of Marketing & Inspection,Volume-9 (Spices and condiments Compendium)-AGMARK.pdf,13,
Dried Tamarind,Spices and condiments,,Moisture,Standard,,10.0,,"% by weight (max, unless noted)",AGMARK / Directorate of Marketing & Inspection,Volume-9 (Spices and condiments Compendium)-AGMARK.pdf,13,
Dried Tamarind,Spices and condiments,,Foreign_matter_organic,Standard,,1.5,,"% by weight (max, unless noted)",AGMARK / Directorate of Marketing & Inspection,Volume-9 (Spices and condiments Compendium)-AGMARK.pdf,13,
Dried Tamarind,Spices and condiments,,Foreign_matter_inorganic,Standard,,5.0,,"% by weight (max, unless noted)",AGMARK / Directorate of Marketing & Inspection,Volume-9 (Spices and condiments Compendium)-AGMARK.pdf,13,
Dried Tamarind,Spices and condiments,,Other_edible_grains,Standard,,12.0,,"% by weight (max, unless noted)",AGMARK / Directorate of Marketing & Inspection,Volume-9 (Spices and condiments Compendium)-AGMARK.pdf,13,
NUTMEG (Jaiphal) whole,Spices and condiments,,Moisture,Standard,,8.0,,"% by weight (max, unless noted)",AGMARK / Directorate of Marketing & Inspection,Volume-9 (Spices and condiments Compendium)-AGMARK.pdf,23,
NUTMEG (Jaiphal) whole,Spices and condiments,,Foreign_matter_organic,Standard,,3.0,,"% by weight (max, unless noted)",AGMARK / Directorate of Marketing & Inspection,Volume-9 (Spices and condiments Compendium)-AGMARK.pdf,23,
NUTMEG (Jaiphal) whole,Spices and condiments,,Foreign_matter_inorganic,Standard,,6.0,,"% by weight (max, unless noted)",AGMARK / Directorate of Marketing & Inspection,Volume-9 (Spices and condiments Compendium)-AGMARK.pdf,23,
NUTMEG GROUND (Powdered),Spices and condiments,,Moisture,Standard,,8.0,,"% by weight (max, unless noted)",AGMARK / Directorate of Marketing & Inspection,Volume-9 (Spices and condiments Compendium)-AGMARK.pdf,24,
NUTMEG GROUND (Powdered),Spices and condiments,,Foreign_matter_organic,Standard,,3.0,,"% by weight (max, unless noted)",AGMARK / Directorate of Marketing & Inspection,Volume-9 (Spices and condiments Compendium)-AGMARK.pdf,24,
NUTMEG GROUND (Powdered),Spices and condiments,,Foreign_matter_inorganic,Standard,,0.5,,"% by weight (max, unless noted)",AGMARK / Directorate of Marketing & Inspection,Volume-9 (Spices and condiments Compendium)-AGMARK.pdf,24,
NUTMEG GROUND (Powdered),Spices and condiments,,Other_edible_grains,Standard,,5.0,,"% by weight (max, unless noted)",AGMARK / Directorate of Marketing & Inspection,Volume-9 (Spices and condiments Compendium)-AGMARK.pdf,24,
NUTMEG GROUND (Powdered),Spices and condiments,,Damaged_grains,Standard,,30.0,,"% by weight (max, unless noted)",AGMARK / Directorate of Marketing & Inspection,Volume-9 (Spices and condiments Compendium)-AGMARK.pdf,24,
NUTMEG GROUND (Powdered),Spices and condiments,,Additional_param_1,Standard,,6.0,,"% by weight (max, unless noted)",AGMARK / Directorate of Marketing & Inspection,Volume-9 (Spices and condiments Compendium)-AGMARK.pdf,24,
NUTMEG GROUND (Powdered),Spices and condiments,,Moisture,Grade-I,,0.25,,"% by weight (max, unless noted)",AGMARK / Directorate of Marketing & Inspection,Volume-9 (Spices and condiments Compendium)-AGMARK.pdf,24,
NUTMEG GROUND (Powdered),Spices and condiments,,Foreign_matter_organic,Grade-I,,5.0,,"% by weight (max, unless noted)",AGMARK / Directorate of Marketing & Inspection,Volume-9 (Spices and condiments Compendium)-AGMARK.pdf,24,
NUTMEG GROUND (Powdered),Spices and condiments,,Foreign_matter_inorganic,Grade-I,,10.0,,"% by weight (max, unless noted)",AGMARK / Directorate of Marketing & Inspection,Volume-9 (Spices and condiments Compendium)-AGMARK.pdf,24,
NUTMEG GROUND (Powdered),Spices and condiments,,Other_edible_grains,Grade-I,,5.0,,"% by weight (max, unless noted)",AGMARK / Directorate of Marketing & Inspection,Volume-9 (Spices and condiments Compendium)-AGMARK.pdf,24,
NUTMEG GROUND (Powdered),Spices and condiments,,Damaged_grains,Grade-I,,5.0,,"% by weight (max, unless noted)",AGMARK / Directorate of Marketing & Inspection,Volume-9 (Spices and condiments Compendium)-AGMARK.pdf,24,
NUTMEG GROUND (Powdered),Spices and condiments,,Additional_param_1,Grade-I,,10.0,,"% by weight (max, unless noted)",AGMARK / Directorate of Marketing & Inspection,Volume-9 (Spices and condiments Compendium)-AGMARK.pdf,24,
NUTMEG GROUND (Powdered),Spices and condiments,,Additional_param_2,Grade-I,,1.5,,"% by weight (max, unless noted)",AGMARK / Directorate of Marketing & Inspection,Volume-9 (Spices and condiments Compendium)-AGMARK.pdf,24,
NUTMEG GROUND (Powdered),Spices and condiments,,Moisture,Grade-II,,0.5,,"% by weight (max, unless noted)",AGMARK / Directorate of Marketing & Inspection,Volume-9 (Spices and condiments Compendium)-AGMARK.pdf,24,
NUTMEG GROUND (Powdered),Spices and condiments,,Foreign_matter_organic,Grade-II,,7.0,,"% by weight (max, unless noted)",AGMARK / Directorate of Marketing & Inspection,Volume-9 (Spices and condiments Compendium)-AGMARK.pdf,24,
NUTMEG GROUND (Powdered),Spices and condiments,,Foreign_matter_inorganic,Grade-II,,15.0,,"% by weight (max, unless noted)",AGMARK / Directorate of Marketing & Inspection,Volume-9 (Spices and condiments Compendium)-AGMARK.pdf,24,
NUTMEG GROUND (Powdered),Spices and condiments,,Other_edible_grains,Grade-II,,10.0,,"% by weight (max, unless noted)",AGMARK / Directorate of Marketing & Inspection,Volume-9 (Spices and condiments Compendium)-AGMARK.pdf,24,
NUTMEG GROUND (Powdered),Spices and condiments,,Damaged_grains,Grade-II,,7.0,,"% by weight (max, unless noted)",AGMARK / Directorate of Marketing & Inspection,Volume-9 (Spices and condiments Compendium)-AGMARK.pdf,24,
NUTMEG GROUND (Powdered),Spices and condiments,,Additional_param_1,Grade-II,,10.0,,"% by weight (max, unless noted)",AGMARK / Directorate of Marketing & Inspection,Volume-9 (Spices and condiments Compendium)-AGMARK.pdf,24,
NUTMEG GROUND (Powdered),Spices and condiments,,Additional_param_2,Grade-II,,1.0,,"% by weight (max, unless noted)",AGMARK / Directorate of Marketing & Inspection,Volume-9 (Spices and condiments Compendium)-AGMARK.pdf,24,
NUTMEG GROUND (Powdered),Spices and condiments,,Moisture,Grade-III,,1.0,,"% by weight (max, unless noted)",AGMARK / Directorate of Marketing & Inspection,Volume-9 (Spices and condiments Compendium)-AGMARK.pdf,24,
NUTMEG GROUND (Powdered),Spices and condiments,,Foreign_matter_organic,Grade-III,,10.0,,"% by weight (max, unless noted)",AGMARK / Directorate of Marketing & Inspection,Volume-9 (Spices and condiments Compendium)-AGMARK.pdf,24,
NUTMEG GROUND (Powdered),Spices and condiments,,Foreign_matter_inorganic,Grade-III,,20.0,,"% by weight (max, unless noted)",AGMARK / Directorate of Marketing & Inspection,Volume-9 (Spices and condiments Compendium)-AGMARK.pdf,24,
NUTMEG GROUND (Powdered),Spices and condiments,,Other_edible_grains,Grade-III,,15.0,,"% by weight (max, unless noted)",AGMARK / Directorate of Marketing & Inspection,Volume-9 (Spices and condiments Compendium)-AGMARK.pdf,24,
NUTMEG GROUND (Powdered),Spices and condiments,,Damaged_grains,Grade-III,,10.0,,"% by weight (max, unless noted)",AGMARK / Directorate of Marketing & Inspection,Volume-9 (Spices and condiments Compendium)-AGMARK.pdf,24,
NUTMEG GROUND (Powdered),Spices and condiments,,Additional_param_1,Grade-III,,10.0,,"% by weight (max, unless noted)",AGMARK / Directorate of Marketing & Inspection,Volume-9 (Spices and condiments Compendium)-AGMARK.pdf,24,
NUTMEG GROUND (Powdered),Spices and condiments,,Additional_param_2,Grade-III,,0.5,,"% by weight (max, unless noted)",AGMARK / Directorate of Marketing & Inspection,Volume-9 (Spices and condiments Compendium)-AGMARK.pdf,24,
Poppy Seeds,Spices and condiments,,Moisture,Grade-I,,0.5,,"% by weight (max, unless noted)",AGMARK / Directorate of Marketing & Inspection,Volume-9 (Spices and condiments Compendium)-AGMARK.pdf,33,
Poppy Seeds,Spices and condiments,,Foreign_matter_organic,Grade-I,,0.5,,"% by weight (max, unless noted)",AGMARK / Directorate of Marketing & Inspection,Volume-9 (Spices and condiments Compendium)-AGMARK.pdf,33,
Poppy Seeds,Spices and condiments,,Foreign_matter_inorganic,Grade-I,,0.5,,"% by weight (max, unless noted)",AGMARK / Directorate of Marketing & Inspection,Volume-9 (Spices and condiments Compendium)-AGMARK.pdf,33,
Poppy Seeds,Spices and condiments,,Other_edible_grains,Grade-I,,11.0,,"% by weight (max, unless noted)",AGMARK / Directorate of Marketing & Inspection,Volume-9 (Spices and condiments Compendium)-AGMARK.pdf,33,
Poppy Seeds,Spices and condiments,,Damaged_grains,Grade-I,,50.0,,"% by weight (max, unless noted)",AGMARK / Directorate of Marketing & Inspection,Volume-9 (Spices and condiments Compendium)-AGMARK.pdf,33,
Poppy Seeds,Spices and condiments,,Moisture,Grade-II,,1.0,,"% by weight (max, unless noted)",AGMARK / Directorate of Marketing & Inspection,Volume-9 (Spices and condiments Compendium)-AGMARK.pdf,33,
Poppy Seeds,Spices and condiments,,Foreign_matter_organic,Grade-II,,0.75,,"% by weight (max, unless noted)",AGMARK / Directorate of Marketing & Inspection,Volume-9 (Spices and condiments Compendium)-AGMARK.pdf,33,
Poppy Seeds,Spices and condiments,,Foreign_matter_inorganic,Grade-II,,1.0,,"% by weight (max, unless noted)",AGMARK / Directorate of Marketing & Inspection,Volume-9 (Spices and condiments Compendium)-AGMARK.pdf,33,
Poppy Seeds,Spices and condiments,,Other_edible_grains,Grade-II,,11.0,,"% by weight (max, unless noted)",AGMARK / Directorate of Marketing & Inspection,Volume-9 (Spices and condiments Compendium)-AGMARK.pdf,33,
Poppy Seeds,Spices and condiments,,Damaged_grains,Grade-II,,45.0,,"% by weight (max, unless noted)",AGMARK / Directorate of Marketing & Inspection,Volume-9 (Spices and condiments Compendium)-AGMARK.pdf,33,
Poppy Seeds,Spices and condiments,,Moisture,Grade-III,,2.0,,"% by weight (max, unless noted)",AGMARK / Directorate of Marketing & Inspection,Volume-9 (Spices and condiments Compendium)-AGMARK.pdf,33,
Poppy Seeds,Spices and condiments,,Foreign_matter_organic,Grade-III,,1.0,,"% by weight (max, unless noted)",AGMARK / Directorate of Marketing & Inspection,Volume-9 (Spices and condiments Compendium)-AGMARK.pdf,33,
Poppy Seeds,Spices and condiments,,Foreign_matter_inorganic,Grade-III,,1.0,,"% by weight (max, unless noted)",AGMARK / Directorate of Marketing & Inspection,Volume-9 (Spices and condiments Compendium)-AGMARK.pdf,33,
Poppy Seeds,Spices and condiments,,Other_edible_grains,Grade-III,,11.0,,"% by weight (max, unless noted)",AGMARK / Directorate of Marketing & Inspection,Volume-9 (Spices and condiments Compendium)-AGMARK.pdf,33,
Poppy Seeds,Spices and condiments,,Damaged_grains,Grade-III,,40.0,,"% by weight (max, unless noted)",AGMARK / Directorate of Marketing & Inspection,Volume-9 (Spices and condiments Compendium)-AGMARK.pdf,33,
Poppy Seeds,Spices and condiments,,Moisture,General,,1988.0,,"% by weight (max, unless noted)",AGMARK / Directorate of Marketing & Inspection,Volume-9 (Spices and condiments Compendium)-AGMARK.pdf,33,
Poppy Seeds,Spices and condiments,,Moisture,General,,1988.0,,"% by weight (max, unless noted)",AGMARK / Directorate of Marketing & Inspection,Volume-9 (Spices and condiments Compendium)-AGMARK.pdf,33,
Mace (Jaepatri) whole,Spices and condiments,,Moisture,Standard,,0.5,,"% by weight (max, unless noted)",AGMARK / Directorate of Marketing & Inspection,Volume-9 (Spices and condiments Compendium)-AGMARK.pdf,36,
Mace (Jaepatri) whole,Spices and condiments,,Foreign_matter_organic,Standard,,1.5,,"% by weight (max, unless noted)",AGMARK / Directorate of Marketing & Inspection,Volume-9 (Spices and condiments Compendium)-AGMARK.pdf,36,
Mace (Jaepatri) whole,Spices and condiments,,Foreign_matter_inorganic,Standard,,3.0,,"% by weight (max, unless noted)",AGMARK / Directorate of Marketing & Inspection,Volume-9 (Spices and condiments Compendium)-AGMARK.pdf,36,
Mace (Jaepatri) whole,Spices and condiments,,Other_edible_grains,Standard,,12.0,,"% by weight (max, unless noted)",AGMARK / Directorate of Marketing & Inspection,Volume-9 (Spices and condiments Compendium)-AGMARK.pdf,36,
Mace (Jaepatri) whole,Spices and condiments,,Damaged_grains,Standard,,11.0,,"% by weight (max, unless noted)",AGMARK / Directorate of Marketing & Inspection,Volume-9 (Spices and condiments Compendium)-AGMARK.pdf,36,
Mace (Jaepatri) grounded,Spices and condiments,,Moisture,Grade II,,10.0,,"% by weight (max, unless noted)",AGMARK / Directorate of Marketing & Inspection,Volume-9 (Spices and condiments Compendium)-AGMARK.pdf,38,
Mace (Jaepatri) grounded,Spices and condiments,,Foreign_matter_organic,Grade II,,2.5,,"% by weight (max, unless noted)",AGMARK / Directorate of Marketing & Inspection,Volume-9 (Spices and condiments Compendium)-AGMARK.pdf,38,
Mace (Jaepatri) grounded,Spices and condiments,,Foreign_matter_inorganic,Grade II,,0.75,,"% by weight (max, unless noted)",AGMARK / Directorate of Marketing & Inspection,Volume-9 (Spices and condiments Compendium)-AGMARK.pdf,38,
Mace (Jaepatri) grounded,Spices and condiments,,Other_edible_grains,Grade II,,8.5,,"% by weight (max, unless noted)",AGMARK / Directorate of Marketing & Inspection,Volume-9 (Spices and condiments Compendium)-AGMARK.pdf,38,
Mace (Jaepatri) grounded,Spices and condiments,,Damaged_grains,Grade II,,22.0,,"% by weight (max, unless noted)",AGMARK / Directorate of Marketing & Inspection,Volume-9 (Spices and condiments Compendium)-AGMARK.pdf,38,
Mace (Jaepatri) grounded,Spices and condiments,,Additional_param_1,Grade II,,30.0,,"% by weight (max, unless noted)",AGMARK / Directorate of Marketing & Inspection,Volume-9 (Spices and condiments Compendium)-AGMARK.pdf,38,
Mace (Jaepatri) grounded,Spices and condiments,,Additional_param_2,Grade II,,11.0,,"% by weight (max, unless noted)",AGMARK / Directorate of Marketing & Inspection,Volume-9 (Spices and condiments Compendium)-AGMARK.pdf,38,
Mace (Jaepatri) grounded,Spices and condiments,,Moisture,General,,1988.0,,"% by weight (max, unless noted)",AGMARK / Directorate of Marketing & Inspection,Volume-9 (Spices and condiments Compendium)-AGMARK.pdf,38,
Mace (Jaepatri) grounded,Spices and condiments,,Moisture,Special,,8.0,,"% by weight (max, unless noted)",AGMARK / Directorate of Marketing & Inspection,Volume-9 (Spices and condiments Compendium)-AGMARK.pdf,38,
Mace (Jaepatri) grounded,Spices and condiments,,Foreign_matter_organic,Special,,20.0,,"% by weight (max, unless noted)",AGMARK / Directorate of Marketing & Inspection,Volume-9 (Spices and condiments Compendium)-AGMARK.pdf,38,
Mace (Jaepatri) grounded,Spices and condiments,,Foreign_matter_inorganic,Special,,1.0,,"% by weight (max, unless noted)",AGMARK / Directorate of Marketing & Inspection,Volume-9 (Spices and condiments Compendium)-AGMARK.pdf,38,
Mace (Jaepatri) grounded,Spices and condiments,,Other_edible_grains,Special,,0.5,,"% by weight (max, unless noted)",AGMARK / Directorate of Marketing & Inspection,Volume-9 (Spices and condiments Compendium)-AGMARK.pdf,38,
Mace (Jaepatri) grounded,Spices and condiments,,Damaged_grains,Special,,12.0,,"% by weight (max, unless noted)",AGMARK / Directorate of Marketing & Inspection,Volume-9 (Spices and condiments Compendium)-AGMARK.pdf,38,
Mace (Jaepatri) grounded,Spices and condiments,,Additional_param_1,Special,,5.0,,"% by weight (max, unless noted)",AGMARK / Directorate of Marketing & Inspection,Volume-9 (Spices and condiments Compendium)-AGMARK.pdf,38,
Mace (Jaepatri) grounded,Spices and condiments,,Moisture,Standard,,10.0,,"% by weight (max, unless noted)",AGMARK / Directorate of Marketing & Inspection,Volume-9 (Spices and condiments Compendium)-AGMARK.pdf,38,
Mace (Jaepatri) grounded,Spices and condiments,,Foreign_matter_organic,Standard,,25.0,,"% by weight (max, unless noted)",AGMARK / Directorate of Marketing & Inspection,Volume-9 (Spices and condiments Compendium)-AGMARK.pdf,38,
Mace (Jaepatri) grounded,Spices and condiments,,Foreign_matter_inorganic,Standard,,1.5,,"% by weight (max, unless noted)",AGMARK / Directorate of Marketing & Inspection,Volume-9 (Spices and condiments Compendium)-AGMARK.pdf,38,
Mace (Jaepatri) grounded,Spices and condiments,,Other_edible_grains,Standard,,0.2,,"% by weight (max, unless noted)",AGMARK / Directorate of Marketing & Inspection,Volume-9 (Spices and condiments Compendium)-AGMARK.pdf,38,
Mace (Jaepatri) grounded,Spices and condiments,,Damaged_grains,Standard,,7.5,,"% by weight (max, unless noted)",AGMARK / Directorate of Marketing & Inspection,Volume-9 (Spices and condiments Compendium)-AGMARK.pdf,38,
Mace (Jaepatri) grounded,Spices and condiments,,Additional_param_1,Standard,,10.0,,"% by weight (max, unless noted)",AGMARK / Directorate of Marketing & Inspection,Volume-9 (Spices and condiments Compendium)-AGMARK.pdf,38,
Raita Masala and Dahi Bhalla Masala,Spices and condiments,,Moisture,Special,,8.0,,"% by weight (max, unless noted)",AGMARK / Directorate of Marketing & Inspection,Volume-9 (Spices and condiments Compendium)-AGMARK.pdf,43,
Raita Masala and Dahi Bhalla Masala,Spices and condiments,,Foreign_matter_organic,Special,,15.0,,"% by weight (max, unless noted)",AGMARK / Directorate of Marketing & Inspection,Volume-9 (Spices and condiments Compendium)-AGMARK.pdf,43,
Raita Masala and Dahi Bhalla Masala,Spices and condiments,,Foreign_matter_inorganic,Special,,1.0,,"% by weight (max, unless noted)",AGMARK / Directorate of Marketing & Inspection,Volume-9 (Spices and condiments Compendium)-AGMARK.pdf,43,
Raita Masala and Dahi Bhalla Masala,Spices and condiments,,Other_edible_grains,Special,,0.3,,"% by weight (max, unless noted)",AGMARK / Directorate of Marketing & Inspection,Volume-9 (Spices and condiments Compendium)-AGMARK.pdf,43,
Raita Masala and Dahi Bhalla Masala,Spices and condiments,,Damaged_grains,Special,,9.0,,"% by weight (max, unless noted)",AGMARK / Directorate of Marketing & Inspection,Volume-9 (Spices and condiments Compendium)-AGMARK.pdf,43,
Raita Masala and Dahi Bhalla Masala,Spices and condiments,,Additional_param_1,Special,,10.0,,"% by weight (max, unless noted)",AGMARK / Directorate of Marketing & Inspection,Volume-9 (Spices and condiments Compendium)-AGMARK.pdf,43,
Raita Masala and Dahi Bhalla Masala,Spices and condiments,,Moisture,Standard,,10.0,,"% by weight (max, unless noted)",AGMARK / Directorate of Marketing & Inspection,Volume-9 (Spices and condiments Compendium)-AGMARK.pdf,43,
Raita Masala and Dahi Bhalla Masala,Spices and condiments,,Foreign_matter_organic,Standard,,20.0,,"% by weight (max, unless noted)",AGMARK / Directorate of Marketing & Inspection,Volume-9 (Spices and condiments Compendium)-AGMARK.pdf,43,
Raita Masala and Dahi Bhalla Masala,Spices and condiments,,Foreign_matter_inorganic,Standard,,1.5,,"% by weight (max, unless noted)",AGMARK / Directorate of Marketing & Inspection,Volume-9 (Spices and condiments Compendium)-AGMARK.pdf,43,
Raita Masala and Dahi Bhalla Masala,Spices and condiments,,Other_edible_grains,Standard,,0.2,,"% by weight (max, unless noted)",AGMARK / Directorate of Marketing & Inspection,Volume-9 (Spices and condiments Compendium)-AGMARK.pdf,43,
Raita Masala and Dahi Bhalla Masala,Spices and condiments,,Damaged_grains,Standard,,7.0,,"% by weight (max, unless noted)",AGMARK / Directorate of Marketing & Inspection,Volume-9 (Spices and condiments Compendium)-AGMARK.pdf,43,
Raita Masala and Dahi Bhalla Masala,Spices and condiments,,Additional_param_1,Standard,,20.0,,"% by weight (max, unless noted)",AGMARK / Directorate of Marketing & Inspection,Volume-9 (Spices and condiments Compendium)-AGMARK.pdf,43,
Chana Masala and Chole Masala,Spices and condiments,,Moisture,Special,,8.0,,"% by weight (max, unless noted)",AGMARK / Directorate of Marketing & Inspection,Volume-9 (Spices and condiments Compendium)-AGMARK.pdf,44,
Chana Masala and Chole Masala,Spices and condiments,,Foreign_matter_organic,Special,,15.0,,"% by weight (max, unless noted)",AGMARK / Directorate of Marketing & Inspection,Volume-9 (Spices and condiments Compendium)-AGMARK.pdf,44,
Chana Masala and Chole Masala,Spices and condiments,,Foreign_matter_inorganic,Special,,1.0,,"% by weight (max, unless noted)",AGMARK / Directorate of Marketing & Inspection,Volume-9 (Spices and condiments Compendium)-AGMARK.pdf,44,
Chana Masala and Chole Masala,Spices and condiments,,Other_edible_grains,Special,,0.3,,"% by weight (max, unless noted)",AGMARK / Directorate of Marketing & Inspection,Volume-9 (Spices and condiments Compendium)-AGMARK.pdf,44,
Chana Masala and Chole Masala,Spices and condiments,,Damaged_grains,Special,,12.0,,"% by weight (max, unless noted)",AGMARK / Directorate of Marketing & Inspection,Volume-9 (Spices and condiments Compendium)-AGMARK.pdf,44,
Chana Masala and Chole Masala,Spices and condiments,,Additional_param_1,Special,,10.0,,"% by weight (max, unless noted)",AGMARK / Directorate of Marketing & Inspection,Volume-9 (Spices and condiments Compendium)-AGMARK.pdf,44,
Chana Masala and Chole Masala,Spices and condiments,,Moisture,Standard,,10.0,,"% by weight (max, unless noted)",AGMARK / Directorate of Marketing & Inspection,Volume-9 (Spices and condiments Compendium)-AGMARK.pdf,44,
Chana Masala and Chole Masala,Spices and condiments,,Foreign_matter_organic,Standard,,20.0,,"% by weight (max, unless noted)",AGMARK / Directorate of Marketing & Inspection,Volume-9 (Spices and condiments Compendium)-AGMARK.pdf,44,
Chana Masala and Chole Masala,Spices and condiments,,Foreign_matter_inorganic,Standard,,1.5,,"% by weight (max, unless noted)",AGMARK / Directorate of Marketing & Inspection,Volume-9 (Spices and condiments Compendium)-AGMARK.pdf,44,
Chana Masala and Chole Masala,Spices and condiments,,Other_edible_grains,Standard,,0.2,,"% by weight (max, unless noted)",AGMARK / Directorate of Marketing & Inspection,Volume-9 (Spices and condiments Compendium)-AGMARK.pdf,44,
Chana Masala and Chole Masala,Spices and condiments,,Damaged_grains,Standard,,8.0,,"% by weight (max, unless noted)",AGMARK / Directorate of Marketing & Inspection,Volume-9 (Spices and condiments Compendium)-AGMARK.pdf,44,
Chana Masala and Chole Masala,Spices and condiments,,Additional_param_1,Standard,,20.0,,"% by weight (max, unless noted)",AGMARK / Directorate of Marketing & Inspection,Volume-9 (Spices and condiments Compendium)-AGMARK.pdf,44,
Garam Masala,Spices and condiments,,Moisture,Special,,8.0,,"% by weight (max, unless noted)",AGMARK / Directorate of Marketing & Inspection,Volume-9 (Spices and condiments Compendium)-AGMARK.pdf,45,
Garam Masala,Spices and condiments,,Foreign_matter_organic,Special,,15.0,,"% by weight (max, unless noted)",AGMARK / Directorate of Marketing & Inspection,Volume-9 (Spices and condiments Compendium)-AGMARK.pdf,45,
Garam Masala,Spices and condiments,,Foreign_matter_inorganic,Special,,0.5,,"% by weight (max, unless noted)",AGMARK / Directorate of Marketing & Inspection,Volume-9 (Spices and condiments Compendium)-AGMARK.pdf,45,
Garam Masala,Spices and condiments,,Other_edible_grains,Special,,1.0,,"% by weight (max, unless noted)",AGMARK / Directorate of Marketing & Inspection,Volume-9 (Spices and condiments Compendium)-AGMARK.pdf,45,
Garam Masala,Spices and condiments,,Damaged_grains,Special,,15.0,,"% by weight (max, unless noted)",AGMARK / Directorate of Marketing & Inspection,Volume-9 (Spices and condiments Compendium)-AGMARK.pdf,45,
Garam Masala,Spices and condiments,,Additional_param_1,Special,,5.0,,"% by weight (max, unless noted)",AGMARK / Directorate of Marketing & Inspection,Volume-9 (Spices and condiments Compendium)-AGMARK.pdf,45,
Garam Masala,Spices and condiments,,Moisture,Standard,,10.0,,"% by weight (max, unless noted)",AGMARK / Directorate of Marketing & Inspection,Volume-9 (Spices and condiments Compendium)-AGMARK.pdf,45,
Garam Masala,Spices and condiments,,Foreign_matter_organic,Standard,,20.0,,"% by weight (max, unless noted)",AGMARK / Directorate of Marketing & Inspection,Volume-9 (Spices and condiments Compendium)-AGMARK.pdf,45,
Garam Masala,Spices and condiments,,Foreign_matter_inorganic,Standard,,1.5,,"% by weight (max, unless noted)",AGMARK / Directorate of Marketing & Inspection,Volume-9 (Spices and condiments Compendium)-AGMARK.pdf,45,
Garam Masala,Spices and condiments,,Other_edible_grains,Standard,,0.5,,"% by weight (max, unless noted)",AGMARK / Directorate of Marketing & Inspection,Volume-9 (Spices and condiments Compendium)-AGMARK.pdf,45,
Garam Masala,Spices and condiments,,Damaged_grains,Standard,,7.5,,"% by weight (max, unless noted)",AGMARK / Directorate of Marketing & Inspection,Volume-9 (Spices and condiments Compendium)-AGMARK.pdf,45,
Garam Masala,Spices and condiments,,Additional_param_1,Standard,,10.0,,"% by weight (max, unless noted)",AGMARK / Directorate of Marketing & Inspection,Volume-9 (Spices and condiments Compendium)-AGMARK.pdf,45,
Garam Masala,Spices and condiments,,Moisture,Standard,,90.0,,"% by weight (max, unless noted)",AGMARK / Directorate of Marketing & Inspection,Volume-9 (Spices and condiments Compendium)-AGMARK.pdf,45,
Sambar powder and Rasam powder,Spices and condiments,,Moisture,Special,,8.0,,"% by weight (max, unless noted)",AGMARK / Directorate of Marketing & Inspection,Volume-9 (Spices and condiments Compendium)-AGMARK.pdf,46,
Sambar powder and Rasam powder,Spices and condiments,,Foreign_matter_organic,Special,,15.0,,"% by weight (max, unless noted)",AGMARK / Directorate of Marketing & Inspection,Volume-9 (Spices and condiments Compendium)-AGMARK.pdf,46,
Sambar powder and Rasam powder,Spices and condiments,,Foreign_matter_inorganic,Special,,1.0,,"% by weight (max, unless noted)",AGMARK / Directorate of Marketing & Inspection,Volume-9 (Spices and condiments Compendium)-AGMARK.pdf,46,
Sambar powder and Rasam powder,Spices and condiments,,Other_edible_grains,Special,,0.5,,"% by weight (max, unless noted)",AGMARK / Directorate of Marketing & Inspection,Volume-9 (Spices and condiments Compendium)-AGMARK.pdf,46,
Sambar powder and Rasam powder,Spices and condiments,,Damaged_grains,Special,,12.0,,"% by weight (max, unless noted)",AGMARK / Directorate of Marketing & Inspection,Volume-9 (Spices and condiments Compendium)-AGMARK.pdf,46,
Sambar powder and Rasam powder,Spices and condiments,,Additional_param_1,Special,,5.0,,"% by weight (max, unless noted)",AGMARK / Directorate of Marketing & Inspection,Volume-9 (Spices and condiments Compendium)-AGMARK.pdf,46,
Sambar powder and Rasam powder,Spices and condiments,,Moisture,Standard,,10.0,,"% by weight (max, unless noted)",AGMARK / Directorate of Marketing & Inspection,Volume-9 (Spices and condiments Compendium)-AGMARK.pdf,46,
Sambar powder and Rasam powder,Spices and condiments,,Foreign_matter_organic,Standard,,20.0,,"% by weight (max, unless noted)",AGMARK / Directorate of Marketing & Inspection,Volume-9 (Spices and condiments Compendium)-AGMARK.pdf,46,
Sambar powder and Rasam powder,Spices and condiments,,Foreign_matter_inorganic,Standard,,1.5,,"% by weight (max, unless noted)",AGMARK / Directorate of Marketing & Inspection,Volume-9 (Spices and condiments Compendium)-AGMARK.pdf,46,
Sambar powder and Rasam powder,Spices and condiments,,Other_edible_grains,Standard,,0.2,,"% by weight (max, unless noted)",AGMARK / Directorate of Marketing & Inspection,Volume-9 (Spices and condiments Compendium)-AGMARK.pdf,46,
Sambar powder and Rasam powder,Spices and condiments,,Damaged_grains,Standard,,8.0,,"% by weight (max, unless noted)",AGMARK / Directorate of Marketing & Inspection,Volume-9 (Spices and condiments Compendium)-AGMARK.pdf,46,
Sambar powder and Rasam powder,Spices and condiments,,Additional_param_1,Standard,,10.0,,"% by weight (max, unless noted)",AGMARK / Directorate of Marketing & Inspection,Volume-9 (Spices and condiments Compendium)-AGMARK.pdf,46,
"Dhania, Jeera Mix",Spices and condiments,,Moisture,Special,,8.0,,"% by weight (max, unless noted)",AGMARK / Directorate of Marketing & Inspection,Volume-9 (Spices and condiments Compendium)-AGMARK.pdf,47,
"Dhania, Jeera Mix",Spices and condiments,,Foreign_matter_organic,Special,,15.0,,"% by weight (max, unless noted)",AGMARK / Directorate of Marketing & Inspection,Volume-9 (Spices and condiments Compendium)-AGMARK.pdf,47,
"Dhania, Jeera Mix",Spices and condiments,,Foreign_matter_inorganic,Special,,1.0,,"% by weight (max, unless noted)",AGMARK / Directorate of Marketing & Inspection,Volume-9 (Spices and condiments Compendium)-AGMARK.pdf,47,
"Dhania, Jeera Mix",Spices and condiments,,Other_edible_grains,Special,,0.5,,"% by weight (max, unless noted)",AGMARK / Directorate of Marketing & Inspection,Volume-9 (Spices and condiments Compendium)-AGMARK.pdf,47,
"Dhania, Jeera Mix",Spices and condiments,,Damaged_grains,Special,,10.0,,"% by weight (max, unless noted)",AGMARK / Directorate of Marketing & Inspection,Volume-9 (Spices and condiments Compendium)-AGMARK.pdf,47,
"Dhania, Jeera Mix",Spices and condiments,,Additional_param_1,Special,,1.0,,"% by weight (max, unless noted)",AGMARK / Directorate of Marketing & Inspection,Volume-9 (Spices and condiments Compendium)-AGMARK.pdf,47,
"Dhania, Jeera Mix",Spices and condiments,,Moisture,Standard,,10.0,,"% by weight (max, unless noted)",AGMARK / Directorate of Marketing & Inspection,Volume-9 (Spices and condiments Compendium)-AGMARK.pdf,47,
"Dhania, Jeera Mix",Spices and condiments,,Foreign_matter_organic,Standard,,25.0,,"% by weight (max, unless noted)",AGMARK / Directorate of Marketing & Inspection,Volume-9 (Spices and condiments Compendium)-AGMARK.pdf,47,
"Dhania, Jeera Mix",Spices and condiments,,Foreign_matter_inorganic,Standard,,1.5,,"% by weight (max, unless noted)",AGMARK / Directorate of Marketing & Inspection,Volume-9 (Spices and condiments Compendium)-AGMARK.pdf,47,
"Dhania, Jeera Mix",Spices and condiments,,Other_edible_grains,Standard,,0.2,,"% by weight (max, unless noted)",AGMARK / Directorate of Marketing & Inspection,Volume-9 (Spices and condiments Compendium)-AGMARK.pdf,47,
"Dhania, Jeera Mix",Spices and condiments,,Damaged_grains,Standard,,8.0,,"% by weight (max, unless noted)",AGMARK / Directorate of Marketing & Inspection,Volume-9 (Spices and condiments Compendium)-AGMARK.pdf,47,
"Dhania, Jeera Mix",Spices and condiments,,Additional_param_1,Standard,,1.0,,"% by weight (max, unless noted)",AGMARK / Directorate of Marketing & Inspection,Volume-9 (Spices and condiments Compendium)-AGMARK.pdf,47,
"Mix powders including Jaljeera, Chat Masala, Panipuri, Masala, Pickle",Spices and condiments,,Moisture,Special,,8.0,,"% by weight (max, unless noted)",AGMARK / Directorate of Marketing & Inspection,Volume-9 (Spices and condiments Compendium)-AGMARK.pdf,48,
"Mix powders including Jaljeera, Chat Masala, Panipuri, Masala, Pickle",Spices and condiments,,Foreign_matter_organic,Special,,15.0,,"% by weight (max, unless noted)",AGMARK / Directorate of Marketing & Inspection,Volume-9 (Spices and condiments Compendium)-AGMARK.pdf,48,
"Mix powders including Jaljeera, Chat Masala, Panipuri, Masala, Pickle",Spices and condiments,,Foreign_matter_inorganic,Special,,1.0,,"% by weight (max, unless noted)",AGMARK / Directorate of Marketing & Inspection,Volume-9 (Spices and condiments Compendium)-AGMARK.pdf,48,
"Mix powders including Jaljeera, Chat Masala, Panipuri, Masala, Pickle",Spices and condiments,,Other_edible_grains,Special,,0.3,,"% by weight (max, unless noted)",AGMARK / Directorate of Marketing & Inspection,Volume-9 (Spices and condiments Compendium)-AGMARK.pdf,48,
"Mix powders including Jaljeera, Chat Masala, Panipuri, Masala, Pickle",Spices and condiments,,Damaged_grains,Special,,8.0,,"% by weight (max, unless noted)",AGMARK / Directorate of Marketing & Inspection,Volume-9 (Spices and condiments Compendium)-AGMARK.pdf,48,
"Mix powders including Jaljeera, Chat Masala, Panipuri, Masala, Pickle",Spices and condiments,,Additional_param_1,Special,,1.0,,"% by weight (max, unless noted)",AGMARK / Directorate of Marketing & Inspection,Volume-9 (Spices and condiments Compendium)-AGMARK.pdf,48,
"Mix powders including Jaljeera, Chat Masala, Panipuri, Masala, Pickle",Spices and condiments,,Moisture,Standard,,10.0,,"% by weight (max, unless noted)",AGMARK / Directorate of Marketing & Inspection,Volume-9 (Spices and condiments Compendium)-AGMARK.pdf,48,
"Mix powders including Jaljeera, Chat Masala, Panipuri, Masala, Pickle",Spices and condiments,,Foreign_matter_organic,Standard,,23.0,,"% by weight (max, unless noted)",AGMARK / Directorate of Marketing & Inspection,Volume-9 (Spices and condiments Compendium)-AGMARK.pdf,48,
"Mix powders including Jaljeera, Chat Masala, Panipuri, Masala, Pickle",Spices and condiments,,Foreign_matter_inorganic,Standard,,2.0,,"% by weight (max, unless noted)",AGMARK / Directorate of Marketing & Inspection,Volume-9 (Spices and condiments Compendium)-AGMARK.pdf,48,
"Mix powders including Jaljeera, Chat Masala, Panipuri, Masala, Pickle",Spices and condiments,,Other_edible_grains,Standard,,0.2,,"% by weight (max, unless noted)",AGMARK / Directorate of Marketing & Inspection,Volume-9 (Spices and condiments Compendium)-AGMARK.pdf,48,
"Mix powders including Jaljeera, Chat Masala, Panipuri, Masala, Pickle",Spices and condiments,,Damaged_grains,Standard,,4.0,,"% by weight (max, unless noted)",AGMARK / Directorate of Marketing & Inspection,Volume-9 (Spices and condiments Compendium)-AGMARK.pdf,48,
"Mix powders including Jaljeera, Chat Masala, Panipuri, Masala, Pickle",Spices and condiments,,Additional_param_1,Standard,,5.0,,"% by weight (max, unless noted)",AGMARK / Directorate of Marketing & Inspection,Volume-9 (Spices and condiments Compendium)-AGMARK.pdf,48,
"Mix powders including Jaljeera, Chat Masala, Panipuri, Masala, Pickle",Spices and condiments,,Moisture,General,,1988.0,,"% by weight (max, unless noted)",AGMARK / Directorate of Marketing & Inspection,Volume-9 (Spices and condiments Compendium)-AGMARK.pdf,48,
"Mix powders including Jaljeera, Chat Masala, Panipuri, Masala, Pickle",Spices and condiments,,Moisture,Special,,0.5,,"% by weight (max, unless noted)",AGMARK / Directorate of Marketing & Inspection,Volume-9 (Spices and condiments Compendium)-AGMARK.pdf,48,
"Mix powders including Jaljeera, Chat Masala, Panipuri, Masala, Pickle",Spices and condiments,,Foreign_matter_organic,Special,,2.0,,"% by weight (max, unless noted)",AGMARK / Directorate of Marketing & Inspection,Volume-9 (Spices and condiments Compendium)-AGMARK.pdf,48,
"Mix powders including Jaljeera, Chat Masala, Panipuri, Masala, Pickle",Spices and condiments,,Foreign_matter_inorganic,Special,,1.0,,"% by weight (max, unless noted)",AGMARK / Directorate of Marketing & Inspection,Volume-9 (Spices and condiments Compendium)-AGMARK.pdf,48,
"Mix powders including Jaljeera, Chat Masala, Panipuri, Masala, Pickle",Spices and condiments,,Other_edible_grains,Special,,1.0,,"% by weight (max, unless noted)",AGMARK / Directorate of Marketing & Inspection,Volume-9 (Spices and condiments Compendium)-AGMARK.pdf,48,
"Mix powders including Jaljeera, Chat Masala, Panipuri, Masala, Pickle",Spices and condiments,,Damaged_grains,Special,,10.0,,"% by weight (max, unless noted)",AGMARK / Directorate of Marketing & Inspection,Volume-9 (Spices and condiments Compendium)-AGMARK.pdf,48,
"Mix powders including Jaljeera, Chat Masala, Panipuri, Masala, Pickle",Spices and condiments,,Moisture,Standard,,0.5,,"% by weight (max, unless noted)",AGMARK / Directorate of Marketing & Inspection,Volume-9 (Spices and condiments Compendium)-AGMARK.pdf,48,
"Mix powders including Jaljeera, Chat Masala, Panipuri, Masala, Pickle",Spices and condiments,,Foreign_matter_organic,Standard,,1.0,,"% by weight (max, unless noted)",AGMARK / Directorate of Marketing & Inspection,Volume-9 (Spices and condiments Compendium)-AGMARK.pdf,48,
"Mix powders including Jaljeera, Chat Masala, Panipuri, Masala, Pickle",Spices and condiments,,Foreign_matter_inorganic,Standard,,4.0,,"% by weight (max, unless noted)",AGMARK / Directorate of Marketing & Inspection,Volume-9 (Spices and condiments Compendium)-AGMARK.pdf,48,
"Mix powders including Jaljeera, Chat Masala, Panipuri, Masala, Pickle",Spices and condiments,,Other_edible_grains,Standard,,3.0,,"% by weight (max, unless noted)",AGMARK / Directorate of Marketing & Inspection,Volume-9 (Spices and condiments Compendium)-AGMARK.pdf,48,
"Mix powders including Jaljeera, Chat Masala, Panipuri, Masala, Pickle",Spices and condiments,,Damaged_grains,Standard,,3.0,,"% by weight (max, unless noted)",AGMARK / Directorate of Marketing & Inspection,Volume-9 (Spices and condiments Compendium)-AGMARK.pdf,48,
"Mix powders including Jaljeera, Chat Masala, Panipuri, Masala, Pickle",Spices and condiments,,Additional_param_1,Standard,,10.0,,"% by weight (max, unless noted)",AGMARK / Directorate of Marketing & Inspection,Volume-9 (Spices and condiments Compendium)-AGMARK.pdf,48,
"Mix powders including Jaljeera, Chat Masala, Panipuri, Masala, Pickle",Spices and condiments,,Moisture,General,,2.0,,"% by weight (max, unless noted)",AGMARK / Directorate of Marketing & Inspection,Volume-9 (Spices and condiments Compendium)-AGMARK.pdf,48,
"Mix powders including Jaljeera, Chat Masala, Panipuri, Masala, Pickle",Spices and condiments,,Foreign_matter_organic,General,,2.0,,"% by weight (max, unless noted)",AGMARK / Directorate of Marketing & Inspection,Volume-9 (Spices and condiments Compendium)-AGMARK.pdf,48,
"Mix powders including Jaljeera, Chat Masala, Panipuri, Masala, Pickle",Spices and condiments,,Foreign_matter_inorganic,General,,6.0,,"% by weight (max, unless noted)",AGMARK / Directorate of Marketing & Inspection,Volume-9 (Spices and condiments Compendium)-AGMARK.pdf,48,
"Mix powders including Jaljeera, Chat Masala, Panipuri, Masala, Pickle",Spices and condiments,,Other_edible_grains,General,,6.0,,"% by weight (max, unless noted)",AGMARK / Directorate of Marketing & Inspection,Volume-9 (Spices and condiments Compendium)-AGMARK.pdf,48,
"Mix powders including Jaljeera, Chat Masala, Panipuri, Masala, Pickle",Spices and condiments,,Damaged_grains,General,,5.0,,"% by weight (max, unless noted)",AGMARK / Directorate of Marketing & Inspection,Volume-9 (Spices and condiments Compendium)-AGMARK.pdf,48,
"Mix powders including Jaljeera, Chat Masala, Panipuri, Masala, Pickle",Spices and condiments,,Additional_param_1,General,,12.0,,"% by weight (max, unless noted)",AGMARK / Directorate of Marketing & Inspection,Volume-9 (Spices and condiments Compendium)-AGMARK.pdf,48,
sundried Raw Mango Powder commercially known,Spices and condiments,,Moisture,Special,,3.0,,"% by weight (max, unless noted)",AGMARK / Directorate of Marketing & Inspection,Volume-9 (Spices and condiments Compendium)-AGMARK.pdf,54,
sundried Raw Mango Powder commercially known,Spices and condiments,,Foreign_matter_organic,Special,,3.0,,"% by weight (max, unless noted)",AGMARK / Directorate of Marketing & Inspection,Volume-9 (Spices and condiments Compendium)-AGMARK.pdf,54,
sundried Raw Mango Powder commercially known,Spices and condiments,,Foreign_matter_inorganic,Special,,0.5,,"% by weight (max, unless noted)",AGMARK / Directorate of Marketing & Inspection,Volume-9 (Spices and condiments Compendium)-AGMARK.pdf,54,
sundried Raw Mango Powder commercially known,Spices and condiments,,Other_edible_grains,Special,,20.1,,"% by weight (max, unless noted)",AGMARK / Directorate of Marketing & Inspection,Volume-9 (Spices and condiments Compendium)-AGMARK.pdf,54,
sundried Raw Mango Powder commercially known,Spices and condiments,,Damaged_grains,Special,,26.0,,"% by weight (max, unless noted)",AGMARK / Directorate of Marketing & Inspection,Volume-9 (Spices and condiments Compendium)-AGMARK.pdf,54,
sundried Raw Mango Powder commercially known,Spices and condiments,,Additional_param_1,Special,,10.0,,"% by weight (max, unless noted)",AGMARK / Directorate of Marketing & Inspection,Volume-9 (Spices and condiments Compendium)-AGMARK.pdf,54,
sundried Raw Mango Powder commercially known,Spices and condiments,,Moisture,Standard,,6.0,,"% by weight (max, unless noted)",AGMARK / Directorate of Marketing & Inspection,Volume-9 (Spices and condiments Compendium)-AGMARK.pdf,54,
sundried Raw Mango Powder commercially known,Spices and condiments,,Foreign_matter_organic,Standard,,6.0,,"% by weight (max, unless noted)",AGMARK / Directorate of Marketing & Inspection,Volume-9 (Spices and condiments Compendium)-AGMARK.pdf,54,
sundried Raw Mango Powder commercially known,Spices and condiments,,Foreign_matter_inorganic,Standard,,1.5,,"% by weight (max, unless noted)",AGMARK / Directorate of Marketing & Inspection,Volume-9 (Spices and condiments Compendium)-AGMARK.pdf,54,
sundried Raw Mango Powder commercially known,Spices and condiments,,Other_edible_grains,Standard,,12.0,,"% by weight (max, unless noted)",AGMARK / Directorate of Marketing & Inspection,Volume-9 (Spices and condiments Compendium)-AGMARK.pdf,54,
sundried Raw Mango Powder commercially known,Spices and condiments,,Damaged_grains,Standard,,20.0,,"% by weight (max, unless noted)",AGMARK / Directorate of Marketing & Inspection,Volume-9 (Spices and condiments Compendium)-AGMARK.pdf,54,
sundried Raw Mango Powder commercially known,Spices and condiments,,Additional_param_1,Standard,,12.0,,"% by weight (max, unless noted)",AGMARK / Directorate of Marketing & Inspection,Volume-9 (Spices and condiments Compendium)-AGMARK.pdf,54,
Tamarind (with seed),Spices and condiments,,Moisture,Special,,18.0,,"% by weight (max, unless noted)",AGMARK / Directorate of Marketing & Inspection,Volume-9 (Spices and condiments Compendium)-AGMARK.pdf,59,
Tamarind (with seed),Spices and condiments,,Foreign_matter_organic,Special,,4.0,,"% by weight (max, unless noted)",AGMARK / Directorate of Marketing & Inspection,Volume-9 (Spices and condiments Compendium)-AGMARK.pdf,59,
Tamarind (with seed),Spices and condiments,,Foreign_matter_inorganic,Special,,0.5,,"% by weight (max, unless noted)",AGMARK / Directorate of Marketing & Inspection,Volume-9 (Spices and condiments Compendium)-AGMARK.pdf,59,
Tamarind (with seed),Spices and condiments,,Other_edible_grains,Special,,7.0,,"% by weight (max, unless noted)",AGMARK / Directorate of Marketing & Inspection,Volume-9 (Spices and condiments Compendium)-AGMARK.pdf,59,
Tamarind (with seed),Spices and condiments,,Damaged_grains,Special,,1.0,,"% by weight (max, unless noted)",AGMARK / Directorate of Marketing & Inspection,Volume-9 (Spices and condiments Compendium)-AGMARK.pdf,59,
Tamarind (with seed),Spices and condiments,,Additional_param_1,Special,,30.0,,"% by weight (max, unless noted)",AGMARK / Directorate of Marketing & Inspection,Volume-9 (Spices and condiments Compendium)-AGMARK.pdf,59,
Tamarind (with seed),Spices and condiments,,Additional_param_2,Special,,1.0,,"% by weight (max, unless noted)",AGMARK / Directorate of Marketing & Inspection,Volume-9 (Spices and condiments Compendium)-AGMARK.pdf,59,
Tamarind (with seed),Spices and condiments,,Moisture,Standard,,20.0,,"% by weight (max, unless noted)",AGMARK / Directorate of Marketing & Inspection,Volume-9 (Spices and condiments Compendium)-AGMARK.pdf,59,
Tamarind (with seed),Spices and condiments,,Foreign_matter_organic,Standard,,5.0,,"% by weight (max, unless noted)",AGMARK / Directorate of Marketing & Inspection,Volume-9 (Spices and condiments Compendium)-AGMARK.pdf,59,
Tamarind (with seed),Spices and condiments,,Foreign_matter_inorganic,Standard,,0.75,,"% by weight (max, unless noted)",AGMARK / Directorate of Marketing & Inspection,Volume-9 (Spices and condiments Compendium)-AGMARK.pdf,59,
Tamarind (with seed),Spices and condiments,,Other_edible_grains,Standard,,8.0,,"% by weight (max, unless noted)",AGMARK / Directorate of Marketing & Inspection,Volume-9 (Spices and condiments Compendium)-AGMARK.pdf,59,
Tamarind (with seed),Spices and condiments,,Damaged_grains,Standard,,2.0,,"% by weight (max, unless noted)",AGMARK / Directorate of Marketing & Inspection,Volume-9 (Spices and condiments Compendium)-AGMARK.pdf,59,
Tamarind (with seed),Spices and condiments,,Additional_param_1,Standard,,35.0,,"% by weight (max, unless noted)",AGMARK / Directorate of Marketing & Inspection,Volume-9 (Spices and condiments Compendium)-AGMARK.pdf,59,
Tamarind (with seed),Spices and condiments,,Additional_param_2,Standard,,3.0,,"% by weight (max, unless noted)",AGMARK / Directorate of Marketing & Inspection,Volume-9 (Spices and condiments Compendium)-AGMARK.pdf,59,
Tamarind (with seed),Spices and condiments,,Moisture,General,,22.0,,"% by weight (max, unless noted)",AGMARK / Directorate of Marketing & Inspection,Volume-9 (Spices and condiments Compendium)-AGMARK.pdf,59,
Tamarind (with seed),Spices and condiments,,Foreign_matter_organic,General,,6.0,,"% by weight (max, unless noted)",AGMARK / Directorate of Marketing & Inspection,Volume-9 (Spices and condiments Compendium)-AGMARK.pdf,59,
Tamarind (with seed),Spices and condiments,,Foreign_matter_inorganic,General,,1.0,,"% by weight (max, unless noted)",AGMARK / Directorate of Marketing & Inspection,Volume-9 (Spices and condiments Compendium)-AGMARK.pdf,59,
Tamarind (with seed),Spices and condiments,,Other_edible_grains,General,,9.0,,"% by weight (max, unless noted)",AGMARK / Directorate of Marketing & Inspection,Volume-9 (Spices and condiments Compendium)-AGMARK.pdf,59,
Tamarind (with seed),Spices and condiments,,Damaged_grains,General,,3.0,,"% by weight (max, unless noted)",AGMARK / Directorate of Marketing & Inspection,Volume-9 (Spices and condiments Compendium)-AGMARK.pdf,59,
Tamarind (with seed),Spices and condiments,,Additional_param_1,General,,40.0,,"% by weight (max, unless noted)",AGMARK / Directorate of Marketing & Inspection,Volume-9 (Spices and condiments Compendium)-AGMARK.pdf,59,
Tamarind (with seed),Spices and condiments,,Additional_param_2,General,,5.0,,"% by weight (max, unless noted)",AGMARK / Directorate of Marketing & Inspection,Volume-9 (Spices and condiments Compendium)-AGMARK.pdf,59,
Tamarind (with seed),Spices and condiments,,Moisture,General,,1988.0,,"% by weight (max, unless noted)",AGMARK / Directorate of Marketing & Inspection,Volume-9 (Spices and condiments Compendium)-AGMARK.pdf,59,
Tamarind (with seed),Spices and condiments,,Moisture,Special,,0.5,,"% by weight (max, unless noted)",AGMARK / Directorate of Marketing & Inspection,Volume-9 (Spices and condiments Compendium)-AGMARK.pdf,59,
Tamarind (with seed),Spices and condiments,,Foreign_matter_organic,Special,,0.1,,"% by weight (max, unless noted)",AGMARK / Directorate of Marketing & Inspection,Volume-9 (Spices and condiments Compendium)-AGMARK.pdf,59,
Tamarind (with seed),Spices and condiments,,Foreign_matter_inorganic,Special,,10.0,,"% by weight (max, unless noted)",AGMARK / Directorate of Marketing & Inspection,Volume-9 (Spices and condiments Compendium)-AGMARK.pdf,59,
Tamarind (with seed),Spices and condiments,,Other_edible_grains,Special,,6.0,,"% by weight (max, unless noted)",AGMARK / Directorate of Marketing & Inspection,Volume-9 (Spices and condiments Compendium)-AGMARK.pdf,59,
Tamarind (with seed),Spices and condiments,,Damaged_grains,Special,,1.0,,"% by weight (max, unless noted)",AGMARK / Directorate of Marketing & Inspection,Volume-9 (Spices and condiments Compendium)-AGMARK.pdf,59,
Tamarind (with seed),Spices and condiments,,Additional_param_1,Special,,65.0,,"% by weight (max, unless noted)",AGMARK / Directorate of Marketing & Inspection,Volume-9 (Spices and condiments Compendium)-AGMARK.pdf,59,
Tamarind (with seed),Spices and condiments,,Additional_param_2,Special,,5.0,,"% by weight (max, unless noted)",AGMARK / Directorate of Marketing & Inspection,Volume-9 (Spices and condiments Compendium)-AGMARK.pdf,59,
Tamarind (with seed),Spices and condiments,,Moisture,Standard,,4.0,,"% by weight (max, unless noted)",AGMARK / Directorate of Marketing & Inspection,Volume-9 (Spices and condiments Compendium)-AGMARK.pdf,59,
Tamarind (with seed),Spices and condiments,,Foreign_matter_organic,Standard,,0.4,,"% by weight (max, unless noted)",AGMARK / Directorate of Marketing & Inspection,Volume-9 (Spices and condiments Compendium)-AGMARK.pdf,59,
Tamarind (with seed),Spices and condiments,,Foreign_matter_inorganic,Standard,,0.1,,"% by weight (max, unless noted)",AGMARK / Directorate of Marketing & Inspection,Volume-9 (Spices and condiments Compendium)-AGMARK.pdf,59,
Tamarind (with seed),Spices and condiments,,Other_edible_grains,Standard,,11.0,,"% by weight (max, unless noted)",AGMARK / Directorate of Marketing & Inspection,Volume-9 (Spices and condiments Compendium)-AGMARK.pdf,59,
Tamarind (with seed),Spices and condiments,,Damaged_grains,Standard,,7.0,,"% by weight (max, unless noted)",AGMARK / Directorate of Marketing & Inspection,Volume-9 (Spices and condiments Compendium)-AGMARK.pdf,59,
Tamarind (with seed),Spices and condiments,,Additional_param_1,Standard,,1.25,,"% by weight (max, unless noted)",AGMARK / Directorate of Marketing & Inspection,Volume-9 (Spices and condiments Compendium)-AGMARK.pdf,59,
Tamarind (with seed),Spices and condiments,,Additional_param_2,Standard,,65.0,,"% by weight (max, unless noted)",AGMARK / Directorate of Marketing & Inspection,Volume-9 (Spices and condiments Compendium)-AGMARK.pdf,59,
Tamarind (with seed),Spices and condiments,,Moisture,General,,6.0,,"% by weight (max, unless noted)",AGMARK / Directorate of Marketing & Inspection,Volume-9 (Spices and condiments Compendium)-AGMARK.pdf,59,
Tamarind (with seed),Spices and condiments,,Foreign_matter_organic,General,,0.75,,"% by weight (max, unless noted)",AGMARK / Directorate of Marketing & Inspection,Volume-9 (Spices and condiments Compendium)-AGMARK.pdf,59,
Tamarind (with seed),Spices and condiments,,Foreign_matter_inorganic,General,,0.25,,"% by weight (max, unless noted)",AGMARK / Directorate of Marketing & Inspection,Volume-9 (Spices and condiments Compendium)-AGMARK.pdf,59,
Tamarind (with seed),Spices and condiments,,Other_edible_grains,General,,12.0,,"% by weight (max, unless noted)",AGMARK / Directorate of Marketing & Inspection,Volume-9 (Spices and condiments Compendium)-AGMARK.pdf,59,
Tamarind (with seed),Spices and condiments,,Damaged_grains,General,,8.0,,"% by weight (max, unless noted)",AGMARK / Directorate of Marketing & Inspection,Volume-9 (Spices and condiments Compendium)-AGMARK.pdf,59,
Tamarind (with seed),Spices and condiments,,Additional_param_1,General,,1.5,,"% by weight (max, unless noted)",AGMARK / Directorate of Marketing & Inspection,Volume-9 (Spices and condiments Compendium)-AGMARK.pdf,59,
Tamarind (with seed),Spices and condiments,,Additional_param_2,General,,65.0,,"% by weight (max, unless noted)",AGMARK / Directorate of Marketing & Inspection,Volume-9 (Spices and condiments Compendium)-AGMARK.pdf,59,
Tamarind (with seed),Spices and condiments,,Moisture,Special,,9.0,,"% by weight (max, unless noted)",AGMARK / Directorate of Marketing & Inspection,Volume-9 (Spices and condiments Compendium)-AGMARK.pdf,59,
Tamarind (with seed),Spices and condiments,,Foreign_matter_organic,Special,,6.0,,"% by weight (max, unless noted)",AGMARK / Directorate of Marketing & Inspection,Volume-9 (Spices and condiments Compendium)-AGMARK.pdf,59,
Tamarind (with seed),Spices and condiments,,Foreign_matter_inorganic,Special,,1.0,,"% by weight (max, unless noted)",AGMARK / Directorate of Marketing & Inspection,Volume-9 (Spices and condiments Compendium)-AGMARK.pdf,59,
Tamarind (with seed),Spices and condiments,,Other_edible_grains,Special,,65.0,,"% by weight (max, unless noted)",AGMARK / Directorate of Marketing & Inspection,Volume-9 (Spices and condiments Compendium)-AGMARK.pdf,59,
Tamarind (with seed),Spices and condiments,,Damaged_grains,Special,,5.0,,"% by weight (max, unless noted)",AGMARK / Directorate of Marketing & Inspection,Volume-9 (Spices and condiments Compendium)-AGMARK.pdf,59,
Tamarind (with seed),Spices and condiments,,Additional_param_1,Special,,70.0,,"% by weight (max, unless noted)",AGMARK / Directorate of Marketing & Inspection,Volume-9 (Spices and condiments Compendium)-AGMARK.pdf,59,
Tamarind (with seed),Spices and condiments,,Additional_param_2,Special,,20.0,,"% by weight (max, unless noted)",AGMARK / Directorate of Marketing & Inspection,Volume-9 (Spices and condiments Compendium)-AGMARK.pdf,59,
Tamarind (with seed),Spices and condiments,,Moisture,Standard,,10.0,,"% by weight (max, unless noted)",AGMARK / Directorate of Marketing & Inspection,Volume-9 (Spices and condiments Compendium)-AGMARK.pdf,59,
Tamarind (with seed),Spices and condiments,,Foreign_matter_organic,Standard,,7.0,,"% by weight (max, unless noted)",AGMARK / Directorate of Marketing & Inspection,Volume-9 (Spices and condiments Compendium)-AGMARK.pdf,59,
Tamarind (with seed),Spices and condiments,,Foreign_matter_inorganic,Standard,,1.25,,"% by weight (max, unless noted)",AGMARK / Directorate of Marketing & Inspection,Volume-9 (Spices and condiments Compendium)-AGMARK.pdf,59,
Tamarind (with seed),Spices and condiments,,Other_edible_grains,Standard,,65.0,,"% by weight (max, unless noted)",AGMARK / Directorate of Marketing & Inspection,Volume-9 (Spices and condiments Compendium)-AGMARK.pdf,59,
Tamarind (with seed),Spices and condiments,,Damaged_grains,Standard,,6.0,,"% by weight (max, unless noted)",AGMARK / Directorate of Marketing & Inspection,Volume-9 (Spices and condiments Compendium)-AGMARK.pdf,59,
Tamarind (with seed),Spices and condiments,,Additional_param_1,Standard,,55.0,,"% by weight (max, unless noted)",AGMARK / Directorate of Marketing & Inspection,Volume-9 (Spices and condiments Compendium)-AGMARK.pdf,59,
Tamarind (with seed),Spices and condiments,,Additional_param_2,Standard,,20.0,,"% by weight (max, unless noted)",AGMARK / Directorate of Marketing & Inspection,Volume-9 (Spices and condiments Compendium)-AGMARK.pdf,59,
Tamarind (with seed),Spices and condiments,,Moisture,General,,10.0,,"% by weight (max, unless noted)",AGMARK / Directorate of Marketing & Inspection,Volume-9 (Spices and condiments Compendium)-AGMARK.pdf,59,
Tamarind (with seed),Spices and condiments,,Foreign_matter_organic,General,,8.0,,"% by weight (max, unless noted)",AGMARK / Directorate of Marketing & Inspection,Volume-9 (Spices and condiments Compendium)-AGMARK.pdf,59,
Tamarind (with seed),Spices and condiments,,Foreign_matter_inorganic,General,,1.5,,"% by weight (max, unless noted)",AGMARK / Directorate of Marketing & Inspection,Volume-9 (Spices and condiments Compendium)-AGMARK.pdf,59,
Tamarind (with seed),Spices and condiments,,Other_edible_grains,General,,65.0,,"% by weight (max, unless noted)",AGMARK / Directorate of Marketing & Inspection,Volume-9 (Spices and condiments Compendium)-AGMARK.pdf,59,
Tamarind (with seed),Spices and condiments,,Damaged_grains,General,,6.0,,"% by weight (max, unless noted)",AGMARK / Directorate of Marketing & Inspection,Volume-9 (Spices and condiments Compendium)-AGMARK.pdf,59,
Tamarind (with seed),Spices and condiments,,Additional_param_1,General,,40.0,,"% by weight (max, unless noted)",AGMARK / Directorate of Marketing & Inspection,Volume-9 (Spices and condiments Compendium)-AGMARK.pdf,59,
Tamarind (with seed),Spices and condiments,,Additional_param_2,General,,20.0,,"% by weight (max, unless noted)",AGMARK / Directorate of Marketing & Inspection,Volume-9 (Spices and condiments Compendium)-AGMARK.pdf,59,
Tamarind (with seed),Spices and condiments,,Moisture,Special,,0.5,,"% by weight (max, unless noted)",AGMARK / Directorate of Marketing & Inspection,Volume-9 (Spices and condiments Compendium)-AGMARK.pdf,59,
Tamarind (with seed),Spices and condiments,,Foreign_matter_organic,Special,,1.0,,"% by weight (max, unless noted)",AGMARK / Directorate of Marketing & Inspection,Volume-9 (Spices and condiments Compendium)-AGMARK.pdf,59,
Tamarind (with seed),Spices and condiments,,Foreign_matter_inorganic,Special,,3.0,,"% by weight (max, unless noted)",AGMARK / Directorate of Marketing & Inspection,Volume-9 (Spices and condiments Compendium)-AGMARK.pdf,59,
Tamarind (with seed),Spices and condiments,,Other_edible_grains,Special,,10.0,,"% by weight (max, unless noted)",AGMARK / Directorate of Marketing & Inspection,Volume-9 (Spices and condiments Compendium)-AGMARK.pdf,59,
Tamarind (with seed),Spices and condiments,,Damaged_grains,Special,,6.0,,"% by weight (max, unless noted)",AGMARK / Directorate of Marketing & Inspection,Volume-9 (Spices and condiments Compendium)-AGMARK.pdf,59,
Tamarind (with seed),Spices and condiments,,Additional_param_1,Special,,1.2,,"% by weight (max, unless noted)",AGMARK / Directorate of Marketing & Inspection,Volume-9 (Spices and condiments Compendium)-AGMARK.pdf,59,
Tamarind (with seed),Spices and condiments,,Additional_param_2,Special,,0.3,,"% by weight (max, unless noted)",AGMARK / Directorate of Marketing & Inspection,Volume-9 (Spices and condiments Compendium)-AGMARK.pdf,59,
Tamarind (with seed),Spices and condiments,,Moisture,Standard,,0.75,,"% by weight (max, unless noted)",AGMARK / Directorate of Marketing & Inspection,Volume-9 (Spices and condiments Compendium)-AGMARK.pdf,59,
Tamarind (with seed),Spices and condiments,,Foreign_matter_organic,Standard,,0.1,,"% by weight (max, unless noted)",AGMARK / Directorate of Marketing & Inspection,Volume-9 (Spices and condiments Compendium)-AGMARK.pdf,59,
Tamarind (with seed),Spices and condiments,,Foreign_matter_inorganic,Standard,,2.0,,"% by weight (max, unless noted)",AGMARK / Directorate of Marketing & Inspection,Volume-9 (Spices and condiments Compendium)-AGMARK.pdf,59,
Tamarind (with seed),Spices and condiments,,Other_edible_grains,Standard,,5.0,,"% by weight (max, unless noted)",AGMARK / Directorate of Marketing & Inspection,Volume-9 (Spices and condiments Compendium)-AGMARK.pdf,59,
Tamarind (with seed),Spices and condiments,,Damaged_grains,Standard,,11.0,,"% by weight (max, unless noted)",AGMARK / Directorate of Marketing & Inspection,Volume-9 (Spices and condiments Compendium)-AGMARK.pdf,59,
Tamarind (with seed),Spices and condiments,,Additional_param_1,Standard,,7.0,,"% by weight (max, unless noted)",AGMARK / Directorate of Marketing & Inspection,Volume-9 (Spices and condiments Compendium)-AGMARK.pdf,59,
Tamarind (with seed),Spices and condiments,,Additional_param_2,Standard,,1.3,,"% by weight (max, unless noted)",AGMARK / Directorate of Marketing & Inspection,Volume-9 (Spices and condiments Compendium)-AGMARK.pdf,59,
Tamarind (with seed),Spices and condiments,,Moisture,Special,,0.5,,"% by weight (max, unless noted)",AGMARK / Directorate of Marketing & Inspection,Volume-9 (Spices and condiments Compendium)-AGMARK.pdf,59,
Tamarind (with seed),Spices and condiments,,Foreign_matter_organic,Special,,0.1,,"% by weight (max, unless noted)",AGMARK / Directorate of Marketing & Inspection,Volume-9 (Spices and condiments Compendium)-AGMARK.pdf,59,
Tamarind (with seed),Spices and condiments,,Foreign_matter_inorganic,Special,,3.0,,"% by weight (max, unless noted)",AGMARK / Directorate of Marketing & Inspection,Volume-9 (Spices and condiments Compendium)-AGMARK.pdf,59,
Tamarind (with seed),Spices and condiments,,Other_edible_grains,Special,,1.0,,"% by weight (max, unless noted)",AGMARK / Directorate of Marketing & Inspection,Volume-9 (Spices and condiments Compendium)-AGMARK.pdf,59,
Tamarind (with seed),Spices and condiments,,Damaged_grains,Special,,500.0,,"% by weight (max, unless noted)",AGMARK / Directorate of Marketing & Inspection,Volume-9 (Spices and condiments Compendium)-AGMARK.pdf,59,
Tamarind (with seed),Spices and condiments,,Additional_param_1,Special,,11.0,,"% by weight (max, unless noted)",AGMARK / Directorate of Marketing & Inspection,Volume-9 (Spices and condiments Compendium)-AGMARK.pdf,59,
Tamarind (with seed),Spices and condiments,,Additional_param_2,Special,,4.0,,"% by weight (max, unless noted)",AGMARK / Directorate of Marketing & Inspection,Volume-9 (Spices and condiments Compendium)-AGMARK.pdf,59,
Tamarind (with seed),Spices and condiments,,Moisture,Standard,,0.75,,"% by weight (max, unless noted)",AGMARK / Directorate of Marketing & Inspection,Volume-9 (Spices and condiments Compendium)-AGMARK.pdf,59,
Tamarind (with seed),Spices and condiments,,Foreign_matter_organic,Standard,,0.2,,"% by weight (max, unless noted)",AGMARK / Directorate of Marketing & Inspection,Volume-9 (Spices and condiments Compendium)-AGMARK.pdf,59,
Tamarind (with seed),Spices and condiments,,Foreign_matter_inorganic,Standard,,5.0,,"% by weight (max, unless noted)",AGMARK / Directorate of Marketing & Inspection,Volume-9 (Spices and condiments Compendium)-AGMARK.pdf,59,
Tamarind (with seed),Spices and condiments,,Other_edible_grains,Standard,,2.0,,"% by weight (max, unless noted)",AGMARK / Directorate of Marketing & Inspection,Volume-9 (Spices and condiments Compendium)-AGMARK.pdf,59,
Tamarind (with seed),Spices and condiments,,Damaged_grains,Standard,,490.0,,"% by weight (max, unless noted)",AGMARK / Directorate of Marketing & Inspection,Volume-9 (Spices and condiments Compendium)-AGMARK.pdf,59,
Tamarind (with seed),Spices and condiments,,Additional_param_1,Standard,,12.0,,"% by weight (max, unless noted)",AGMARK / Directorate of Marketing & Inspection,Volume-9 (Spices and condiments Compendium)-AGMARK.pdf,59,
Tamarind (with seed),Spices and condiments,,Additional_param_2,Standard,,5.0,,"% by weight (max, unless noted)",AGMARK / Directorate of Marketing & Inspection,Volume-9 (Spices and condiments Compendium)-AGMARK.pdf,59,
Tamarind (with seed),Spices and condiments,,Moisture,Special,,0.5,,"% by weight (max, unless noted)",AGMARK / Directorate of Marketing & Inspection,Volume-9 (Spices and condiments Compendium)-AGMARK.pdf,59,
Tamarind (with seed),Spices and condiments,,Foreign_matter_organic,Special,,0.1,,"% by weight (max, unless noted)",AGMARK / Directorate of Marketing & Inspection,Volume-9 (Spices and condiments Compendium)-AGMARK.pdf,59,
Tamarind (with seed),Spices and condiments,,Foreign_matter_inorganic,Special,,4.0,,"% by weight (max, unless noted)",AGMARK / Directorate of Marketing & Inspection,Volume-9 (Spices and condiments Compendium)-AGMARK.pdf,59,
Tamarind (with seed),Spices and condiments,,Other_edible_grains,Special,,3.0,,"% by weight (max, unless noted)",AGMARK / Directorate of Marketing & Inspection,Volume-9 (Spices and condiments Compendium)-AGMARK.pdf,59,
Tamarind (with seed),Spices and condiments,,Damaged_grains,Special,,0.7,,"% by weight (max, unless noted)",AGMARK / Directorate of Marketing & Inspection,Volume-9 (Spices and condiments Compendium)-AGMARK.pdf,59,
Tamarind (with seed),Spices and condiments,,Additional_param_1,Special,,500.0,,"% by weight (max, unless noted)",AGMARK / Directorate of Marketing & Inspection,Volume-9 (Spices and condiments Compendium)-AGMARK.pdf,59,
Tamarind (with seed),Spices and condiments,,Additional_param_2,Special,,12.0,,"% by weight (max, unless noted)",AGMARK / Directorate of Marketing & Inspection,Volume-9 (Spices and condiments Compendium)-AGMARK.pdf,59,
Tamarind (with seed),Spices and condiments,,Moisture,Standard,,0.75,,"% by weight (max, unless noted)",AGMARK / Directorate of Marketing & Inspection,Volume-9 (Spices and condiments Compendium)-AGMARK.pdf,59,
Tamarind (with seed),Spices and condiments,,Foreign_matter_organic,Standard,,0.25,,"% by weight (max, unless noted)",AGMARK / Directorate of Marketing & Inspection,Volume-9 (Spices and condiments Compendium)-AGMARK.pdf,59,
Tamarind (with seed),Spices and condiments,,Foreign_matter_inorganic,Standard,,5.0,,"% by weight (max, unless noted)",AGMARK / Directorate of Marketing & Inspection,Volume-9 (Spices and condiments Compendium)-AGMARK.pdf,59,
Tamarind (with seed),Spices and condiments,,Other_edible_grains,Standard,,4.0,,"% by weight (max, unless noted)",AGMARK / Directorate of Marketing & Inspection,Volume-9 (Spices and condiments Compendium)-AGMARK.pdf,59,
Tamarind (with seed),Spices and condiments,,Damaged_grains,Standard,,1.0,,"% by weight (max, unless noted)",AGMARK / Directorate of Marketing & Inspection,Volume-9 (Spices and condiments Compendium)-AGMARK.pdf,59,
Tamarind (with seed),Spices and condiments,,Additional_param_1,Standard,,490.0,,"% by weight (max, unless noted)",AGMARK / Directorate of Marketing & Inspection,Volume-9 (Spices and condiments Compendium)-AGMARK.pdf,59,
Tamarind (with seed),Spices and condiments,,Additional_param_2,Standard,,13.0,,"% by weight (max, unless noted)",AGMARK / Directorate of Marketing & Inspection,Volume-9 (Spices and condiments Compendium)-AGMARK.pdf,59,
Tamarind (with seed),Spices and condiments,,Moisture,Special,,0.2,,"% by weight (max, unless noted)",AGMARK / Directorate of Marketing & Inspection,Volume-9 (Spices and condiments Compendium)-AGMARK.pdf,59,
Tamarind (with seed),Spices and condiments,,Foreign_matter_organic,Special,,0.1,,"% by weight (max, unless noted)",AGMARK / Directorate of Marketing & Inspection,Volume-9 (Spices and condiments Compendium)-AGMARK.pdf,59,
Tamarind (with seed),Spices and condiments,,Foreign_matter_inorganic,Special,,2.0,,"% by weight (max, unless noted)",AGMARK / Directorate of Marketing & Inspection,Volume-9 (Spices and condiments Compendium)-AGMARK.pdf,59,
Tamarind (with seed),Spices and condiments,,Other_edible_grains,Special,,2.0,,"% by weight (max, unless noted)",AGMARK / Directorate of Marketing & Inspection,Volume-9 (Spices and condiments Compendium)-AGMARK.pdf,59,
Tamarind (with seed),Spices and condiments,,Damaged_grains,Special,,0.2,,"% by weight (max, unless noted)",AGMARK / Directorate of Marketing & Inspection,Volume-9 (Spices and condiments Compendium)-AGMARK.pdf,59,
Tamarind (with seed),Spices and condiments,,Additional_param_1,Special,,435.0,,"% by weight (max, unless noted)",AGMARK / Directorate of Marketing & Inspection,Volume-9 (Spices and condiments Compendium)-AGMARK.pdf,59,
Tamarind (with seed),Spices and condiments,,Additional_param_2,Special,,11.0,,"% by weight (max, unless noted)",AGMARK / Directorate of Marketing & Inspection,Volume-9 (Spices and condiments Compendium)-AGMARK.pdf,59,
Tamarind (with seed),Spices and condiments,,Moisture,Standard,,0.7,,"% by weight (max, unless noted)",AGMARK / Directorate of Marketing & Inspection,Volume-9 (Spices and condiments Compendium)-AGMARK.pdf,59,
Tamarind (with seed),Spices and condiments,,Foreign_matter_organic,Standard,,0.3,,"% by weight (max, unless noted)",AGMARK / Directorate of Marketing & Inspection,Volume-9 (Spices and condiments Compendium)-AGMARK.pdf,59,
Tamarind (with seed),Spices and condiments,,Foreign_matter_inorganic,Standard,,3.0,,"% by weight (max, unless noted)",AGMARK / Directorate of Marketing & Inspection,Volume-9 (Spices and condiments Compendium)-AGMARK.pdf,59,
Tamarind (with seed),Spices and condiments,,Other_edible_grains,Standard,,3.0,,"% by weight (max, unless noted)",AGMARK / Directorate of Marketing & Inspection,Volume-9 (Spices and condiments Compendium)-AGMARK.pdf,59,
Tamarind (with seed),Spices and condiments,,Damaged_grains,Standard,,0.5,,"% by weight (max, unless noted)",AGMARK / Directorate of Marketing & Inspection,Volume-9 (Spices and condiments Compendium)-AGMARK.pdf,59,
Tamarind (with seed),Spices and condiments,,Additional_param_1,Standard,,385.0,,"% by weight (max, unless noted)",AGMARK / Directorate of Marketing & Inspection,Volume-9 (Spices and condiments Compendium)-AGMARK.pdf,59,
Tamarind (with seed),Spices and condiments,,Additional_param_2,Standard,,13.0,,"% by weight (max, unless noted)",AGMARK / Directorate of Marketing & Inspection,Volume-9 (Spices and condiments Compendium)-AGMARK.pdf,59,
Tamarind (with seed),Spices and condiments,,Moisture,Special,,0.25,,"% by weight (max, unless noted)",AGMARK / Directorate of Marketing & Inspection,Volume-9 (Spices and condiments Compendium)-AGMARK.pdf,59,
Tamarind (with seed),Spices and condiments,,Foreign_matter_organic,Special,,0.1,,"% by weight (max, unless noted)",AGMARK / Directorate of Marketing & Inspection,Volume-9 (Spices and condiments Compendium)-AGMARK.pdf,59,
Tamarind (with seed),Spices and condiments,,Foreign_matter_inorganic,Special,,4.0,,"% by weight (max, unless noted)",AGMARK / Directorate of Marketing & Inspection,Volume-9 (Spices and condiments Compendium)-AGMARK.pdf,59,
Tamarind (with seed),Spices and condiments,,Other_edible_grains,Special,,1.0,,"% by weight (max, unless noted)",AGMARK / Directorate of Marketing & Inspection,Volume-9 (Spices and condiments Compendium)-AGMARK.pdf,59,
Tamarind (with seed),Spices and condiments,,Damaged_grains,Special,,8.0,,"% by weight (max, unless noted)",AGMARK / Directorate of Marketing & Inspection,Volume-9 (Spices and condiments Compendium)-AGMARK.pdf,59,
Tamarind (with seed),Spices and condiments,,Additional_param_1,Special,,6.0,,"% by weight (max, unless noted)",AGMARK / Directorate of Marketing & Inspection,Volume-9 (Spices and condiments Compendium)-AGMARK.pdf,59,
Tamarind (with seed),Spices and condiments,,Additional_param_2,Special,,1.0,,"% by weight (max, unless noted)",AGMARK / Directorate of Marketing & Inspection,Volume-9 (Spices and condiments Compendium)-AGMARK.pdf,59,
Tamarind (with seed),Spices and condiments,,Moisture,Standard,,0.75,,"% by weight (max, unless noted)",AGMARK / Directorate of Marketing & Inspection,Volume-9 (Spices and condiments Compendium)-AGMARK.pdf,59,
Tamarind (with seed),Spices and condiments,,Foreign_matter_organic,Standard,,0.2,,"% by weight (max, unless noted)",AGMARK / Directorate of Marketing & Inspection,Volume-9 (Spices and condiments Compendium)-AGMARK.pdf,59,
Tamarind (with seed),Spices and condiments,,Foreign_matter_inorganic,Standard,,10.0,,"% by weight (max, unless noted)",AGMARK / Directorate of Marketing & Inspection,Volume-9 (Spices and condiments Compendium)-AGMARK.pdf,59,
Tamarind (with seed),Spices and condiments,,Other_edible_grains,Standard,,2.0,,"% by weight (max, unless noted)",AGMARK / Directorate of Marketing & Inspection,Volume-9 (Spices and condiments Compendium)-AGMARK.pdf,59,
Tamarind (with seed),Spices and condiments,,Damaged_grains,Standard,,9.0,,"% by weight (max, unless noted)",AGMARK / Directorate of Marketing & Inspection,Volume-9 (Spices and condiments Compendium)-AGMARK.pdf,59,
Tamarind (with seed),Spices and condiments,,Additional_param_1,Standard,,7.0,,"% by weight (max, unless noted)",AGMARK / Directorate of Marketing & Inspection,Volume-9 (Spices and condiments Compendium)-AGMARK.pdf,59,
Tamarind (with seed),Spices and condiments,,Additional_param_2,Standard,,1.5,,"% by weight (max, unless noted)",AGMARK / Directorate of Marketing & Inspection,Volume-9 (Spices and condiments Compendium)-AGMARK.pdf,59,
Tamarind (with seed),Spices and condiments,,Moisture,Special,,20.0,,"% by weight (max, unless noted)",AGMARK / Directorate of Marketing & Inspection,Volume-9 (Spices and condiments Compendium)-AGMARK.pdf,59,
Tamarind (with seed),Spices and condiments,,Foreign_matter_organic,Special,,0.25,,"% by weight (max, unless noted)",AGMARK / Directorate of Marketing & Inspection,Volume-9 (Spices and condiments Compendium)-AGMARK.pdf,59,
Tamarind (with seed),Spices and condiments,,Foreign_matter_inorganic,Special,,0.1,,"% by weight (max, unless noted)",AGMARK / Directorate of Marketing & Inspection,Volume-9 (Spices and condiments Compendium)-AGMARK.pdf,59,
Tamarind (with seed),Spices and condiments,,Other_edible_grains,Special,,0.5,,"% by weight (max, unless noted)",AGMARK / Directorate of Marketing & Inspection,Volume-9 (Spices and condiments Compendium)-AGMARK.pdf,59,
Tamarind (with seed),Spices and condiments,,Damaged_grains,Special,,4.0,,"% by weight (max, unless noted)",AGMARK / Directorate of Marketing & Inspection,Volume-9 (Spices and condiments Compendium)-AGMARK.pdf,59,
Tamarind (with seed),Spices and condiments,,Additional_param_1,Special,,11.0,,"% by weight (max, unless noted)",AGMARK / Directorate of Marketing & Inspection,Volume-9 (Spices and condiments Compendium)-AGMARK.pdf,59,
Tamarind (with seed),Spices and condiments,,Additional_param_2,Special,,7.0,,"% by weight (max, unless noted)",AGMARK / Directorate of Marketing & Inspection,Volume-9 (Spices and condiments Compendium)-AGMARK.pdf,59,
Tamarind (with seed),Spices and condiments,,Moisture,Standard,,15.0,,"% by weight (max, unless noted)",AGMARK / Directorate of Marketing & Inspection,Volume-9 (Spices and condiments Compendium)-AGMARK.pdf,59,
Tamarind (with seed),Spices and condiments,,Foreign_matter_organic,Standard,,0.75,,"% by weight (max, unless noted)",AGMARK / Directorate of Marketing & Inspection,Volume-9 (Spices and condiments Compendium)-AGMARK.pdf,59,
Tamarind (with seed),Spices and condiments,,Foreign_matter_inorganic,Standard,,0.2,,"% by weight (max, unless noted)",AGMARK / Directorate of Marketing & Inspection,Volume-9 (Spices and condiments Compendium)-AGMARK.pdf,59,
Tamarind (with seed),Spices and condiments,,Other_edible_grains,Standard,,1.0,,"% by weight (max, unless noted)",AGMARK / Directorate of Marketing & Inspection,Volume-9 (Spices and condiments Compendium)-AGMARK.pdf,59,
Tamarind (with seed),Spices and condiments,,Damaged_grains,Standard,,6.0,,"% by weight (max, unless noted)",AGMARK / Directorate of Marketing & Inspection,Volume-9 (Spices and condiments Compendium)-AGMARK.pdf,59,
Tamarind (with seed),Spices and condiments,,Additional_param_1,Standard,,12.0,,"% by weight (max, unless noted)",AGMARK / Directorate of Marketing & Inspection,Volume-9 (Spices and condiments Compendium)-AGMARK.pdf,59,
Tamarind (with seed),Spices and condiments,,Additional_param_2,Standard,,8.0,,"% by weight (max, unless noted)",AGMARK / Directorate of Marketing & Inspection,Volume-9 (Spices and condiments Compendium)-AGMARK.pdf,59,
Tamarind (with seed),Spices and condiments,,Moisture,Special,,1.0,,"% by weight (max, unless noted)",AGMARK / Directorate of Marketing & Inspection,Volume-9 (Spices and condiments Compendium)-AGMARK.pdf,59,
Tamarind (with seed),Spices and condiments,,Foreign_matter_organic,Special,,0.5,,"% by weight (max, unless noted)",AGMARK / Directorate of Marketing & Inspection,Volume-9 (Spices and condiments Compendium)-AGMARK.pdf,59,
Tamarind (with seed),Spices and condiments,,Foreign_matter_inorganic,Special,,3.0,,"% by weight (max, unless noted)",AGMARK / Directorate of Marketing & Inspection,Volume-9 (Spices and condiments Compendium)-AGMARK.pdf,59,
Tamarind (with seed),Spices and condiments,,Other_edible_grains,Special,,9.0,,"% by weight (max, unless noted)",AGMARK / Directorate of Marketing & Inspection,Volume-9 (Spices and condiments Compendium)-AGMARK.pdf,59,
Tamarind (with seed),Spices and condiments,,Damaged_grains,Special,,8.0,,"% by weight (max, unless noted)",AGMARK / Directorate of Marketing & Inspection,Volume-9 (Spices and condiments Compendium)-AGMARK.pdf,59,
Tamarind (with seed),Spices and condiments,,Additional_param_1,Special,,1.0,,"% by weight (max, unless noted)",AGMARK / Directorate of Marketing & Inspection,Volume-9 (Spices and condiments Compendium)-AGMARK.pdf,59,
Tamarind (with seed),Spices and condiments,,Additional_param_2,Special,,16.0,,"% by weight (max, unless noted)",AGMARK / Directorate of Marketing & Inspection,Volume-9 (Spices and condiments Compendium)-AGMARK.pdf,59,
Tamarind (with seed),Spices and condiments,,Moisture,Standard,,2.0,,"% by weight (max, unless noted)",AGMARK / Directorate of Marketing & Inspection,Volume-9 (Spices and condiments Compendium)-AGMARK.pdf,59,
Tamarind (with seed),Spices and condiments,,Foreign_matter_organic,Standard,,1.0,,"% by weight (max, unless noted)",AGMARK / Directorate of Marketing & Inspection,Volume-9 (Spices and condiments Compendium)-AGMARK.pdf,59,
Tamarind (with seed),Spices and condiments,,Foreign_matter_inorganic,Standard,,4.0,,"% by weight (max, unless noted)",AGMARK / Directorate of Marketing & Inspection,Volume-9 (Spices and condiments Compendium)-AGMARK.pdf,59,
Tamarind (with seed),Spices and condiments,,Other_edible_grains,Standard,,10.0,,"% by weight (max, unless noted)",AGMARK / Directorate of Marketing & Inspection,Volume-9 (Spices and condiments Compendium)-AGMARK.pdf,59,
Tamarind (with seed),Spices and condiments,,Damaged_grains,Standard,,9.5,,"% by weight (max, unless noted)",AGMARK / Directorate of Marketing & Inspection,Volume-9 (Spices and condiments Compendium)-AGMARK.pdf,59,
Tamarind (with seed),Spices and condiments,,Additional_param_1,Standard,,2.5,,"% by weight (max, unless noted)",AGMARK / Directorate of Marketing & Inspection,Volume-9 (Spices and condiments Compendium)-AGMARK.pdf,59,
Tamarind (with seed),Spices and condiments,,Additional_param_2,Standard,,15.0,,"% by weight (max, unless noted)",AGMARK / Directorate of Marketing & Inspection,Volume-9 (Spices and condiments Compendium)-AGMARK.pdf,59,
Tamarind (with seed),Spices and condiments,,Moisture,Special,,0.25,,"% by weight (max, unless noted)",AGMARK / Directorate of Marketing & Inspection,Volume-9 (Spices and condiments Compendium)-AGMARK.pdf,59,
Tamarind (with seed),Spices and condiments,,Foreign_matter_organic,Special,,0.1,,"% by weight (max, unless noted)",AGMARK / Directorate of Marketing & Inspection,Volume-9 (Spices and condiments Compendium)-AGMARK.pdf,59,
Tamarind (with seed),Spices and condiments,,Foreign_matter_inorganic,Special,,3.0,,"% by weight (max, unless noted)",AGMARK / Directorate of Marketing & Inspection,Volume-9 (Spices and condiments Compendium)-AGMARK.pdf,59,
Tamarind (with seed),Spices and condiments,,Other_edible_grains,Special,,9.0,,"% by weight (max, unless noted)",AGMARK / Directorate of Marketing & Inspection,Volume-9 (Spices and condiments Compendium)-AGMARK.pdf,59,
Tamarind (with seed),Spices and condiments,,Damaged_grains,Special,,6.0,,"% by weight (max, unless noted)",AGMARK / Directorate of Marketing & Inspection,Volume-9 (Spices and condiments Compendium)-AGMARK.pdf,59,
Tamarind (with seed),Spices and condiments,,Additional_param_1,Special,,1.0,,"% by weight (max, unless noted)",AGMARK / Directorate of Marketing & Inspection,Volume-9 (Spices and condiments Compendium)-AGMARK.pdf,59,
Tamarind (with seed),Spices and condiments,,Additional_param_2,Special,,13.0,,"% by weight (max, unless noted)",AGMARK / Directorate of Marketing & Inspection,Volume-9 (Spices and condiments Compendium)-AGMARK.pdf,59,
Tamarind (with seed),Spices and condiments,,Moisture,Standard,,1.0,,"% by weight (max, unless noted)",AGMARK / Directorate of Marketing & Inspection,Volume-9 (Spices and condiments Compendium)-AGMARK.pdf,59,
Tamarind (with seed),Spices and condiments,,Foreign_matter_organic,Standard,,0.25,,"% by weight (max, unless noted)",AGMARK / Directorate of Marketing & Inspection,Volume-9 (Spices and condiments Compendium)-AGMARK.pdf,59,
Tamarind (with seed),Spices and condiments,,Foreign_matter_inorganic,Standard,,5.0,,"% by weight (max, unless noted)",AGMARK / Directorate of Marketing & Inspection,Volume-9 (Spices and condiments Compendium)-AGMARK.pdf,59,
Tamarind (with seed),Spices and condiments,,Other_edible_grains,Standard,,10.0,,"% by weight (max, unless noted)",AGMARK / Directorate of Marketing & Inspection,Volume-9 (Spices and condiments Compendium)-AGMARK.pdf,59,
Tamarind (with seed),Spices and condiments,,Damaged_grains,Standard,,8.0,,"% by weight (max, unless noted)",AGMARK / Directorate of Marketing & Inspection,Volume-9 (Spices and condiments Compendium)-AGMARK.pdf,59,
Tamarind (with seed),Spices and condiments,,Additional_param_1,Standard,,1.5,,"% by weight (max, unless noted)",AGMARK / Directorate of Marketing & Inspection,Volume-9 (Spices and condiments Compendium)-AGMARK.pdf,59,
Tamarind (with seed),Spices and condiments,,Additional_param_2,Standard,,12.0,,"% by weight (max, unless noted)",AGMARK / Directorate of Marketing & Inspection,Volume-9 (Spices and condiments Compendium)-AGMARK.pdf,59,
Tamarind (with seed),Spices and condiments,,Moisture,Special,,0.5,,"% by weight (max, unless noted)",AGMARK / Directorate of Marketing & Inspection,Volume-9 (Spices and condiments Compendium)-AGMARK.pdf,59,
Tamarind (with seed),Spices and condiments,,Foreign_matter_organic,Special,,0.2,,"% by weight (max, unless noted)",AGMARK / Directorate of Marketing & Inspection,Volume-9 (Spices and condiments Compendium)-AGMARK.pdf,59,
Tamarind (with seed),Spices and condiments,,Foreign_matter_inorganic,Special,,0.5,,"% by weight (max, unless noted)",AGMARK / Directorate of Marketing & Inspection,Volume-9 (Spices and condiments Compendium)-AGMARK.pdf,59,
Tamarind (with seed),Spices and condiments,,Other_edible_grains,Special,,4.0,,"% by weight (max, unless noted)",AGMARK / Directorate of Marketing & Inspection,Volume-9 (Spices and condiments Compendium)-AGMARK.pdf,59,
Tamarind (with seed),Spices and condiments,,Damaged_grains,Special,,0.5,,"% by weight (max, unless noted)",AGMARK / Directorate of Marketing & Inspection,Volume-9 (Spices and condiments Compendium)-AGMARK.pdf,59,
Tamarind (with seed),Spices and condiments,,Additional_param_1,Special,,35.0,,"% by weight (max, unless noted)",AGMARK / Directorate of Marketing & Inspection,Volume-9 (Spices and condiments Compendium)-AGMARK.pdf,59,
Tamarind (with seed),Spices and condiments,,Additional_param_2,Special,,15.0,,"% by weight (max, unless noted)",AGMARK / Directorate of Marketing & Inspection,Volume-9 (Spices and condiments Compendium)-AGMARK.pdf,59,
Tamarind (with seed),Spices and condiments,,Moisture,Standard,,1.5,,"% by weight (max, unless noted)",AGMARK / Directorate of Marketing & Inspection,Volume-9 (Spices and condiments Compendium)-AGMARK.pdf,59,
Tamarind (with seed),Spices and condiments,,Foreign_matter_organic,Standard,,0.4,,"% by weight (max, unless noted)",AGMARK / Directorate of Marketing & Inspection,Volume-9 (Spices and condiments Compendium)-AGMARK.pdf,59,
Tamarind (with seed),Spices and condiments,,Foreign_matter_inorganic,Standard,,1.0,,"% by weight (max, unless noted)",AGMARK / Directorate of Marketing & Inspection,Volume-9 (Spices and condiments Compendium)-AGMARK.pdf,59,
Tamarind (with seed),Spices and condiments,,Other_edible_grains,Standard,,5.0,,"% by weight (max, unless noted)",AGMARK / Directorate of Marketing & Inspection,Volume-9 (Spices and condiments Compendium)-AGMARK.pdf,59,
Tamarind (with seed),Spices and condiments,,Damaged_grains,Standard,,1.5,,"% by weight (max, unless noted)",AGMARK / Directorate of Marketing & Inspection,Volume-9 (Spices and condiments Compendium)-AGMARK.pdf,59,
Tamarind (with seed),Spices and condiments,,Additional_param_1,Standard,,30.0,,"% by weight (max, unless noted)",AGMARK / Directorate of Marketing & Inspection,Volume-9 (Spices and condiments Compendium)-AGMARK.pdf,59,
Tamarind (with seed),Spices and condiments,,Additional_param_2,Standard,,18.0,,"% by weight (max, unless noted)",AGMARK / Directorate of Marketing & Inspection,Volume-9 (Spices and condiments Compendium)-AGMARK.pdf,59,
Cloves (Laung) (Whole),Spices and condiments,,Moisture,Special,,0.5,,"% by weight (max, unless noted)",AGMARK / Directorate of Marketing & Inspection,Volume-9 (Spices and condiments Compendium)-AGMARK.pdf,111,
Cloves (Laung) (Whole),Spices and condiments,,Foreign_matter_organic,Special,,0.05,,"% by weight (max, unless noted)",AGMARK / Directorate of Marketing & Inspection,Volume-9 (Spices and condiments Compendium)-AGMARK.pdf,111,
Cloves (Laung) (Whole),Spices and condiments,,Foreign_matter_inorganic,Special,,1.0,,"% by weight (max, unless noted)",AGMARK / Directorate of Marketing & Inspection,Volume-9 (Spices and condiments Compendium)-AGMARK.pdf,111,
Cloves (Laung) (Whole),Spices and condiments,,Other_edible_grains,Special,,1.0,,"% by weight (max, unless noted)",AGMARK / Directorate of Marketing & Inspection,Volume-9 (Spices and condiments Compendium)-AGMARK.pdf,111,
Cloves (Laung) (Whole),Spices and condiments,,Damaged_grains,Special,,9.0,,"% by weight (max, unless noted)",AGMARK / Directorate of Marketing & Inspection,Volume-9 (Spices and condiments Compendium)-AGMARK.pdf,111,
Cloves (Laung) (Whole),Spices and condiments,,Additional_param_1,Special,,18.0,,"% by weight (max, unless noted)",AGMARK / Directorate of Marketing & Inspection,Volume-9 (Spices and condiments Compendium)-AGMARK.pdf,111,
Cloves (Laung) (Whole),Spices and condiments,,Additional_param_2,Special,,1.0,,"% by weight (max, unless noted)",AGMARK / Directorate of Marketing & Inspection,Volume-9 (Spices and condiments Compendium)-AGMARK.pdf,111,
Cloves (Laung) (Whole),Spices and condiments,,Moisture,Standard,,0.75,,"% by weight (max, unless noted)",AGMARK / Directorate of Marketing & Inspection,Volume-9 (Spices and condiments Compendium)-AGMARK.pdf,111,
Cloves (Laung) (Whole),Spices and condiments,,Foreign_matter_organic,Standard,,0.1,,"% by weight (max, unless noted)",AGMARK / Directorate of Marketing & Inspection,Volume-9 (Spices and condiments Compendium)-AGMARK.pdf,111,
Cloves (Laung) (Whole),Spices and condiments,,Foreign_matter_inorganic,Standard,,1.5,,"% by weight (max, unless noted)",AGMARK / Directorate of Marketing & Inspection,Volume-9 (Spices and condiments Compendium)-AGMARK.pdf,111,
Cloves (Laung) (Whole),Spices and condiments,,Other_edible_grains,Standard,,1.5,,"% by weight (max, unless noted)",AGMARK / Directorate of Marketing & Inspection,Volume-9 (Spices and condiments Compendium)-AGMARK.pdf,111,
Cloves (Laung) (Whole),Spices and condiments,,Damaged_grains,Standard,,10.0,,"% by weight (max, unless noted)",AGMARK / Directorate of Marketing & Inspection,Volume-9 (Spices and condiments Compendium)-AGMARK.pdf,111,
Cloves (Laung) (Whole),Spices and condiments,,Additional_param_1,Standard,,17.5,,"% by weight (max, unless noted)",AGMARK / Directorate of Marketing & Inspection,Volume-9 (Spices and condiments Compendium)-AGMARK.pdf,111,
Cloves (Laung) (Whole),Spices and condiments,,Additional_param_2,Standard,,1.5,,"% by weight (max, unless noted)",AGMARK / Directorate of Marketing & Inspection,Volume-9 (Spices and condiments Compendium)-AGMARK.pdf,111,
Cloves (Laung) (Whole),Spices and condiments,,Moisture,General,,0.75,,"% by weight (max, unless noted)",AGMARK / Directorate of Marketing & Inspection,Volume-9 (Spices and condiments Compendium)-AGMARK.pdf,111,
Cloves (Laung) (Whole),Spices and condiments,,Foreign_matter_organic,General,,0.25,,"% by weight (max, unless noted)",AGMARK / Directorate of Marketing & Inspection,Volume-9 (Spices and condiments Compendium)-AGMARK.pdf,111,
Cloves (Laung) (Whole),Spices and condiments,,Foreign_matter_inorganic,General,,2.0,,"% by weight (max, unless noted)",AGMARK / Directorate of Marketing & Inspection,Volume-9 (Spices and condiments Compendium)-AGMARK.pdf,111,
Cloves (Laung) (Whole),Spices and condiments,,Other_edible_grains,General,,2.0,,"% by weight (max, unless noted)",AGMARK / Directorate of Marketing & Inspection,Volume-9 (Spices and condiments Compendium)-AGMARK.pdf,111,
Cloves (Laung) (Whole),Spices and condiments,,Damaged_grains,General,,11.0,,"% by weight (max, unless noted)",AGMARK / Directorate of Marketing & Inspection,Volume-9 (Spices and condiments Compendium)-AGMARK.pdf,111,
Cloves (Laung) (Whole),Spices and condiments,,Additional_param_1,General,,17.0,,"% by weight (max, unless noted)",AGMARK / Directorate of Marketing & Inspection,Volume-9 (Spices and condiments Compendium)-AGMARK.pdf,111,
Cloves (Laung) (Whole),Spices and condiments,,Additional_param_2,General,,2.0,,"% by weight (max, unless noted)",AGMARK / Directorate of Marketing & Inspection,Volume-9 (Spices and condiments Compendium)-AGMARK.pdf,111,
Cloves (Laung) (Powder),Spices and condiments,,Moisture,Special,,8.0,,"% by weight (max, unless noted)",AGMARK / Directorate of Marketing & Inspection,Volume-9 (Spices and condiments Compendium)-AGMARK.pdf,112,
Cloves (Laung) (Powder),Spices and condiments,,Foreign_matter_organic,Special,,6.0,,"% by weight (max, unless noted)",AGMARK / Directorate of Marketing & Inspection,Volume-9 (Spices and condiments Compendium)-AGMARK.pdf,112,
Cloves (Laung) (Powder),Spices and condiments,,Foreign_matter_inorganic,Special,,0.3,,"% by weight (max, unless noted)",AGMARK / Directorate of Marketing & Inspection,Volume-9 (Spices and condiments Compendium)-AGMARK.pdf,112,
Cloves (Laung) (Powder),Spices and condiments,,Other_edible_grains,Special,,17.0,,"% by weight (max, unless noted)",AGMARK / Directorate of Marketing & Inspection,Volume-9 (Spices and condiments Compendium)-AGMARK.pdf,112,
Cloves (Laung) (Powder),Spices and condiments,,Damaged_grains,Special,,11.0,,"% by weight (max, unless noted)",AGMARK / Directorate of Marketing & Inspection,Volume-9 (Spices and condiments Compendium)-AGMARK.pdf,112,
Cloves (Laung) (Powder),Spices and condiments,,Moisture,Standard,,10.0,,"% by weight (max, unless noted)",AGMARK / Directorate of Marketing & Inspection,Volume-9 (Spices and condiments Compendium)-AGMARK.pdf,112,
Cloves (Laung) (Powder),Spices and condiments,,Foreign_matter_organic,Standard,,7.0,,"% by weight (max, unless noted)",AGMARK / Directorate of Marketing & Inspection,Volume-9 (Spices and condiments Compendium)-AGMARK.pdf,112,
Cloves (Laung) (Powder),Spices and condiments,,Foreign_matter_inorganic,Standard,,0.5,,"% by weight (max, unless noted)",AGMARK / Directorate of Marketing & Inspection,Volume-9 (Spices and condiments Compendium)-AGMARK.pdf,112,
Cloves (Laung) (Powder),Spices and condiments,,Other_edible_grains,Standard,,16.0,,"% by weight (max, unless noted)",AGMARK / Directorate of Marketing & Inspection,Volume-9 (Spices and condiments Compendium)-AGMARK.pdf,112,
Cloves (Laung) (Powder),Spices and condiments,,Damaged_grains,Standard,,13.0,,"% by weight (max, unless noted)",AGMARK / Directorate of Marketing & Inspection,Volume-9 (Spices and condiments Compendium)-AGMARK.pdf,112,
Caraway Seed (Whole) (Siah Jeera),Spices and condiments,,Moisture,Special,,0.5,,"% by weight (max, unless noted)",AGMARK / Directorate of Marketing & Inspection,Volume-9 (Spices and condiments Compendium)-AGMARK.pdf,113,
Caraway Seed (Whole) (Siah Jeera),Spices and condiments,,Foreign_matter_organic,Special,,0.2,,"% by weight (max, unless noted)",AGMARK / Directorate of Marketing & Inspection,Volume-9 (Spices and condiments Compendium)-AGMARK.pdf,113,
Caraway Seed (Whole) (Siah Jeera),Spices and condiments,,Foreign_matter_inorganic,Special,,8.0,,"% by weight (max, unless noted)",AGMARK / Directorate of Marketing & Inspection,Volume-9 (Spices and condiments Compendium)-AGMARK.pdf,113,
Caraway Seed (Whole) (Siah Jeera),Spices and condiments,,Other_edible_grains,Special,,7.0,,"% by weight (max, unless noted)",AGMARK / Directorate of Marketing & Inspection,Volume-9 (Spices and condiments Compendium)-AGMARK.pdf,113,
Caraway Seed (Whole) (Siah Jeera),Spices and condiments,,Damaged_grains,Special,,1.0,,"% by weight (max, unless noted)",AGMARK / Directorate of Marketing & Inspection,Volume-9 (Spices and condiments Compendium)-AGMARK.pdf,113,
Caraway Seed (Whole) (Siah Jeera),Spices and condiments,,Additional_param_1,Special,,3.0,,"% by weight (max, unless noted)",AGMARK / Directorate of Marketing & Inspection,Volume-9 (Spices and condiments Compendium)-AGMARK.pdf,113,
Caraway Seed (Whole) (Siah Jeera),Spices and condiments,,Additional_param_2,Special,,0.5,,"% by weight (max, unless noted)",AGMARK / Directorate of Marketing & Inspection,Volume-9 (Spices and condiments Compendium)-AGMARK.pdf,113,
Caraway Seed (Whole) (Siah Jeera),Spices and condiments,,Moisture,Standard,,0.75,,"% by weight (max, unless noted)",AGMARK / Directorate of Marketing & Inspection,Volume-9 (Spices and condiments Compendium)-AGMARK.pdf,113,
Caraway Seed (Whole) (Siah Jeera),Spices and condiments,,Foreign_matter_organic,Standard,,0.25,,"% by weight (max, unless noted)",AGMARK / Directorate of Marketing & Inspection,Volume-9 (Spices and condiments Compendium)-AGMARK.pdf,113,
Caraway Seed (Whole) (Siah Jeera),Spices and condiments,,Foreign_matter_inorganic,Standard,,10.0,,"% by weight (max, unless noted)",AGMARK / Directorate of Marketing & Inspection,Volume-9 (Spices and condiments Compendium)-AGMARK.pdf,113,
Caraway Seed (Whole) (Siah Jeera),Spices and condiments,,Other_edible_grains,Standard,,8.0,,"% by weight (max, unless noted)",AGMARK / Directorate of Marketing & Inspection,Volume-9 (Spices and condiments Compendium)-AGMARK.pdf,113,
Caraway Seed (Whole) (Siah Jeera),Spices and condiments,,Damaged_grains,Standard,,1.5,,"% by weight (max, unless noted)",AGMARK / Directorate of Marketing & Inspection,Volume-9 (Spices and condiments Compendium)-AGMARK.pdf,113,
Caraway Seed (Whole) (Siah Jeera),Spices and condiments,,Additional_param_1,Standard,,2.5,,"% by weight (max, unless noted)",AGMARK / Directorate of Marketing & Inspection,Volume-9 (Spices and condiments Compendium)-AGMARK.pdf,113,
Caraway Seed (Whole) (Siah Jeera),Spices and condiments,,Additional_param_2,Standard,,1.0,,"% by weight (max, unless noted)",AGMARK / Directorate of Marketing & Inspection,Volume-9 (Spices and condiments Compendium)-AGMARK.pdf,113,
Caraway Seed (Powder) (Siah Jeera Powder),Spices and condiments,,Moisture,Special,,10.0,,"% by weight (max, unless noted)",AGMARK / Directorate of Marketing & Inspection,Volume-9 (Spices and condiments Compendium)-AGMARK.pdf,114,
Caraway Seed (Powder) (Siah Jeera Powder),Spices and condiments,,Foreign_matter_organic,Special,,7.0,,"% by weight (max, unless noted)",AGMARK / Directorate of Marketing & Inspection,Volume-9 (Spices and condiments Compendium)-AGMARK.pdf,114,
Caraway Seed (Powder) (Siah Jeera Powder),Spices and condiments,,Foreign_matter_inorganic,Special,,1.0,,"% by weight (max, unless noted)",AGMARK / Directorate of Marketing & Inspection,Volume-9 (Spices and condiments Compendium)-AGMARK.pdf,114,
Caraway Seed (Powder) (Siah Jeera Powder),Spices and condiments,,Other_edible_grains,Special,,2.5,,"% by weight (max, unless noted)",AGMARK / Directorate of Marketing & Inspection,Volume-9 (Spices and condiments Compendium)-AGMARK.pdf,114,
Caraway Seed (Powder) (Siah Jeera Powder),Spices and condiments,,Moisture,Standard,,12.0,,"% by weight (max, unless noted)",AGMARK / Directorate of Marketing & Inspection,Volume-9 (Spices and condiments Compendium)-AGMARK.pdf,114,
Caraway Seed (Powder) (Siah Jeera Powder),Spices and condiments,,Foreign_matter_organic,Standard,,8.0,,"% by weight (max, unless noted)",AGMARK / Directorate of Marketing & Inspection,Volume-9 (Spices and condiments Compendium)-AGMARK.pdf,114,
Caraway Seed (Powder) (Siah Jeera Powder),Spices and condiments,,Foreign_matter_inorganic,Standard,,1.5,,"% by weight (max, unless noted)",AGMARK / Directorate of Marketing & Inspection,Volume-9 (Spices and condiments Compendium)-AGMARK.pdf,114,
Caraway Seed (Powder) (Siah Jeera Powder),Spices and condiments,,Other_edible_grains,Standard,,2.25,,"% by weight (max, unless noted)",AGMARK / Directorate of Marketing & Inspection,Volume-9 (Spices and condiments Compendium)-AGMARK.pdf,114,
Black Caraway Seed (Whole),Spices and condiments,,Moisture,Special,,0.5,,"% by weight (max, unless noted)",AGMARK / Directorate of Marketing & Inspection,Volume-9 (Spices and condiments Compendium)-AGMARK.pdf,115,
Black Caraway Seed (Whole),Spices and condiments,,Foreign_matter_organic,Special,,0.1,,"% by weight (max, unless noted)",AGMARK / Directorate of Marketing & Inspection,Volume-9 (Spices and condiments Compendium)-AGMARK.pdf,115,
Black Caraway Seed (Whole),Spices and condiments,,Foreign_matter_inorganic,Special,,8.0,,"% by weight (max, unless noted)",AGMARK / Directorate of Marketing & Inspection,Volume-9 (Spices and condiments Compendium)-AGMARK.pdf,115,
Black Caraway Seed (Whole),Spices and condiments,,Other_edible_grains,Special,,8.0,,"% by weight (max, unless noted)",AGMARK / Directorate of Marketing & Inspection,Volume-9 (Spices and condiments Compendium)-AGMARK.pdf,115,
Black Caraway Seed (Whole),Spices and condiments,,Damaged_grains,Special,,1.5,,"% by weight (max, unless noted)",AGMARK / Directorate of Marketing & Inspection,Volume-9 (Spices and condiments Compendium)-AGMARK.pdf,115,
Black Caraway Seed (Whole),Spices and condiments,,Additional_param_1,Special,,2.0,,"% by weight (max, unless noted)",AGMARK / Directorate of Marketing & Inspection,Volume-9 (Spices and condiments Compendium)-AGMARK.pdf,115,
Black Caraway Seed (Whole),Spices and condiments,,Additional_param_2,Special,,0.5,,"% by weight (max, unless noted)",AGMARK / Directorate of Marketing & Inspection,Volume-9 (Spices and condiments Compendium)-AGMARK.pdf,115,
Black Caraway Seed (Whole),Spices and condiments,,Moisture,Standard,,0.75,,"% by weight (max, unless noted)",AGMARK / Directorate of Marketing & Inspection,Volume-9 (Spices and condiments Compendium)-AGMARK.pdf,115,
Black Caraway Seed (Whole),Spices and condiments,,Foreign_matter_organic,Standard,,0.25,,"% by weight (max, unless noted)",AGMARK / Directorate of Marketing & Inspection,Volume-9 (Spices and condiments Compendium)-AGMARK.pdf,115,
Black Caraway Seed (Whole),Spices and condiments,,Foreign_matter_inorganic,Standard,,10.0,,"% by weight (max, unless noted)",AGMARK / Directorate of Marketing & Inspection,Volume-9 (Spices and condiments Compendium)-AGMARK.pdf,115,
Black Caraway Seed (Whole),Spices and condiments,,Other_edible_grains,Standard,,9.0,,"% by weight (max, unless noted)",AGMARK / Directorate of Marketing & Inspection,Volume-9 (Spices and condiments Compendium)-AGMARK.pdf,115,
Black Caraway Seed (Whole),Spices and condiments,,Damaged_grains,Standard,,2.0,,"% by weight (max, unless noted)",AGMARK / Directorate of Marketing & Inspection,Volume-9 (Spices and condiments Compendium)-AGMARK.pdf,115,
Black Caraway Seed (Whole),Spices and condiments,,Additional_param_1,Standard,,1.5,,"% by weight (max, unless noted)",AGMARK / Directorate of Marketing & Inspection,Volume-9 (Spices and condiments Compendium)-AGMARK.pdf,115,
Black Caraway Seed (Whole),Spices and condiments,,Additional_param_2,Standard,,1.0,,"% by weight (max, unless noted)",AGMARK / Directorate of Marketing & Inspection,Volume-9 (Spices and condiments Compendium)-AGMARK.pdf,115,
Black Caraway Seed (Powder),Spices and condiments,,Moisture,Special,,8.0,,"% by weight (max, unless noted)",AGMARK / Directorate of Marketing & Inspection,Volume-9 (Spices and condiments Compendium)-AGMARK.pdf,116,
Black Caraway Seed (Powder),Spices and condiments,,Foreign_matter_organic,Special,,7.0,,"% by weight (max, unless noted)",AGMARK / Directorate of Marketing & Inspection,Volume-9 (Spices and condiments Compendium)-AGMARK.pdf,116,
Black Caraway Seed (Powder),Spices and condiments,,Foreign_matter_inorganic,Special,,1.0,,"% by weight (max, unless noted)",AGMARK / Directorate of Marketing & Inspection,Volume-9 (Spices and condiments Compendium)-AGMARK.pdf,116,
Black Caraway Seed (Powder),Spices and condiments,,Other_edible_grains,Special,,3.0,,"% by weight (max, unless noted)",AGMARK / Directorate of Marketing & Inspection,Volume-9 (Spices and condiments Compendium)-AGMARK.pdf,116,
Black Caraway Seed (Powder),Spices and condiments,,Moisture,Standard,,10.0,,"% by weight (max, unless noted)",AGMARK / Directorate of Marketing & Inspection,Volume-9 (Spices and condiments Compendium)-AGMARK.pdf,116,
Black Caraway Seed (Powder),Spices and condiments,,Foreign_matter_organic,Standard,,8.0,,"% by weight (max, unless noted)",AGMARK / Directorate of Marketing & Inspection,Volume-9 (Spices and condiments Compendium)-AGMARK.pdf,116,
Black Caraway Seed (Powder),Spices and condiments,,Foreign_matter_inorganic,Standard,,1.5,,"% by weight (max, unless noted)",AGMARK / Directorate of Marketing & Inspection,Volume-9 (Spices and condiments Compendium)-AGMARK.pdf,116,
Black Caraway Seed (Powder),Spices and condiments,,Other_edible_grains,Standard,,2.5,,"% by weight (max, unless noted)",AGMARK / Directorate of Marketing & Inspection,Volume-9 (Spices and condiments Compendium)-AGMARK.pdf,116,
Ajowan Seed (Whole),Spices and condiments,,Moisture,Special,,1.0,,"% by weight (max, unless noted)",AGMARK / Directorate of Marketing & Inspection,Volume-9 (Spices and condiments Compendium)-AGMARK.pdf,117,
Ajowan Seed (Whole),Spices and condiments,,Foreign_matter_organic,Special,,0.1,,"% by weight (max, unless noted)",AGMARK / Directorate of Marketing & Inspection,Volume-9 (Spices and condiments Compendium)-AGMARK.pdf,117,
Ajowan Seed (Whole),Spices and condiments,,Foreign_matter_inorganic,Special,,1.0,,"% by weight (max, unless noted)",AGMARK / Directorate of Marketing & Inspection,Volume-9 (Spices and condiments Compendium)-AGMARK.pdf,117,
Ajowan Seed (Whole),Spices and condiments,,Other_edible_grains,Special,,8.0,,"% by weight (max, unless noted)",AGMARK / Directorate of Marketing & Inspection,Volume-9 (Spices and condiments Compendium)-AGMARK.pdf,117,
Ajowan Seed (Whole),Spices and condiments,,Damaged_grains,Special,,4.0,,"% by weight (max, unless noted)",AGMARK / Directorate of Marketing & Inspection,Volume-9 (Spices and condiments Compendium)-AGMARK.pdf,117,
Ajowan Seed (Whole),Spices and condiments,,Moisture,Standard,,1.5,,"% by weight (max, unless noted)",AGMARK / Directorate of Marketing & Inspection,Volume-9 (Spices and condiments Compendium)-AGMARK.pdf,117,
Ajowan Seed (Whole),Spices and condiments,,Foreign_matter_organic,Standard,,0.15,,"% by weight (max, unless noted)",AGMARK / Directorate of Marketing & Inspection,Volume-9 (Spices and condiments Compendium)-AGMARK.pdf,117,
Ajowan Seed (Whole),Spices and condiments,,Foreign_matter_inorganic,Standard,,1.5,,"% by weight (max, unless noted)",AGMARK / Directorate of Marketing & Inspection,Volume-9 (Spices and condiments Compendium)-AGMARK.pdf,117,
Ajowan Seed (Whole),Spices and condiments,,Other_edible_grains,Standard,,9.0,,"% by weight (max, unless noted)",AGMARK / Directorate of Marketing & Inspection,Volume-9 (Spices and condiments Compendium)-AGMARK.pdf,117,
Ajowan Seed (Whole),Spices and condiments,,Damaged_grains,Standard,,3.0,,"% by weight (max, unless noted)",AGMARK / Directorate of Marketing & Inspection,Volume-9 (Spices and condiments Compendium)-AGMARK.pdf,117,
Ajowan Seed (Whole),Spices and condiments,,Moisture,General,,1.75,,"% by weight (max, unless noted)",AGMARK / Directorate of Marketing & Inspection,Volume-9 (Spices and condiments Compendium)-AGMARK.pdf,117,
Ajowan Seed (Whole),Spices and condiments,,Foreign_matter_organic,General,,0.25,,"% by weight (max, unless noted)",AGMARK / Directorate of Marketing & Inspection,Volume-9 (Spices and condiments Compendium)-AGMARK.pdf,117,
Ajowan Seed (Whole),Spices and condiments,,Foreign_matter_inorganic,General,,2.0,,"% by weight (max, unless noted)",AGMARK / Directorate of Marketing & Inspection,Volume-9 (Spices and condiments Compendium)-AGMARK.pdf,117,
Ajowan Seed (Whole),Spices and condiments,,Other_edible_grains,General,,10.0,,"% by weight (max, unless noted)",AGMARK / Directorate of Marketing & Inspection,Volume-9 (Spices and condiments Compendium)-AGMARK.pdf,117,
Ajowan Seed (Whole),Spices and condiments,,Damaged_grains,General,,2.0,,"% by weight (max, unless noted)",AGMARK / Directorate of Marketing & Inspection,Volume-9 (Spices and condiments Compendium)-AGMARK.pdf,117,
Ajowan Seed (Powder),Spices and condiments,,Moisture,Special,,8.0,,"% by weight (max, unless noted)",AGMARK / Directorate of Marketing & Inspection,Volume-9 (Spices and condiments Compendium)-AGMARK.pdf,118,
Ajowan Seed (Powder),Spices and condiments,,Foreign_matter_organic,Special,,0.5,,"% by weight (max, unless noted)",AGMARK / Directorate of Marketing & Inspection,Volume-9 (Spices and condiments Compendium)-AGMARK.pdf,118,
Ajowan Seed (Powder),Spices and condiments,,Foreign_matter_inorganic,Special,,20.0,,"% by weight (max, unless noted)",AGMARK / Directorate of Marketing & Inspection,Volume-9 (Spices and condiments Compendium)-AGMARK.pdf,118,
Ajowan Seed (Powder),Spices and condiments,,Other_edible_grains,Special,,14.0,,"% by weight (max, unless noted)",AGMARK / Directorate of Marketing & Inspection,Volume-9 (Spices and condiments Compendium)-AGMARK.pdf,118,
Ajowan Seed (Powder),Spices and condiments,,Damaged_grains,Special,,8.0,,"% by weight (max, unless noted)",AGMARK / Directorate of Marketing & Inspection,Volume-9 (Spices and condiments Compendium)-AGMARK.pdf,118,
Ajowan Seed (Powder),Spices and condiments,,Additional_param_1,Special,,3.5,,"% by weight (max, unless noted)",AGMARK / Directorate of Marketing & Inspection,Volume-9 (Spices and condiments Compendium)-AGMARK.pdf,118,
Ajowan Seed (Powder),Spices and condiments,,Moisture,Standard,,9.0,,"% by weight (max, unless noted)",AGMARK / Directorate of Marketing & Inspection,Volume-9 (Spices and condiments Compendium)-AGMARK.pdf,118,
Ajowan Seed (Powder),Spices and condiments,,Foreign_matter_organic,Standard,,1.0,,"% by weight (max, unless noted)",AGMARK / Directorate of Marketing & Inspection,Volume-9 (Spices and condiments Compendium)-AGMARK.pdf,118,
Ajowan Seed (Powder),Spices and condiments,,Foreign_matter_inorganic,Standard,,15.0,,"% by weight (max, unless noted)",AGMARK / Directorate of Marketing & Inspection,Volume-9 (Spices and condiments Compendium)-AGMARK.pdf,118,
Ajowan Seed (Powder),Spices and condiments,,Other_edible_grains,Standard,,18.0,,"% by weight (max, unless noted)",AGMARK / Directorate of Marketing & Inspection,Volume-9 (Spices and condiments Compendium)-AGMARK.pdf,118,
Ajowan Seed (Powder),Spices and condiments,,Damaged_grains,Standard,,9.0,,"% by weight (max, unless noted)",AGMARK / Directorate of Marketing & Inspection,Volume-9 (Spices and condiments Compendium)-AGMARK.pdf,118,
Ajowan Seed (Powder),Spices and condiments,,Additional_param_1,Standard,,2.0,,"% by weight (max, unless noted)",AGMARK / Directorate of Marketing & Inspection,Volume-9 (Spices and condiments Compendium)-AGMARK.pdf,118,
Ajowan Seed (Powder),Spices and condiments,,Moisture,General,,10.0,,"% by weight (max, unless noted)",AGMARK / Directorate of Marketing & Inspection,Volume-9 (Spices and condiments Compendium)-AGMARK.pdf,118,
Ajowan Seed (Powder),Spices and condiments,,Foreign_matter_organic,General,,1.5,,"% by weight (max, unless noted)",AGMARK / Directorate of Marketing & Inspection,Volume-9 (Spices and condiments Compendium)-AGMARK.pdf,118,
Ajowan Seed (Powder),Spices and condiments,,Foreign_matter_inorganic,General,,10.0,,"% by weight (max, unless noted)",AGMARK / Directorate of Marketing & Inspection,Volume-9 (Spices and condiments Compendium)-AGMARK.pdf,118,
Ajowan Seed (Powder),Spices and condiments,,Other_edible_grains,General,,20.0,,"% by weight (max, unless noted)",AGMARK / Directorate of Marketing & Inspection,Volume-9 (Spices and condiments Compendium)-AGMARK.pdf,118,
Ajowan Seed (Powder),Spices and condiments,,Damaged_grains,General,,10.0,,"% by weight (max, unless noted)",AGMARK / Directorate of Marketing & Inspection,Volume-9 (Spices and condiments Compendium)-AGMARK.pdf,118,
Ajowan Seed (Powder),Spices and condiments,,Additional_param_1,General,,1.0,,"% by weight (max, unless noted)",AGMARK / Directorate of Marketing & Inspection,Volume-9 (Spices and condiments Compendium)-AGMARK.pdf,118,
White Pepper (Whole),Spices and condiments,,Moisture,Special,,0.2,,"% by weight (max, unless noted)",AGMARK / Directorate of Marketing & Inspection,Volume-9 (Spices and condiments Compendium)-AGMARK.pdf,119,
White Pepper (Whole),Spices and condiments,,Foreign_matter_organic,Special,,0.5,,"% by weight (max, unless noted)",AGMARK / Directorate of Marketing & Inspection,Volume-9 (Spices and condiments Compendium)-AGMARK.pdf,119,
White Pepper (Whole),Spices and condiments,,Foreign_matter_inorganic,Special,,1.0,,"% by weight (max, unless noted)",AGMARK / Directorate of Marketing & Inspection,Volume-9 (Spices and condiments Compendium)-AGMARK.pdf,119,
White Pepper (Whole),Spices and condiments,,Other_edible_grains,Special,,11.0,,"% by weight (max, unless noted)",AGMARK / Directorate of Marketing & Inspection,Volume-9 (Spices and condiments Compendium)-AGMARK.pdf,119,
White Pepper (Whole),Spices and condiments,,Damaged_grains,Special,,2.0,,"% by weight (max, unless noted)",AGMARK / Directorate of Marketing & Inspection,Volume-9 (Spices and condiments Compendium)-AGMARK.pdf,119,
White Pepper (Whole),Spices and condiments,,Additional_param_1,Special,,7.5,,"% by weight (max, unless noted)",AGMARK / Directorate of Marketing & Inspection,Volume-9 (Spices and condiments Compendium)-AGMARK.pdf,119,
White Pepper (Whole),Spices and condiments,,Additional_param_2,Special,,5.0,,"% by weight (max, unless noted)",AGMARK / Directorate of Marketing & Inspection,Volume-9 (Spices and condiments Compendium)-AGMARK.pdf,119,
White Pepper (Whole),Spices and condiments,,Moisture,Standard,,0.4,,"% by weight (max, unless noted)",AGMARK / Directorate of Marketing & Inspection,Volume-9 (Spices and condiments Compendium)-AGMARK.pdf,119,
White Pepper (Whole),Spices and condiments,,Foreign_matter_organic,Standard,,2.0,,"% by weight (max, unless noted)",AGMARK / Directorate of Marketing & Inspection,Volume-9 (Spices and condiments Compendium)-AGMARK.pdf,119,
White Pepper (Whole),Spices and condiments,,Foreign_matter_inorganic,Standard,,2.0,,"% by weight (max, unless noted)",AGMARK / Directorate of Marketing & Inspection,Volume-9 (Spices and condiments Compendium)-AGMARK.pdf,119,
White Pepper (Whole),Spices and condiments,,Other_edible_grains,Standard,,0.5,,"% by weight (max, unless noted)",AGMARK / Directorate of Marketing & Inspection,Volume-9 (Spices and condiments Compendium)-AGMARK.pdf,119,
White Pepper (Whole),Spices and condiments,,Damaged_grains,Standard,,12.0,,"% by weight (max, unless noted)",AGMARK / Directorate of Marketing & Inspection,Volume-9 (Spices and condiments Compendium)-AGMARK.pdf,119,
White Pepper (Whole),Spices and condiments,,Additional_param_1,Standard,,3.0,,"% by weight (max, unless noted)",AGMARK / Directorate of Marketing & Inspection,Volume-9 (Spices and condiments Compendium)-AGMARK.pdf,119,
White Pepper (Whole),Spices and condiments,,Additional_param_2,Standard,,7.0,,"% by weight (max, unless noted)",AGMARK / Directorate of Marketing & Inspection,Volume-9 (Spices and condiments Compendium)-AGMARK.pdf,119,
White Pepper (Whole),Spices and condiments,,Moisture,General,,0.8,,"% by weight (max, unless noted)",AGMARK / Directorate of Marketing & Inspection,Volume-9 (Spices and condiments Compendium)-AGMARK.pdf,119,
White Pepper (Whole),Spices and condiments,,Foreign_matter_organic,General,,3.0,,"% by weight (max, unless noted)",AGMARK / Directorate of Marketing & Inspection,Volume-9 (Spices and condiments Compendium)-AGMARK.pdf,119,
White Pepper (Whole),Spices and condiments,,Foreign_matter_inorganic,General,,5.0,,"% by weight (max, unless noted)",AGMARK / Directorate of Marketing & Inspection,Volume-9 (Spices and condiments Compendium)-AGMARK.pdf,119,
White Pepper (Whole),Spices and condiments,,Other_edible_grains,General,,1.0,,"% by weight (max, unless noted)",AGMARK / Directorate of Marketing & Inspection,Volume-9 (Spices and condiments Compendium)-AGMARK.pdf,119,
White Pepper (Whole),Spices and condiments,,Damaged_grains,General,,13.0,,"% by weight (max, unless noted)",AGMARK / Directorate of Marketing & Inspection,Volume-9 (Spices and condiments Compendium)-AGMARK.pdf,119,
White Pepper (Whole),Spices and condiments,,Additional_param_1,General,,3.5,,"% by weight (max, unless noted)",AGMARK / Directorate of Marketing & Inspection,Volume-9 (Spices and condiments Compendium)-AGMARK.pdf,119,
White Pepper (Whole),Spices and condiments,,Additional_param_2,General,,6.5,,"% by weight (max, unless noted)",AGMARK / Directorate of Marketing & Inspection,Volume-9 (Spices and condiments Compendium)-AGMARK.pdf,119,
White pepper (powder) TABLE,Spices and condiments,,Moisture,Special,,11.0,,"% by weight (max, unless noted)",AGMARK / Directorate of Marketing & Inspection,Volume-9 (Spices and condiments Compendium)-AGMARK.pdf,120,
White pepper (powder) TABLE,Spices and condiments,,Foreign_matter_organic,Special,,2.5,,"% by weight (max, unless noted)",AGMARK / Directorate of Marketing & Inspection,Volume-9 (Spices and condiments Compendium)-AGMARK.pdf,120,
White pepper (powder) TABLE,Spices and condiments,,Foreign_matter_inorganic,Special,,0.2,,"% by weight (max, unless noted)",AGMARK / Directorate of Marketing & Inspection,Volume-9 (Spices and condiments Compendium)-AGMARK.pdf,120,
White pepper (powder) TABLE,Spices and condiments,,Other_edible_grains,Special,,7.5,,"% by weight (max, unless noted)",AGMARK / Directorate of Marketing & Inspection,Volume-9 (Spices and condiments Compendium)-AGMARK.pdf,120,
White pepper (powder) TABLE,Spices and condiments,,Damaged_grains,Special,,4.5,,"% by weight (max, unless noted)",AGMARK / Directorate of Marketing & Inspection,Volume-9 (Spices and condiments Compendium)-AGMARK.pdf,120,
White pepper (powder) TABLE,Spices and condiments,,Additional_param_1,Special,,5.0,,"% by weight (max, unless noted)",AGMARK / Directorate of Marketing & Inspection,Volume-9 (Spices and condiments Compendium)-AGMARK.pdf,120,
White pepper (powder) TABLE,Spices and condiments,,Additional_param_2,Special,,1.0,,"% by weight (max, unless noted)",AGMARK / Directorate of Marketing & Inspection,Volume-9 (Spices and condiments Compendium)-AGMARK.pdf,120,
White pepper (powder) TABLE,Spices and condiments,,Moisture,Standard,,12.0,,"% by weight (max, unless noted)",AGMARK / Directorate of Marketing & Inspection,Volume-9 (Spices and condiments Compendium)-AGMARK.pdf,120,
White pepper (powder) TABLE,Spices and condiments,,Foreign_matter_organic,Standard,,3.0,,"% by weight (max, unless noted)",AGMARK / Directorate of Marketing & Inspection,Volume-9 (Spices and condiments Compendium)-AGMARK.pdf,120,
White pepper (powder) TABLE,Spices and condiments,,Foreign_matter_inorganic,Standard,,0.3,,"% by weight (max, unless noted)",AGMARK / Directorate of Marketing & Inspection,Volume-9 (Spices and condiments Compendium)-AGMARK.pdf,120,
White pepper (powder) TABLE,Spices and condiments,,Other_edible_grains,Standard,,7.0,,"% by weight (max, unless noted)",AGMARK / Directorate of Marketing & Inspection,Volume-9 (Spices and condiments Compendium)-AGMARK.pdf,120,
White pepper (powder) TABLE,Spices and condiments,,Damaged_grains,Standard,,6.0,,"% by weight (max, unless noted)",AGMARK / Directorate of Marketing & Inspection,Volume-9 (Spices and condiments Compendium)-AGMARK.pdf,120,
White pepper (powder) TABLE,Spices and condiments,,Additional_param_1,Standard,,4.5,,"% by weight (max, unless noted)",AGMARK / Directorate of Marketing & Inspection,Volume-9 (Spices and condiments Compendium)-AGMARK.pdf,120,
White pepper (powder) TABLE,Spices and condiments,,Additional_param_2,Standard,,0.8,,"% by weight (max, unless noted)",AGMARK / Directorate of Marketing & Inspection,Volume-9 (Spices and condiments Compendium)-AGMARK.pdf,120,
White pepper (powder) TABLE,Spices and condiments,,Moisture,General,,13.0,,"% by weight (max, unless noted)",AGMARK / Directorate of Marketing & Inspection,Volume-9 (Spices and condiments Compendium)-AGMARK.pdf,120,
White pepper (powder) TABLE,Spices and condiments,,Foreign_matter_organic,General,,3.5,,"% by weight (max, unless noted)",AGMARK / Directorate of Marketing & Inspection,Volume-9 (Spices and condiments Compendium)-AGMARK.pdf,120,
White pepper (powder) TABLE,Spices and condiments,,Foreign_matter_inorganic,General,,0.3,,"% by weight (max, unless noted)",AGMARK / Directorate of Marketing & Inspection,Volume-9 (Spices and condiments Compendium)-AGMARK.pdf,120,
White pepper (powder) TABLE,Spices and condiments,,Other_edible_grains,General,,6.5,,"% by weight (max, unless noted)",AGMARK / Directorate of Marketing & Inspection,Volume-9 (Spices and condiments Compendium)-AGMARK.pdf,120,
White pepper (powder) TABLE,Spices and condiments,,Damaged_grains,General,,6.5,,"% by weight (max, unless noted)",AGMARK / Directorate of Marketing & Inspection,Volume-9 (Spices and condiments Compendium)-AGMARK.pdf,120,
White pepper (powder) TABLE,Spices and condiments,,Additional_param_1,General,,4.0,,"% by weight (max, unless noted)",AGMARK / Directorate of Marketing & Inspection,Volume-9 (Spices and condiments Compendium)-AGMARK.pdf,120,
White pepper (powder) TABLE,Spices and condiments,,Additional_param_2,General,,0.7,,"% by weight (max, unless noted)",AGMARK / Directorate of Marketing & Inspection,Volume-9 (Spices and condiments Compendium)-AGMARK.pdf,120,
Table Grapes,Fruits and Vegetables,,Overall grade characteristics,Extra class,,,(i) Grapes must be of superior quality and the,qualitative,AGMARK / Directorate of Marketing & Inspection,Volume-5 (Fruits and Vegetables Compendium)-AGMARK.pdf,9,
Table Grapes,Fruits and Vegetables,,Overall grade characteristics,Class I,,,(i) Grapes must be of good quality and the,qualitative,AGMARK / Directorate of Marketing & Inspection,Volume-5 (Fruits and Vegetables Compendium)-AGMARK.pdf,9,
Table Grapes,Fruits and Vegetables,,Overall grade characteristics,Class II,,,(i) The bunches may show defects in,qualitative,AGMARK / Directorate of Marketing & Inspection,Volume-5 (Fruits and Vegetables Compendium)-AGMARK.pdf,9,
Litchi,Fruits and Vegetables,,Minimum size (equatorial diameter),,23.0,,,mm,AGMARK / Directorate of Marketing & Inspection,Volume-5 (Fruits and Vegetables Compendium)-AGMARK.pdf,12,
Litchi,Fruits and Vegetables,,Overall grade characteristics,Extra class,,,Litchis must be of superior quality. They must,qualitative,AGMARK / Directorate of Marketing & Inspection,Volume-5 (Fruits and Vegetables Compendium)-AGMARK.pdf,12,
Litchi,Fruits and Vegetables,,Overall grade characteristics,Class I,,,Litchis must be of good quality. They must be,qualitative,AGMARK / Directorate of Marketing & Inspection,Volume-5 (Fruits and Vegetables Compendium)-AGMARK.pdf,12,
Litchi,Fruits and Vegetables,,Overall grade characteristics,Class II,,,This grade includes Litchis which do not,qualitative,AGMARK / Directorate of Marketing & Inspection,Volume-5 (Fruits and Vegetables Compendium)-AGMARK.pdf,12,
Mangoes,Fruits and Vegetables,,Overall grade characteristics,Extra class,,,Mangoes must be of superior quality. They must,qualitative,AGMARK / Directorate of Marketing & Inspection,Volume-5 (Fruits and Vegetables Compendium)-AGMARK.pdf,15,
Mangoes,Fruits and Vegetables,,Overall grade characteristics,Class I,,,Mangoes must be of good quality. They must,qualitative,AGMARK / Directorate of Marketing & Inspection,Volume-5 (Fruits and Vegetables Compendium)-AGMARK.pdf,15,
Mangoes,Fruits and Vegetables,,Overall grade characteristics,Class II,,,This grade includes mangoes which do not,qualitative,AGMARK / Directorate of Marketing & Inspection,Volume-5 (Fruits and Vegetables Compendium)-AGMARK.pdf,15,
Pomegranate,Fruits and Vegetables,,Overall grade characteristics,Extra class,,,Pomegranates must be of superior quality. They,qualitative,AGMARK / Directorate of Marketing & Inspection,Volume-5 (Fruits and Vegetables Compendium)-AGMARK.pdf,18,
Pomegranate,Fruits and Vegetables,,Overall grade characteristics,Class I,,,Pomegranates must be of good quality. They,qualitative,AGMARK / Directorate of Marketing & Inspection,Volume-5 (Fruits and Vegetables Compendium)-AGMARK.pdf,18,
Pomegranate,Fruits and Vegetables,,Overall grade characteristics,Class II,,,"or, exceptionally",qualitative,AGMARK / Directorate of Marketing & Inspection,Volume-5 (Fruits and Vegetables Compendium)-AGMARK.pdf,18,
Pomegranate,Fruits and Vegetables,,Overall grade characteristics,Class II,,,This grade includes Pomegranates which do not,qualitative,AGMARK / Directorate of Marketing & Inspection,Volume-5 (Fruits and Vegetables Compendium)-AGMARK.pdf,18,
Pineapple,Fruits and Vegetables,,Overall grade characteristics,Extra class,,,Pineapples must be of superior quality. They must be,qualitative,AGMARK / Directorate of Marketing & Inspection,Volume-5 (Fruits and Vegetables Compendium)-AGMARK.pdf,21,
Pineapple,Fruits and Vegetables,,Overall grade characteristics,Class I,,,Pineapples must be of good quality. They must be,qualitative,AGMARK / Directorate of Marketing & Inspection,Volume-5 (Fruits and Vegetables Compendium)-AGMARK.pdf,21,
Pineapple,Fruits and Vegetables,,Overall grade characteristics,Class II,,,Pineapples which do not qualify for inclusion in the higher,qualitative,AGMARK / Directorate of Marketing & Inspection,Volume-5 (Fruits and Vegetables Compendium)-AGMARK.pdf,21,
Guavas,Fruits and Vegetables,,Overall grade characteristics,Extra class,,,Guavas must be of superior quality.,qualitative,AGMARK / Directorate of Marketing & Inspection,Volume-5 (Fruits and Vegetables Compendium)-AGMARK.pdf,24,
Guavas,Fruits and Vegetables,,Overall grade characteristics,Class I,,,Guavas must be of good quality. They must,qualitative,AGMARK / Directorate of Marketing & Inspection,Volume-5 (Fruits and Vegetables Compendium)-AGMARK.pdf,24,
Guavas,Fruits and Vegetables,,Overall grade characteristics,Class II,,,This grade includes guavas which do not,qualitative,AGMARK / Directorate of Marketing & Inspection,Volume-5 (Fruits and Vegetables Compendium)-AGMARK.pdf,24,
Shelling Peas,Fruits and Vegetables,,Overall grade characteristics,Extra class,,,Shelling peas shall be of good quality. They must be,qualitative,AGMARK / Directorate of Marketing & Inspection,Volume-5 (Fruits and Vegetables Compendium)-AGMARK.pdf,27,
Shelling Peas,Fruits and Vegetables,,Overall grade characteristics,Class I,,,Shelling peas shall be of good quality. They must be,qualitative,AGMARK / Directorate of Marketing & Inspection,Volume-5 (Fruits and Vegetables Compendium)-AGMARK.pdf,27,
Mangetout (Snow Peas) And,Fruits and Vegetables,,Overall grade characteristics,Extra class,,,The peas shall be of good quality. They must be,qualitative,AGMARK / Directorate of Marketing & Inspection,Volume-5 (Fruits and Vegetables Compendium)-AGMARK.pdf,30,
Mangetout (Snow Peas) And,Fruits and Vegetables,,Overall grade characteristics,Class I,,,The peas shall be of good quality. They must be,qualitative,AGMARK / Directorate of Marketing & Inspection,Volume-5 (Fruits and Vegetables Compendium)-AGMARK.pdf,30,
Mangetout (Snow Peas) And,Fruits and Vegetables,,Overall grade characteristics,Class II,,,This grade includes peas; which do not qualify for,qualitative,AGMARK / Directorate of Marketing & Inspection,Volume-5 (Fruits and Vegetables Compendium)-AGMARK.pdf,30,
Ribbed Celery,Fruits and Vegetables,,Overall grade characteristics,Extra class,,,"Ribbed celery shall be of quality, in",qualitative,AGMARK / Directorate of Marketing & Inspection,Volume-5 (Fruits and Vegetables Compendium)-AGMARK.pdf,32,
Ribbed Celery,Fruits and Vegetables,,Overall grade characteristics,Class I,,,"Ribbed celery must be of good quality,",qualitative,AGMARK / Directorate of Marketing & Inspection,Volume-5 (Fruits and Vegetables Compendium)-AGMARK.pdf,32,
Ribbed Celery,Fruits and Vegetables,,Overall grade characteristics,Class II,,,Ribbed celery in this grade may have,qualitative,AGMARK / Directorate of Marketing & Inspection,Volume-5 (Fruits and Vegetables Compendium)-AGMARK.pdf,32,
Spinach,Fruits and Vegetables,,Overall grade characteristics,Extra class,,,Spinach shall be of good quality. It,qualitative,AGMARK / Directorate of Marketing & Inspection,Volume-5 (Fruits and Vegetables Compendium)-AGMARK.pdf,35,
Spinach,Fruits and Vegetables,,Overall grade characteristics,Class I,,,Spinach shall be of good quality. The,qualitative,AGMARK / Directorate of Marketing & Inspection,Volume-5 (Fruits and Vegetables Compendium)-AGMARK.pdf,35,
Spinach,Fruits and Vegetables,,Overall grade characteristics,Class II,,,Leaf spinach may have slight defects in,qualitative,AGMARK / Directorate of Marketing & Inspection,Volume-5 (Fruits and Vegetables Compendium)-AGMARK.pdf,35,
Headed Cabbages,Fruits and Vegetables,,Overall grade characteristics,Extra class,,,Headed Cabbage shall be of good quality and,qualitative,AGMARK / Directorate of Marketing & Inspection,Volume-5 (Fruits and Vegetables Compendium)-AGMARK.pdf,37,
Headed Cabbages,Fruits and Vegetables,,Overall grade characteristics,Class I,,,Headed Cabbage shall be of good quality and,qualitative,AGMARK / Directorate of Marketing & Inspection,Volume-5 (Fruits and Vegetables Compendium)-AGMARK.pdf,37,
Headed Cabbages,Fruits and Vegetables,,Overall grade characteristics,Class II,,,Headed Cabbage which do not qualify for inclusion,qualitative,AGMARK / Directorate of Marketing & Inspection,Volume-5 (Fruits and Vegetables Compendium)-AGMARK.pdf,37,
Brussels Sprouts,Fruits and Vegetables,,Overall grade characteristics,Extra class,,,Brussels sprouts shall be of superior,qualitative,AGMARK / Directorate of Marketing & Inspection,Volume-5 (Fruits and Vegetables Compendium)-AGMARK.pdf,40,
Brussels Sprouts,Fruits and Vegetables,,Overall grade characteristics,Class I,,,Brussels sprouts shall be of superior quality.,qualitative,AGMARK / Directorate of Marketing & Inspection,Volume-5 (Fruits and Vegetables Compendium)-AGMARK.pdf,40,
Brussels Sprouts,Fruits and Vegetables,,Overall grade characteristics,Class II,,,This grade includes Brussels sprouts which,qualitative,AGMARK / Directorate of Marketing & Inspection,Volume-5 (Fruits and Vegetables Compendium)-AGMARK.pdf,40,
Tomatoes,Fruits and Vegetables,,Overall grade characteristics,Extra class,,,Tomatoes shall be of superior quality. They shall,qualitative,AGMARK / Directorate of Marketing & Inspection,Volume-5 (Fruits and Vegetables Compendium)-AGMARK.pdf,43,
Tomatoes,Fruits and Vegetables,,Overall grade characteristics,Class I,,,Tomatoes shall be of good quality. They shall,qualitative,AGMARK / Directorate of Marketing & Inspection,Volume-5 (Fruits and Vegetables Compendium)-AGMARK.pdf,43,
Tomatoes,Fruits and Vegetables,,Overall grade characteristics,Class II,,,Tomatoes shall be reasonably firm flesh and shall,qualitative,AGMARK / Directorate of Marketing & Inspection,Volume-5 (Fruits and Vegetables Compendium)-AGMARK.pdf,43,
Bananas,Fruits and Vegetables,,Overall grade characteristics,Extra class,,,Bananas shall be of superior quality. They,qualitative,AGMARK / Directorate of Marketing & Inspection,Volume-5 (Fruits and Vegetables Compendium)-AGMARK.pdf,47,
Bananas,Fruits and Vegetables,,Overall grade characteristics,Class I,,,"grade or, exceptionally,",qualitative,AGMARK / Directorate of Marketing & Inspection,Volume-5 (Fruits and Vegetables Compendium)-AGMARK.pdf,47,
Bananas,Fruits and Vegetables,,Overall grade characteristics,Class I,,,Bananas shall be of good quality. They must,qualitative,AGMARK / Directorate of Marketing & Inspection,Volume-5 (Fruits and Vegetables Compendium)-AGMARK.pdf,47,
Bananas,Fruits and Vegetables,,Overall grade characteristics,Class II,,,This includes bananas which do not qualify,qualitative,AGMARK / Directorate of Marketing & Inspection,Volume-5 (Fruits and Vegetables Compendium)-AGMARK.pdf,47,
Plums,Fruits and Vegetables,,Overall grade characteristics,Extra class,,,Plums shall be of superior quality. They must have the,qualitative,AGMARK / Directorate of Marketing & Inspection,Volume-5 (Fruits and Vegetables Compendium)-AGMARK.pdf,50,
Plums,Fruits and Vegetables,,Overall grade characteristics,Class I,,,Plums must be of good quality. They must be,qualitative,AGMARK / Directorate of Marketing & Inspection,Volume-5 (Fruits and Vegetables Compendium)-AGMARK.pdf,50,
Plums,Fruits and Vegetables,,Overall grade characteristics,Class II,,,Plums which do not qualify for inclusion in the higher,qualitative,AGMARK / Directorate of Marketing & Inspection,Volume-5 (Fruits and Vegetables Compendium)-AGMARK.pdf,50,
Papayas,Fruits and Vegetables,,Overall grade characteristics,Extra class,,,Papayas in this class must be of superior quality.,qualitative,AGMARK / Directorate of Marketing & Inspection,Volume-5 (Fruits and Vegetables Compendium)-AGMARK.pdf,53,
Papayas,Fruits and Vegetables,,Overall grade characteristics,Class I,,,Papayas in this class must be of good quality. They,qualitative,AGMARK / Directorate of Marketing & Inspection,Volume-5 (Fruits and Vegetables Compendium)-AGMARK.pdf,53,
Papayas,Fruits and Vegetables,,Overall grade characteristics,Class II,,,This class includes papayas which do not qualify for,qualitative,AGMARK / Directorate of Marketing & Inspection,Volume-5 (Fruits and Vegetables Compendium)-AGMARK.pdf,53,
Garlic,Fruits and Vegetables,,Minimum size (equatorial diameter),,20.0,,,mm,AGMARK / Directorate of Marketing & Inspection,Volume-5 (Fruits and Vegetables Compendium)-AGMARK.pdf,56,
Garlic,Fruits and Vegetables,,Overall grade characteristics,Extra class,,,Garlic shall be of superior quality. They shall be,qualitative,AGMARK / Directorate of Marketing & Inspection,Volume-5 (Fruits and Vegetables Compendium)-AGMARK.pdf,56,
Garlic,Fruits and Vegetables,,Overall grade characteristics,Class I,,,Garlic shall be of good quality. They shall be characteristics,qualitative,AGMARK / Directorate of Marketing & Inspection,Volume-5 (Fruits and Vegetables Compendium)-AGMARK.pdf,56,
Garlic,Fruits and Vegetables,,Overall grade characteristics,Class II,,,"Garlic which do not qualify for inclusion in the higher grade,",qualitative,AGMARK / Directorate of Marketing & Inspection,Volume-5 (Fruits and Vegetables Compendium)-AGMARK.pdf,56,
Onions,Fruits and Vegetables,,Overall grade characteristics,Extra class,,,Onion shall be of superior quality. They shall be characteristic of,qualitative,AGMARK / Directorate of Marketing & Inspection,Volume-5 (Fruits and Vegetables Compendium)-AGMARK.pdf,59,
Onions,Fruits and Vegetables,,Overall grade characteristics,Class I,,,Onion shall be of good quality. They shall be characteristics of the,qualitative,AGMARK / Directorate of Marketing & Inspection,Volume-5 (Fruits and Vegetables Compendium)-AGMARK.pdf,59,
Onions,Fruits and Vegetables,,Overall grade characteristics,Class II,,,"Onion which do not qualify for inclusion in the higher grade, but",qualitative,AGMARK / Directorate of Marketing & Inspection,Volume-5 (Fruits and Vegetables Compendium)-AGMARK.pdf,59,
Strawberries,Fruits and Vegetables,,Overall grade characteristics,Extra Class,,,Strawberries must be of superior quality. In colouring,qualitative,AGMARK / Directorate of Marketing & Inspection,Volume-5 (Fruits and Vegetables Compendium)-AGMARK.pdf,62,
Strawberries,Fruits and Vegetables,,Overall grade characteristics,Class I,,,Strawberries must be of good quality. They must be,qualitative,AGMARK / Directorate of Marketing & Inspection,Volume-5 (Fruits and Vegetables Compendium)-AGMARK.pdf,62,
Strawberries,Fruits and Vegetables,,Overall grade characteristics,Class II,,,This grade includes strawberries which do not qualify,qualitative,AGMARK / Directorate of Marketing & Inspection,Volume-5 (Fruits and Vegetables Compendium)-AGMARK.pdf,62,
Strawberries,Fruits and Vegetables,,Overall grade characteristics,Class I,,,and Class II 18 mm.,qualitative,AGMARK / Directorate of Marketing & Inspection,Volume-5 (Fruits and Vegetables Compendium)-AGMARK.pdf,62,
Cherries,Fruits and Vegetables,,Overall grade characteristics,Extra Class,,,Cherries must be of superior quality.,qualitative,AGMARK / Directorate of Marketing & Inspection,Volume-5 (Fruits and Vegetables Compendium)-AGMARK.pdf,65,
Cherries,Fruits and Vegetables,,Overall grade characteristics,Class I,,,Cherries must be of good quality. They,qualitative,AGMARK / Directorate of Marketing & Inspection,Volume-5 (Fruits and Vegetables Compendium)-AGMARK.pdf,65,
Cherries,Fruits and Vegetables,,Overall grade characteristics,Class II,,,This grade includes cherries which do not,qualitative,AGMARK / Directorate of Marketing & Inspection,Volume-5 (Fruits and Vegetables Compendium)-AGMARK.pdf,65,
Pears,Fruits and Vegetables,,Overall grade characteristics,Extra Class,,,"Pears in this class must be of superior quality in shape, size",qualitative,AGMARK / Directorate of Marketing & Inspection,Volume-5 (Fruits and Vegetables Compendium)-AGMARK.pdf,68,
Pears,Fruits and Vegetables,,Overall grade characteristics,Class I,,,"Pears must be of good quality in shape, sizing and",qualitative,AGMARK / Directorate of Marketing & Inspection,Volume-5 (Fruits and Vegetables Compendium)-AGMARK.pdf,68,
Pears,Fruits and Vegetables,,Overall grade characteristics,Class II,,,This includes Pears which do not qualify for inclusion in,qualitative,AGMARK / Directorate of Marketing & Inspection,Volume-5 (Fruits and Vegetables Compendium)-AGMARK.pdf,68,
Pears,Fruits and Vegetables,,Overall grade characteristics,Extra Class,,,Class-I Class-II,qualitative,AGMARK / Directorate of Marketing & Inspection,Volume-5 (Fruits and Vegetables Compendium)-AGMARK.pdf,68,
Melons,Fruits and Vegetables,,Overall grade characteristics,Extra Class,,,Melons in this class must be of superior quality. They,qualitative,AGMARK / Directorate of Marketing & Inspection,Volume-5 (Fruits and Vegetables Compendium)-AGMARK.pdf,71,
Melons,Fruits and Vegetables,,Overall grade characteristics,Class I,,,Melons in this class must be of good quality. They,qualitative,AGMARK / Directorate of Marketing & Inspection,Volume-5 (Fruits and Vegetables Compendium)-AGMARK.pdf,71,
Melons,Fruits and Vegetables,,Overall grade characteristics,Class II,,,This class includes Melons which do not qualify for,qualitative,AGMARK / Directorate of Marketing & Inspection,Volume-5 (Fruits and Vegetables Compendium)-AGMARK.pdf,71,
Watermelons,Fruits and Vegetables,,Overall grade characteristics,Extra Class,,,Watermelons in this class must be of,qualitative,AGMARK / Directorate of Marketing & Inspection,Volume-5 (Fruits and Vegetables Compendium)-AGMARK.pdf,74,
Watermelons,Fruits and Vegetables,,Overall grade characteristics,Class I,,,Watermelons in this class must be of good,qualitative,AGMARK / Directorate of Marketing & Inspection,Volume-5 (Fruits and Vegetables Compendium)-AGMARK.pdf,74,
Watermelons,Fruits and Vegetables,,Overall grade characteristics,Class II,,,This class includes watermelons which do,qualitative,AGMARK / Directorate of Marketing & Inspection,Volume-5 (Fruits and Vegetables Compendium)-AGMARK.pdf,74,
Beans,Fruits and Vegetables,,Overall grade characteristics,Extra Class,,,"Beans must be of superior quality. In shape,",qualitative,AGMARK / Directorate of Marketing & Inspection,Volume-5 (Fruits and Vegetables Compendium)-AGMARK.pdf,77,
Beans,Fruits and Vegetables,,Overall grade characteristics,Class I,,,"Beans must be of good quality. In shape, development and",qualitative,AGMARK / Directorate of Marketing & Inspection,Volume-5 (Fruits and Vegetables Compendium)-AGMARK.pdf,77,
Beans,Fruits and Vegetables,,Overall grade characteristics,Class II,,,This class includes beans which do not qualify for,qualitative,AGMARK / Directorate of Marketing & Inspection,Volume-5 (Fruits and Vegetables Compendium)-AGMARK.pdf,77,
Cauliflowers,Fruits and Vegetables,,Overall grade characteristics,Extra Class,,,Cauliflowers must be of superior quality. They must,qualitative,AGMARK / Directorate of Marketing & Inspection,Volume-5 (Fruits and Vegetables Compendium)-AGMARK.pdf,80,
Cauliflowers,Fruits and Vegetables,,Overall grade characteristics,Class I,,,"or, exceptionally,",qualitative,AGMARK / Directorate of Marketing & Inspection,Volume-5 (Fruits and Vegetables Compendium)-AGMARK.pdf,80,
Cauliflowers,Fruits and Vegetables,,Overall grade characteristics,Class I,,,Cauliflowers must be of good quality. They must be,qualitative,AGMARK / Directorate of Marketing & Inspection,Volume-5 (Fruits and Vegetables Compendium)-AGMARK.pdf,80,
Cauliflowers,Fruits and Vegetables,,Overall grade characteristics,Class II,,,This grade includes cauliflowers which do not qualify,qualitative,AGMARK / Directorate of Marketing & Inspection,Volume-5 (Fruits and Vegetables Compendium)-AGMARK.pdf,80,
Chillies,Fruits and Vegetables,,Overall grade characteristics,Extra class,,,Chillies must be of superior quality. They must be,qualitative,AGMARK / Directorate of Marketing & Inspection,Volume-5 (Fruits and Vegetables Compendium)-AGMARK.pdf,83,
Chillies,Fruits and Vegetables,,Overall grade characteristics,Class I,,,"grade or, exceptionally,",qualitative,AGMARK / Directorate of Marketing & Inspection,Volume-5 (Fruits and Vegetables Compendium)-AGMARK.pdf,83,
Chillies,Fruits and Vegetables,,Overall grade characteristics,Class I,,,Chillies must be of good quality. They must be,qualitative,AGMARK / Directorate of Marketing & Inspection,Volume-5 (Fruits and Vegetables Compendium)-AGMARK.pdf,83,
Chillies,Fruits and Vegetables,,Overall grade characteristics,Class II,,,Chillies which do not qualify for inclusion in the,qualitative,AGMARK / Directorate of Marketing & Inspection,Volume-5 (Fruits and Vegetables Compendium)-AGMARK.pdf,83,
Capsicum Or Sweet Pepper,Fruits and Vegetables,,Overall grade characteristics,Extra class,,,Capsicum or Sweet pepper must be of superior,qualitative,AGMARK / Directorate of Marketing & Inspection,Volume-5 (Fruits and Vegetables Compendium)-AGMARK.pdf,86,
Capsicum Or Sweet Pepper,Fruits and Vegetables,,Overall grade characteristics,Class I,,,Capsicum or Sweet pepper must be of good quality.,qualitative,AGMARK / Directorate of Marketing & Inspection,Volume-5 (Fruits and Vegetables Compendium)-AGMARK.pdf,86,
Capsicum Or Sweet Pepper,Fruits and Vegetables,,Overall grade characteristics,Class II,,,Capsicum or Sweet pepper which do not qualify,qualitative,AGMARK / Directorate of Marketing & Inspection,Volume-5 (Fruits and Vegetables Compendium)-AGMARK.pdf,86,
Okra,Fruits and Vegetables,,Overall grade characteristics,Extra class,,,Okra must be of superior quality. They must be,qualitative,AGMARK / Directorate of Marketing & Inspection,Volume-5 (Fruits and Vegetables Compendium)-AGMARK.pdf,89,
Okra,Fruits and Vegetables,,Overall grade characteristics,Class I,,,Okra must be of good quality. They must be,qualitative,AGMARK / Directorate of Marketing & Inspection,Volume-5 (Fruits and Vegetables Compendium)-AGMARK.pdf,89,
Okra,Fruits and Vegetables,,Overall grade characteristics,Class II,,,This grade includes Okra which do not qualify for,qualitative,AGMARK / Directorate of Marketing & Inspection,Volume-5 (Fruits and Vegetables Compendium)-AGMARK.pdf,89,
Sapota,Fruits and Vegetables,,Overall grade characteristics,Extra class,,,Sapota must be of superior quality. They must be well,qualitative,AGMARK / Directorate of Marketing & Inspection,Volume-5 (Fruits and Vegetables Compendium)-AGMARK.pdf,92,
Sapota,Fruits and Vegetables,,Overall grade characteristics,Class I,,,"grade or, exceptionally,",qualitative,AGMARK / Directorate of Marketing & Inspection,Volume-5 (Fruits and Vegetables Compendium)-AGMARK.pdf,92,
Sapota,Fruits and Vegetables,,Overall grade characteristics,Class I,,,Sapota must be of good quality. They must be,qualitative,AGMARK / Directorate of Marketing & Inspection,Volume-5 (Fruits and Vegetables Compendium)-AGMARK.pdf,92,
Sapota,Fruits and Vegetables,,Overall grade characteristics,Class II,,,This grade includes Sapota which do not qualify for,qualitative,AGMARK / Directorate of Marketing & Inspection,Volume-5 (Fruits and Vegetables Compendium)-AGMARK.pdf,92,
Custard Apples,Fruits and Vegetables,,Overall grade characteristics,Extra class,,,Custard apples must be of superior quality. They must,qualitative,AGMARK / Directorate of Marketing & Inspection,Volume-5 (Fruits and Vegetables Compendium)-AGMARK.pdf,95,
Custard Apples,Fruits and Vegetables,,Overall grade characteristics,Class I,,,Custard apples must be of good quality. They must be,qualitative,AGMARK / Directorate of Marketing & Inspection,Volume-5 (Fruits and Vegetables Compendium)-AGMARK.pdf,95,
Custard Apples,Fruits and Vegetables,,Overall grade characteristics,Class II,,,This grade includes Custard apples which do not,qualitative,AGMARK / Directorate of Marketing & Inspection,Volume-5 (Fruits and Vegetables Compendium)-AGMARK.pdf,95,
Gherkins,Fruits and Vegetables,,Overall grade characteristics,Extra class,,,Gherkins must be of superior quality. They must be,qualitative,AGMARK / Directorate of Marketing & Inspection,Volume-5 (Fruits and Vegetables Compendium)-AGMARK.pdf,98,
Gherkins,Fruits and Vegetables,,Overall grade characteristics,Class I,,,Gherkins must be of good quality. They must be,qualitative,AGMARK / Directorate of Marketing & Inspection,Volume-5 (Fruits and Vegetables Compendium)-AGMARK.pdf,98,
Gherkins,Fruits and Vegetables,,Overall grade characteristics,Class II,,,This grade includes Gherkins which do not qualify for,qualitative,AGMARK / Directorate of Marketing & Inspection,Volume-5 (Fruits and Vegetables Compendium)-AGMARK.pdf,98,
Carrots,Fruits and Vegetables,,Overall grade characteristics,Extra class,,,Carrots must be of superior quality. They must be well,qualitative,AGMARK / Directorate of Marketing & Inspection,Volume-5 (Fruits and Vegetables Compendium)-AGMARK.pdf,101,
Carrots,Fruits and Vegetables,,Overall grade characteristics,Class I,,,"grade or, exceptionally,",qualitative,AGMARK / Directorate of Marketing & Inspection,Volume-5 (Fruits and Vegetables Compendium)-AGMARK.pdf,101,
Carrots,Fruits and Vegetables,,Overall grade characteristics,Class I,,,Carrots must be of good quality. They must be well developed,qualitative,AGMARK / Directorate of Marketing & Inspection,Volume-5 (Fruits and Vegetables Compendium)-AGMARK.pdf,101,
Carrots,Fruits and Vegetables,,Overall grade characteristics,Class II,,,"or, exceptionally,",qualitative,AGMARK / Directorate of Marketing & Inspection,Volume-5 (Fruits and Vegetables Compendium)-AGMARK.pdf,101,
Carrots,Fruits and Vegetables,,Overall grade characteristics,Class II,,,This grade includes Carrots which do not qualify for,qualitative,AGMARK / Directorate of Marketing & Inspection,Volume-5 (Fruits and Vegetables Compendium)-AGMARK.pdf,101,
Oranges,Fruits and Vegetables,,Minimum size (equatorial diameter),,53.0,,,mm,AGMARK / Directorate of Marketing & Inspection,Volume-5 (Fruits and Vegetables Compendium)-AGMARK.pdf,105,
Oranges,Fruits and Vegetables,,Overall grade characteristics,Extra class,,,Oranges shall be of superior quality. They shall be characteristic,qualitative,AGMARK / Directorate of Marketing & Inspection,Volume-5 (Fruits and Vegetables Compendium)-AGMARK.pdf,105,
Oranges,Fruits and Vegetables,,Overall grade characteristics,Class I,,,Oranges shall be of good quality. They must be characteristic of,qualitative,AGMARK / Directorate of Marketing & Inspection,Volume-5 (Fruits and Vegetables Compendium)-AGMARK.pdf,105,
Oranges,Fruits and Vegetables,,Overall grade characteristics,Class II,,,This grade includes Oranges which do not qualify for inclusion in,qualitative,AGMARK / Directorate of Marketing & Inspection,Volume-5 (Fruits and Vegetables Compendium)-AGMARK.pdf,105,
Mandarins,Fruits and Vegetables,,Minimum size (equatorial diameter),,54.0,,,mm,AGMARK / Directorate of Marketing & Inspection,Volume-5 (Fruits and Vegetables Compendium)-AGMARK.pdf,110,
Mandarins,Fruits and Vegetables,,Overall grade characteristics,Extra class,,,Mandarins shall be of superior quality. They shall be,qualitative,AGMARK / Directorate of Marketing & Inspection,Volume-5 (Fruits and Vegetables Compendium)-AGMARK.pdf,110,
Mandarins,Fruits and Vegetables,,Overall grade characteristics,Class I,,,Mandarins shall be of good quality. They shall be characteristic,qualitative,AGMARK / Directorate of Marketing & Inspection,Volume-5 (Fruits and Vegetables Compendium)-AGMARK.pdf,110,
Mandarins,Fruits and Vegetables,,Overall grade characteristics,Class II,,,This grade includes Mandarins which do not qualify for,qualitative,AGMARK / Directorate of Marketing & Inspection,Volume-5 (Fruits and Vegetables Compendium)-AGMARK.pdf,110,
Limes,Fruits and Vegetables,,Minimum size (equatorial diameter),,33.0,,,mm,AGMARK / Directorate of Marketing & Inspection,Volume-5 (Fruits and Vegetables Compendium)-AGMARK.pdf,115,
Limes,Fruits and Vegetables,,Overall grade characteristics,Extra class,,,Limes shall be of superior quality. They shall be characteristic,qualitative,AGMARK / Directorate of Marketing & Inspection,Volume-5 (Fruits and Vegetables Compendium)-AGMARK.pdf,115,
Limes,Fruits and Vegetables,,Overall grade characteristics,Class I,,,Limes shall be of good quality. They must be characteristics of,qualitative,AGMARK / Directorate of Marketing & Inspection,Volume-5 (Fruits and Vegetables Compendium)-AGMARK.pdf,115,
Limes,Fruits and Vegetables,,Overall grade characteristics,Class II,,,This grade includes limes which do not qualify for inclusion in,qualitative,AGMARK / Directorate of Marketing & Inspection,Volume-5 (Fruits and Vegetables Compendium)-AGMARK.pdf,115,
Lemons,Fruits and Vegetables,,Minimum size (equatorial diameter),,45.0,,,mm,AGMARK / Directorate of Marketing & Inspection,Volume-5 (Fruits and Vegetables Compendium)-AGMARK.pdf,118,
Lemons,Fruits and Vegetables,,Overall grade characteristics,Extra Class,,,Lemons shall be of superior quality. They shall be characteristic,qualitative,AGMARK / Directorate of Marketing & Inspection,Volume-5 (Fruits and Vegetables Compendium)-AGMARK.pdf,118,
Lemons,Fruits and Vegetables,,Overall grade characteristics,Class I,,,Lemons shall be of good quality. They shall be characteristic of,qualitative,AGMARK / Directorate of Marketing & Inspection,Volume-5 (Fruits and Vegetables Compendium)-AGMARK.pdf,118,
Lemons,Fruits and Vegetables,,Overall grade characteristics,Class II,,,This grade includes lemons which do not qualify for inclusion in,qualitative,AGMARK / Directorate of Marketing & Inspection,Volume-5 (Fruits and Vegetables Compendium)-AGMARK.pdf,118,
Grapefruits,Fruits and Vegetables,,Minimum size (equatorial diameter),,70.0,,,mm,AGMARK / Directorate of Marketing & Inspection,Volume-5 (Fruits and Vegetables Compendium)-AGMARK.pdf,121,
Grapefruits,Fruits and Vegetables,,Overall grade characteristics,Extra Class,,,Grapefruits shall be of superior quality They shall be,qualitative,AGMARK / Directorate of Marketing & Inspection,Volume-5 (Fruits and Vegetables Compendium)-AGMARK.pdf,121,
Grapefruits,Fruits and Vegetables,,Overall grade characteristics,Class I,,,Grapefruits shall be of good quality. They shall be,qualitative,AGMARK / Directorate of Marketing & Inspection,Volume-5 (Fruits and Vegetables Compendium)-AGMARK.pdf,121,
Grapefruits,Fruits and Vegetables,,Overall grade characteristics,Class II,,,This grade includes Grapefruits which do not qualify for,qualitative,AGMARK / Directorate of Marketing & Inspection,Volume-5 (Fruits and Vegetables Compendium)-AGMARK.pdf,121,
Ware Potato,Fruits and Vegetables,,Overall grade characteristics,Extra Class,,,Ware Potatoes shall be of superior quality. They must be well,qualitative,AGMARK / Directorate of Marketing & Inspection,Volume-5 (Fruits and Vegetables Compendium)-AGMARK.pdf,125,
Ware Potato,Fruits and Vegetables,,Overall grade characteristics,Class I,,,Ware Potatoes shall be of good quality. They must be,qualitative,AGMARK / Directorate of Marketing & Inspection,Volume-5 (Fruits and Vegetables Compendium)-AGMARK.pdf,125,
Ware Potato,Fruits and Vegetables,,Overall grade characteristics,Class II,,,This grade includes Ware Potatoes which do not qualify for,qualitative,AGMARK / Directorate of Marketing & Inspection,Volume-5 (Fruits and Vegetables Compendium)-AGMARK.pdf,125,
Walnut Inshell,Fruits and Vegetables,,Overall grade characteristics,Extra Class,,,Walnuts in shell shall be of superior quality. They must have,qualitative,AGMARK / Directorate of Marketing & Inspection,Volume-5 (Fruits and Vegetables Compendium)-AGMARK.pdf,128,
Walnut Inshell,Fruits and Vegetables,,Overall grade characteristics,Class I,,,Walnuts in this class must be of good quality. They must,qualitative,AGMARK / Directorate of Marketing & Inspection,Volume-5 (Fruits and Vegetables Compendium)-AGMARK.pdf,128,
Walnut Inshell,Fruits and Vegetables,,Overall grade characteristics,Class II,,,This grade includes Walnuts in shells which do not qualify,qualitative,AGMARK / Directorate of Marketing & Inspection,Volume-5 (Fruits and Vegetables Compendium)-AGMARK.pdf,128,
Walnut Inshell,Fruits and Vegetables,,Overall grade characteristics,Extra Class,,,and Class I shall not be graded in Size Code E.,qualitative,AGMARK / Directorate of Marketing & Inspection,Volume-5 (Fruits and Vegetables Compendium)-AGMARK.pdf,128,
Shelled Walnut,Fruits and Vegetables,,Overall grade characteristics,Extra class,,,Shelled Walnuts shall be of superior quality. They must,qualitative,AGMARK / Directorate of Marketing & Inspection,Volume-5 (Fruits and Vegetables Compendium)-AGMARK.pdf,132,
Shelled Walnut,Fruits and Vegetables,,Overall grade characteristics,Class I,,,Shelled Walnuts shall be of good quality. They must be,qualitative,AGMARK / Directorate of Marketing & Inspection,Volume-5 (Fruits and Vegetables Compendium)-AGMARK.pdf,132,
Shelled Walnut,Fruits and Vegetables,,Overall grade characteristics,Class II,,,This grade includes Shelled Walnuts which do not,qualitative,AGMARK / Directorate of Marketing & Inspection,Volume-5 (Fruits and Vegetables Compendium)-AGMARK.pdf,132,
Amla Or Aonla(Fresh),Fruits and Vegetables,,Overall grade characteristics,Extra class,,,Amla/Aonla shall be of superior quality. They must behaving,qualitative,AGMARK / Directorate of Marketing & Inspection,Volume-5 (Fruits and Vegetables Compendium)-AGMARK.pdf,136,
Apples,Fruits and Vegetables,,Overall grade characteristics,Extra class,,,Apples in this class must be of superior quality. The flesh must,qualitative,AGMARK / Directorate of Marketing & Inspection,Volume-5 (Fruits and Vegetables Compendium)-AGMARK.pdf,139,
Bitter Gourd,Fruits and Vegetables,,Overall grade characteristics,Extra class,,,"Bitter gourds in this class must be of superior quality. In shape, size",qualitative,AGMARK / Directorate of Marketing & Inspection,Volume-5 (Fruits and Vegetables Compendium)-AGMARK.pdf,144,
Bottle Gourd Or Lauki,Fruits and Vegetables,,Overall grade characteristics,Extra class,,,Bottle gourd must be of superior quality. They must be,qualitative,AGMARK / Directorate of Marketing & Inspection,Volume-5 (Fruits and Vegetables Compendium)-AGMARK.pdf,148,
Sponge Gourd,Fruits and Vegetables,,Overall grade characteristics,Extra class,,,Sponge gourd must be of superior quality. They must be characteristic,qualitative,AGMARK / Directorate of Marketing & Inspection,Volume-5 (Fruits and Vegetables Compendium)-AGMARK.pdf,152,
Sponge Gourd,Fruits and Vegetables,,Overall grade characteristics,Class II,,,This class includes sponge gourd which do not qualify for inclusion in,qualitative,AGMARK / Directorate of Marketing & Inspection,Volume-5 (Fruits and Vegetables Compendium)-AGMARK.pdf,152,
Cucumbers,Fruits and Vegetables,,Overall grade characteristics,Extra class,,,Cucumbers must be of superior quality. They must be characteristic,qualitative,AGMARK / Directorate of Marketing & Inspection,Volume-5 (Fruits and Vegetables Compendium)-AGMARK.pdf,156,
Cucumbers,Fruits and Vegetables,,Overall grade characteristics,Class I,,,Cucumbers must be of good quality. They must be characteristics of,qualitative,AGMARK / Directorate of Marketing & Inspection,Volume-5 (Fruits and Vegetables Compendium)-AGMARK.pdf,156,
Cucumbers,Fruits and Vegetables,,Overall grade characteristics,Class II,,,This class includes cucumbers which do not qualify for inclusion in,qualitative,AGMARK / Directorate of Marketing & Inspection,Volume-5 (Fruits and Vegetables Compendium)-AGMARK.pdf,156,
Aubergines Or Egg Plant Or Brinjal,Fruits and Vegetables,,Overall grade characteristics,Extra Class,,,Aubergines must be of superior quality. They must be,qualitative,AGMARK / Directorate of Marketing & Inspection,Volume-5 (Fruits and Vegetables Compendium)-AGMARK.pdf,160,
Aubergines Or Egg Plant Or Brinjal,Fruits and Vegetables,,Overall grade characteristics,Class I,,,Aubergines must be of good quality. They must be,qualitative,AGMARK / Directorate of Marketing & Inspection,Volume-5 (Fruits and Vegetables Compendium)-AGMARK.pdf,160,
Aubergines Or Egg Plant Or Brinjal,Fruits and Vegetables,,Overall grade characteristics,Class II,,,This class includes aubergines which do not qualify for,qualitative,AGMARK / Directorate of Marketing & Inspection,Volume-5 (Fruits and Vegetables Compendium)-AGMARK.pdf,160,
Cabbage,Fruits and Vegetables,,Overall grade characteristics,Extra Class,,,Cabbage must be of superior quality. They must be,qualitative,AGMARK / Directorate of Marketing & Inspection,Volume-5 (Fruits and Vegetables Compendium)-AGMARK.pdf,164,
Cabbage,Fruits and Vegetables,,Overall grade characteristics,Class I,,,Cabbage must be of good quality. They must be,qualitative,AGMARK / Directorate of Marketing & Inspection,Volume-5 (Fruits and Vegetables Compendium)-AGMARK.pdf,164,
Cabbage,Fruits and Vegetables,,Overall grade characteristics,Class II,,,This grade includes Cabbage which do not qualify for,qualitative,AGMARK / Directorate of Marketing & Inspection,Volume-5 (Fruits and Vegetables Compendium)-AGMARK.pdf,164,
Snake Gourd Or Serpent Gourd,Fruits and Vegetables,,Overall grade characteristics,Extra class,,,Snake Gourd or serpent gourd must be of superior quality. They,qualitative,AGMARK / Directorate of Marketing & Inspection,Volume-5 (Fruits and Vegetables Compendium)-AGMARK.pdf,168,
Snake Gourd Or Serpent Gourd,Fruits and Vegetables,,Overall grade characteristics,Class I,,,Snake gourd or serpent gourd must be of good quality. They must,qualitative,AGMARK / Directorate of Marketing & Inspection,Volume-5 (Fruits and Vegetables Compendium)-AGMARK.pdf,168,
Snake Gourd Or Serpent Gourd,Fruits and Vegetables,,Overall grade characteristics,Class II,,,This class includes snake gourd which do not qualify for inclusion,qualitative,AGMARK / Directorate of Marketing & Inspection,Volume-5 (Fruits and Vegetables Compendium)-AGMARK.pdf,168,
Betel Leaves,Fruits and Vegetables,,Overall grade characteristics,Extra class,,,Betel leaves must be of superior quality. They must be,qualitative,AGMARK / Directorate of Marketing & Inspection,Volume-5 (Fruits and Vegetables Compendium)-AGMARK.pdf,172,
Betel Leaves,Fruits and Vegetables,,Overall grade characteristics,Class I,,,Betel leaves must be of good quality. They must be,qualitative,AGMARK / Directorate of Marketing & Inspection,Volume-5 (Fruits and Vegetables Compendium)-AGMARK.pdf,172,
Betel Leaves,Fruits and Vegetables,,Overall grade characteristics,Class II,,,This includes Betel leaves that do not qualify for inclusion,qualitative,AGMARK / Directorate of Marketing & Inspection,Volume-5 (Fruits and Vegetables Compendium)-AGMARK.pdf,172,
Coriander,Fruits and Vegetables,,Overall grade characteristics,Extra class,,,Coriander leaves must be of superior quality.,qualitative,AGMARK / Directorate of Marketing & Inspection,Volume-5 (Fruits and Vegetables Compendium)-AGMARK.pdf,175,
Coriander,Fruits and Vegetables,,Overall grade characteristics,Class I,,,Coriander leaves must be of good quality.,qualitative,AGMARK / Directorate of Marketing & Inspection,Volume-5 (Fruits and Vegetables Compendium)-AGMARK.pdf,175,
Coriander,Fruits and Vegetables,,Overall grade characteristics,Extra class,,,Drumstick must be of superior quality. They must be,qualitative,AGMARK / Directorate of Marketing & Inspection,Volume-5 (Fruits and Vegetables Compendium)-AGMARK.pdf,175,
Coriander,Fruits and Vegetables,,Overall grade characteristics,Class I,,,Drumsticks must be of good quality. They must be,qualitative,AGMARK / Directorate of Marketing & Inspection,Volume-5 (Fruits and Vegetables Compendium)-AGMARK.pdf,175,
Coriander,Fruits and Vegetables,,Overall grade characteristics,Class II,,,This includes drumsticks that do not qualify for inclusion in,qualitative,AGMARK / Directorate of Marketing & Inspection,Volume-5 (Fruits and Vegetables Compendium)-AGMARK.pdf,175,
Coriander,Fruits and Vegetables,,Overall grade characteristics,Extra class,,,Colocasia leaves must be of superior quality.,qualitative,AGMARK / Directorate of Marketing & Inspection,Volume-5 (Fruits and Vegetables Compendium)-AGMARK.pdf,175,
Coriander,Fruits and Vegetables,,Overall grade characteristics,Class I,,,Colocasia leaves must be of good quality.,qualitative,AGMARK / Directorate of Marketing & Inspection,Volume-5 (Fruits and Vegetables Compendium)-AGMARK.pdf,175,
Coriander,Fruits and Vegetables,,Overall grade characteristics,Class II,,,This includes Colocasia leaves that do not,qualitative,AGMARK / Directorate of Marketing & Inspection,Volume-5 (Fruits and Vegetables Compendium)-AGMARK.pdf,175,
"Curry Leaves, Fresh",Fruits and Vegetables,,Overall grade characteristics,Extra class,,,Curry leaves must be of superior quality. They must be,qualitative,AGMARK / Directorate of Marketing & Inspection,Volume-5 (Fruits and Vegetables Compendium)-AGMARK.pdf,183,
"Curry Leaves, Fresh",Fruits and Vegetables,,Overall grade characteristics,Class I,,,Curry leaves must be of good quality. They must,qualitative,AGMARK / Directorate of Marketing & Inspection,Volume-5 (Fruits and Vegetables Compendium)-AGMARK.pdf,183,
"Curry Leaves, Fresh",Fruits and Vegetables,,Overall grade characteristics,Class II,,,This includes Curry leaves that do not qualify for,qualitative,AGMARK / Directorate of Marketing & Inspection,Volume-5 (Fruits and Vegetables Compendium)-AGMARK.pdf,183,
"Fenugreek,",Fruits and Vegetables,,Overall grade characteristics,Extra class,,,Fenugreek Leaves must be of superior quality. They,qualitative,AGMARK / Directorate of Marketing & Inspection,Volume-5 (Fruits and Vegetables Compendium)-AGMARK.pdf,185,
"Fenugreek,",Fruits and Vegetables,,Overall grade characteristics,Class I,,,Fenugreek Leaves must be of good quality. They must be,qualitative,AGMARK / Directorate of Marketing & Inspection,Volume-5 (Fruits and Vegetables Compendium)-AGMARK.pdf,185,
"Fenugreek,",Fruits and Vegetables,,Overall grade characteristics,Class II,,,This includes Fenugreek Leaves that do not qualify for,qualitative,AGMARK / Directorate of Marketing & Inspection,Volume-5 (Fruits and Vegetables Compendium)-AGMARK.pdf,185,
