food_name,food_category,contaminant,contaminant_type,maximum_permitted_limit,unit,applicable_food,regulatory_requirement,source,source_document,page_number,source_url
Agar,,Lead,Heavy metal,5.0,mg/kg or mg/L (ppm),Agar,"FSSAI (Contaminants, Toxins and Residues) Regulations, 2011 - Version VI (27.01.2022)",FSSAI,Compendium_Contaminants_Regulations_28_01_2022-FSSAI.pdf,1.0,https://www.fssai.gov.in/upload/uploadfiles/files/Compendium_Packaging_Labelling_Regulations_28_01_2022.pdf
Alginic acid,,Lead,Heavy metal,5.0,mg/kg or mg/L (ppm),Alginic acid,"FSSAI (Contaminants, Toxins and Residues) Regulations, 2011 - Version VI (27.01.2022)",FSSAI,Compendium_Contaminants_Regulations_28_01_2022-FSSAI.pdf,1.0,https://www.fssai.gov.in/upload/uploadfiles/files/Compendium_Packaging_Labelling_Regulations_28_01_2022.pdf
"All types of sugars, sugar syrup, invert sugar and direct consumption coloured sugars with sulphated ash content exceeding 1.0 percent Alumina used in preparation of lake colour",,Lead,Heavy metal,10,mg/kg or mg/L (ppm),"All types of sugars, sugar syrup, invert sugar and direct consumption coloured sugars with sulphated ash content exceeding 1.0 percent Alumina used in preparation of lake colour","FSSAI (Contaminants, Toxins and Residues) Regulations, 2011 - Version VI (27.01.2022)",FSSAI,Compendium_Contaminants_Regulations_28_01_2022-FSSAI.pdf,2.0,https://www.fssai.gov.in/upload/uploadfiles/files/Compendium_Packaging_Labelling_Regulations_28_01_2022.pdf
Aluminium lake of Sunset Yellow FCF,,Lead,Heavy metal,10,mg/kg or mg/L (ppm),Aluminium lake of Sunset Yellow FCF,"FSSAI (Contaminants, Toxins and Residues) Regulations, 2011 - Version VI (27.01.2022)",FSSAI,Compendium_Contaminants_Regulations_28_01_2022-FSSAI.pdf,2.0,https://www.fssai.gov.in/upload/uploadfiles/files/Compendium_Packaging_Labelling_Regulations_28_01_2022.pdf
Ammonium hydrogen carbonate,,Lead,Heavy metal,2.0,mg/kg or mg/L (ppm),Ammonium hydrogen carbonate,"FSSAI (Contaminants, Toxins and Residues) Regulations, 2011 - Version VI (27.01.2022)",FSSAI,Compendium_Contaminants_Regulations_28_01_2022-FSSAI.pdf,2.0,https://www.fssai.gov.in/upload/uploadfiles/files/Compendium_Packaging_Labelling_Regulations_28_01_2022.pdf
"Anhydrous dextrose and dextrose monohydrate, refined white sugar (sulphated ash content not exceeding 0.03 per cent) Annatto",,Lead,Heavy metal,10,mg/kg or mg/L (ppm),"Anhydrous dextrose and dextrose monohydrate, refined white sugar (sulphated ash content not exceeding 0.03 per cent) Annatto","FSSAI (Contaminants, Toxins and Residues) Regulations, 2011 - Version VI (27.01.2022)",FSSAI,Compendium_Contaminants_Regulations_28_01_2022-FSSAI.pdf,2.0,https://www.fssai.gov.in/upload/uploadfiles/files/Compendium_Packaging_Labelling_Regulations_28_01_2022.pdf
Ascorbic acid,,Lead,Heavy metal,2.0,mg/kg or mg/L (ppm),Ascorbic acid,"FSSAI (Contaminants, Toxins and Residues) Regulations, 2011 - Version VI (27.01.2022)",FSSAI,Compendium_Contaminants_Regulations_28_01_2022-FSSAI.pdf,2.0,https://www.fssai.gov.in/upload/uploadfiles/files/Compendium_Packaging_Labelling_Regulations_28_01_2022.pdf
Ascorbyl palmitate,,Lead,Heavy metal,2.0,mg/kg or mg/L (ppm),Ascorbyl palmitate,"FSSAI (Contaminants, Toxins and Residues) Regulations, 2011 - Version VI (27.01.2022)",FSSAI,Compendium_Contaminants_Regulations_28_01_2022-FSSAI.pdf,2.0,https://www.fssai.gov.in/upload/uploadfiles/files/Compendium_Packaging_Labelling_Regulations_28_01_2022.pdf
"Aspertame (Aspartyl phenyl alanine methyl ester) 10 Assorted subtropical fruits, edible peel",,Lead,Heavy metal,0.1,mg/kg or mg/L (ppm),"Aspertame (Aspartyl phenyl alanine methyl ester) 10 Assorted subtropical fruits, edible peel","FSSAI (Contaminants, Toxins and Residues) Regulations, 2011 - Version VI (27.01.2022)",FSSAI,Compendium_Contaminants_Regulations_28_01_2022-FSSAI.pdf,2.0,https://www.fssai.gov.in/upload/uploadfiles/files/Compendium_Packaging_Labelling_Regulations_28_01_2022.pdf
"Assorted subtropical fruits, inedible peel",,Lead,Heavy metal,0.1,mg/kg or mg/L (ppm),"Assorted subtropical fruits, inedible peel","FSSAI (Contaminants, Toxins and Residues) Regulations, 2011 - Version VI (27.01.2022)",FSSAI,Compendium_Contaminants_Regulations_28_01_2022-FSSAI.pdf,2.0,https://www.fssai.gov.in/upload/uploadfiles/files/Compendium_Packaging_Labelling_Regulations_28_01_2022.pdf
Baking powder,,Lead,Heavy metal,10,mg/kg or mg/L (ppm),Baking powder,"FSSAI (Contaminants, Toxins and Residues) Regulations, 2011 - Version VI (27.01.2022)",FSSAI,Compendium_Contaminants_Regulations_28_01_2022-FSSAI.pdf,2.0,https://www.fssai.gov.in/upload/uploadfiles/files/Compendium_Packaging_Labelling_Regulations_28_01_2022.pdf
Benzoic acid,,Lead,Heavy metal,2.0,mg/kg or mg/L (ppm),Benzoic acid,"FSSAI (Contaminants, Toxins and Residues) Regulations, 2011 - Version VI (27.01.2022)",FSSAI,Compendium_Contaminants_Regulations_28_01_2022-FSSAI.pdf,2.0,https://www.fssai.gov.in/upload/uploadfiles/files/Compendium_Packaging_Labelling_Regulations_28_01_2022.pdf
Berries and other small fruits,,Lead,Heavy metal,0.2,mg/kg or mg/L (ppm),Berries and other small fruits,"FSSAI (Contaminants, Toxins and Residues) Regulations, 2011 - Version VI (27.01.2022)",FSSAI,Compendium_Contaminants_Regulations_28_01_2022-FSSAI.pdf,2.0,https://www.fssai.gov.in/upload/uploadfiles/files/Compendium_Packaging_Labelling_Regulations_28_01_2022.pdf
Beta-apo-8’-carotenal,,Lead,Heavy metal,2.0,mg/kg or mg/L (ppm),Beta-apo-8’-carotenal,"FSSAI (Contaminants, Toxins and Residues) Regulations, 2011 - Version VI (27.01.2022)",FSSAI,Compendium_Contaminants_Regulations_28_01_2022-FSSAI.pdf,2.0,https://www.fssai.gov.in/upload/uploadfiles/files/Compendium_Packaging_Labelling_Regulations_28_01_2022.pdf
Beta-carotene,,Lead,Heavy metal,10,mg/kg or mg/L (ppm),Beta-carotene,"FSSAI (Contaminants, Toxins and Residues) Regulations, 2011 - Version VI (27.01.2022)",FSSAI,Compendium_Contaminants_Regulations_28_01_2022-FSSAI.pdf,2.0,https://www.fssai.gov.in/upload/uploadfiles/files/Compendium_Packaging_Labelling_Regulations_28_01_2022.pdf
Bivalve molluscs,,Lead,Heavy metal,1.5,mg/kg or mg/L (ppm),Bivalve molluscs,"FSSAI (Contaminants, Toxins and Residues) Regulations, 2011 - Version VI (27.01.2022)",FSSAI,Compendium_Contaminants_Regulations_28_01_2022-FSSAI.pdf,2.0,https://www.fssai.gov.in/upload/uploadfiles/files/Compendium_Packaging_Labelling_Regulations_28_01_2022.pdf
Brassica vegetables excluding Kale,,Lead,Heavy metal,0.3,mg/kg or mg/L (ppm),Brassica vegetables excluding Kale,"FSSAI (Contaminants, Toxins and Residues) Regulations, 2011 - Version VI (27.01.2022)",FSSAI,Compendium_Contaminants_Regulations_28_01_2022-FSSAI.pdf,2.0,https://www.fssai.gov.in/upload/uploadfiles/files/Compendium_Packaging_Labelling_Regulations_28_01_2022.pdf
Brewed vinegar and synthetic vinegar,,Lead,Heavy metal,0.01,mg/kg or mg/L (ppm),Brewed vinegar and synthetic vinegar,"FSSAI (Contaminants, Toxins and Residues) Regulations, 2011 - Version VI (27.01.2022)",FSSAI,Compendium_Contaminants_Regulations_28_01_2022-FSSAI.pdf,2.0,https://www.fssai.gov.in/upload/uploadfiles/files/Compendium_Packaging_Labelling_Regulations_28_01_2022.pdf
Brilliant blue FCF,,Lead,Heavy metal,10,mg/kg or mg/L (ppm),Brilliant blue FCF,"FSSAI (Contaminants, Toxins and Residues) Regulations, 2011 - Version VI (27.01.2022)",FSSAI,Compendium_Contaminants_Regulations_28_01_2022-FSSAI.pdf,2.0,https://www.fssai.gov.in/upload/uploadfiles/files/Compendium_Packaging_Labelling_Regulations_28_01_2022.pdf
Bulb vegetables,,Lead,Heavy metal,0.1,mg/kg or mg/L (ppm),Bulb vegetables,"FSSAI (Contaminants, Toxins and Residues) Regulations, 2011 - Version VI (27.01.2022)",FSSAI,Compendium_Contaminants_Regulations_28_01_2022-FSSAI.pdf,2.0,https://www.fssai.gov.in/upload/uploadfiles/files/Compendium_Packaging_Labelling_Regulations_28_01_2022.pdf
Butylated hydroxyanisole,,Lead,Heavy metal,2.0,mg/kg or mg/L (ppm),Butylated hydroxyanisole,"FSSAI (Contaminants, Toxins and Residues) Regulations, 2011 - Version VI (27.01.2022)",FSSAI,Compendium_Contaminants_Regulations_28_01_2022-FSSAI.pdf,2.0,https://www.fssai.gov.in/upload/uploadfiles/files/Compendium_Packaging_Labelling_Regulations_28_01_2022.pdf
Calcium alginate,,Lead,Heavy metal,5.0,mg/kg or mg/L (ppm),Calcium alginate,"FSSAI (Contaminants, Toxins and Residues) Regulations, 2011 - Version VI (27.01.2022)",FSSAI,Compendium_Contaminants_Regulations_28_01_2022-FSSAI.pdf,2.0,https://www.fssai.gov.in/upload/uploadfiles/files/Compendium_Packaging_Labelling_Regulations_28_01_2022.pdf
Calcium propionate,,Lead,Heavy metal,5.0,mg/kg or mg/L (ppm),Calcium propionate,"FSSAI (Contaminants, Toxins and Residues) Regulations, 2011 - Version VI (27.01.2022)",FSSAI,Compendium_Contaminants_Regulations_28_01_2022-FSSAI.pdf,2.0,https://www.fssai.gov.in/upload/uploadfiles/files/Compendium_Packaging_Labelling_Regulations_28_01_2022.pdf
Canned carrots,,Lead,Heavy metal,1.0,mg/kg or mg/L (ppm),Canned carrots,"FSSAI (Contaminants, Toxins and Residues) Regulations, 2011 - Version VI (27.01.2022)",FSSAI,Compendium_Contaminants_Regulations_28_01_2022-FSSAI.pdf,2.0,https://www.fssai.gov.in/upload/uploadfiles/files/Compendium_Packaging_Labelling_Regulations_28_01_2022.pdf
Canned green beans and canned wax beans,,Lead,Heavy metal,1.0,mg/kg or mg/L (ppm),Canned green beans and canned wax beans,"FSSAI (Contaminants, Toxins and Residues) Regulations, 2011 - Version VI (27.01.2022)",FSSAI,Compendium_Contaminants_Regulations_28_01_2022-FSSAI.pdf,2.0,https://www.fssai.gov.in/upload/uploadfiles/files/Compendium_Packaging_Labelling_Regulations_28_01_2022.pdf
Canned green peas,,Lead,Heavy metal,1.0,mg/kg or mg/L (ppm),Canned green peas,"FSSAI (Contaminants, Toxins and Residues) Regulations, 2011 - Version VI (27.01.2022)",FSSAI,Compendium_Contaminants_Regulations_28_01_2022-FSSAI.pdf,2.0,https://www.fssai.gov.in/upload/uploadfiles/files/Compendium_Packaging_Labelling_Regulations_28_01_2022.pdf
Canned mushrooms,,Lead,Heavy metal,1.0,mg/kg or mg/L (ppm),Canned mushrooms,"FSSAI (Contaminants, Toxins and Residues) Regulations, 2011 - Version VI (27.01.2022)",FSSAI,Compendium_Contaminants_Regulations_28_01_2022-FSSAI.pdf,2.0,https://www.fssai.gov.in/upload/uploadfiles/files/Compendium_Packaging_Labelling_Regulations_28_01_2022.pdf
Canned palmito,,Lead,Heavy metal,1.0,mg/kg or mg/L (ppm),Canned palmito,"FSSAI (Contaminants, Toxins and Residues) Regulations, 2011 - Version VI (27.01.2022)",FSSAI,Compendium_Contaminants_Regulations_28_01_2022-FSSAI.pdf,2.0,https://www.fssai.gov.in/upload/uploadfiles/files/Compendium_Packaging_Labelling_Regulations_28_01_2022.pdf
Canned sweetcorn,,Lead,Heavy metal,1.0,mg/kg or mg/L (ppm),Canned sweetcorn,"FSSAI (Contaminants, Toxins and Residues) Regulations, 2011 - Version VI (27.01.2022)",FSSAI,Compendium_Contaminants_Regulations_28_01_2022-FSSAI.pdf,2.0,https://www.fssai.gov.in/upload/uploadfiles/files/Compendium_Packaging_Labelling_Regulations_28_01_2022.pdf
Canned tomatoes,,Lead,Heavy metal,1.0,mg/kg or mg/L (ppm),Canned tomatoes,"FSSAI (Contaminants, Toxins and Residues) Regulations, 2011 - Version VI (27.01.2022)",FSSAI,Compendium_Contaminants_Regulations_28_01_2022-FSSAI.pdf,2.0,https://www.fssai.gov.in/upload/uploadfiles/files/Compendium_Packaging_Labelling_Regulations_28_01_2022.pdf
Canned asparagus,,Lead,Heavy metal,1.0,mg/kg or mg/L (ppm),Canned asparagus,"FSSAI (Contaminants, Toxins and Residues) Regulations, 2011 - Version VI (27.01.2022)",FSSAI,Compendium_Contaminants_Regulations_28_01_2022-FSSAI.pdf,2.0,https://www.fssai.gov.in/upload/uploadfiles/files/Compendium_Packaging_Labelling_Regulations_28_01_2022.pdf
Canned chestnuts and canned chestnut purée,,Lead,Heavy metal,1.0,mg/kg or mg/L (ppm),Canned chestnuts and canned chestnut purée,"FSSAI (Contaminants, Toxins and Residues) Regulations, 2011 - Version VI (27.01.2022)",FSSAI,Compendium_Contaminants_Regulations_28_01_2022-FSSAI.pdf,2.0,https://www.fssai.gov.in/upload/uploadfiles/files/Compendium_Packaging_Labelling_Regulations_28_01_2022.pdf
"Canned fish, canned meats, edible gelatin, meat extracts and hydrolysed protein, dried or dehydrated vegetables (other than onions) Canned fruit cocktail",,Lead,Heavy metal,1.0,mg/kg or mg/L (ppm),"Canned fish, canned meats, edible gelatin, meat extracts and hydrolysed protein, dried or dehydrated vegetables (other than onions) Canned fruit cocktail","FSSAI (Contaminants, Toxins and Residues) Regulations, 2011 - Version VI (27.01.2022)",FSSAI,Compendium_Contaminants_Regulations_28_01_2022-FSSAI.pdf,3.0,https://www.fssai.gov.in/upload/uploadfiles/files/Compendium_Packaging_Labelling_Regulations_28_01_2022.pdf
Canned grapefruit,,Lead,Heavy metal,1.0,mg/kg or mg/L (ppm),Canned grapefruit,"FSSAI (Contaminants, Toxins and Residues) Regulations, 2011 - Version VI (27.01.2022)",FSSAI,Compendium_Contaminants_Regulations_28_01_2022-FSSAI.pdf,3.0,https://www.fssai.gov.in/upload/uploadfiles/files/Compendium_Packaging_Labelling_Regulations_28_01_2022.pdf
Canned mandarin oranges,,Lead,Heavy metal,1.0,mg/kg or mg/L (ppm),Canned mandarin oranges,"FSSAI (Contaminants, Toxins and Residues) Regulations, 2011 - Version VI (27.01.2022)",FSSAI,Compendium_Contaminants_Regulations_28_01_2022-FSSAI.pdf,3.0,https://www.fssai.gov.in/upload/uploadfiles/files/Compendium_Packaging_Labelling_Regulations_28_01_2022.pdf
Canned mangoes,,Lead,Heavy metal,1.0,mg/kg or mg/L (ppm),Canned mangoes,"FSSAI (Contaminants, Toxins and Residues) Regulations, 2011 - Version VI (27.01.2022)",FSSAI,Compendium_Contaminants_Regulations_28_01_2022-FSSAI.pdf,3.0,https://www.fssai.gov.in/upload/uploadfiles/files/Compendium_Packaging_Labelling_Regulations_28_01_2022.pdf
Canned mature processed peas,,Lead,Heavy metal,1.0,mg/kg or mg/L (ppm),Canned mature processed peas,"FSSAI (Contaminants, Toxins and Residues) Regulations, 2011 - Version VI (27.01.2022)",FSSAI,Compendium_Contaminants_Regulations_28_01_2022-FSSAI.pdf,3.0,https://www.fssai.gov.in/upload/uploadfiles/files/Compendium_Packaging_Labelling_Regulations_28_01_2022.pdf
Canned pineapple,,Lead,Heavy metal,1.0,mg/kg or mg/L (ppm),Canned pineapple,"FSSAI (Contaminants, Toxins and Residues) Regulations, 2011 - Version VI (27.01.2022)",FSSAI,Compendium_Contaminants_Regulations_28_01_2022-FSSAI.pdf,3.0,https://www.fssai.gov.in/upload/uploadfiles/files/Compendium_Packaging_Labelling_Regulations_28_01_2022.pdf
Canned raspberries,,Lead,Heavy metal,1.0,mg/kg or mg/L (ppm),Canned raspberries,"FSSAI (Contaminants, Toxins and Residues) Regulations, 2011 - Version VI (27.01.2022)",FSSAI,Compendium_Contaminants_Regulations_28_01_2022-FSSAI.pdf,3.0,https://www.fssai.gov.in/upload/uploadfiles/files/Compendium_Packaging_Labelling_Regulations_28_01_2022.pdf
Canned strawberries,,Lead,Heavy metal,1.0,mg/kg or mg/L (ppm),Canned strawberries,"FSSAI (Contaminants, Toxins and Residues) Regulations, 2011 - Version VI (27.01.2022)",FSSAI,Compendium_Contaminants_Regulations_28_01_2022-FSSAI.pdf,3.0,https://www.fssai.gov.in/upload/uploadfiles/files/Compendium_Packaging_Labelling_Regulations_28_01_2022.pdf
Canned tropical fruit salad,,Lead,Heavy metal,1.0,mg/kg or mg/L (ppm),Canned tropical fruit salad,"FSSAI (Contaminants, Toxins and Residues) Regulations, 2011 - Version VI (27.01.2022)",FSSAI,Compendium_Contaminants_Regulations_28_01_2022-FSSAI.pdf,3.0,https://www.fssai.gov.in/upload/uploadfiles/files/Compendium_Packaging_Labelling_Regulations_28_01_2022.pdf
Caramel,,Lead,Heavy metal,5.0,mg/kg or mg/L (ppm),Caramel,"FSSAI (Contaminants, Toxins and Residues) Regulations, 2011 - Version VI (27.01.2022)",FSSAI,Compendium_Contaminants_Regulations_28_01_2022-FSSAI.pdf,3.0,https://www.fssai.gov.in/upload/uploadfiles/files/Compendium_Packaging_Labelling_Regulations_28_01_2022.pdf
"Carbonated water , expressed in mg/L",,Lead,Heavy metal,10,mg/kg or mg/L (ppm),"Carbonated water , expressed in mg/L","FSSAI (Contaminants, Toxins and Residues) Regulations, 2011 - Version VI (27.01.2022)",FSSAI,Compendium_Contaminants_Regulations_28_01_2022-FSSAI.pdf,3.0,https://www.fssai.gov.in/upload/uploadfiles/files/Compendium_Packaging_Labelling_Regulations_28_01_2022.pdf
Carmoisine,,Lead,Heavy metal,10,mg/kg or mg/L (ppm),Carmoisine,"FSSAI (Contaminants, Toxins and Residues) Regulations, 2011 - Version VI (27.01.2022)",FSSAI,Compendium_Contaminants_Regulations_28_01_2022-FSSAI.pdf,3.0,https://www.fssai.gov.in/upload/uploadfiles/files/Compendium_Packaging_Labelling_Regulations_28_01_2022.pdf
Carrageenan,,Lead,Heavy metal,5.0,mg/kg or mg/L (ppm),Carrageenan,"FSSAI (Contaminants, Toxins and Residues) Regulations, 2011 - Version VI (27.01.2022)",FSSAI,Compendium_Contaminants_Regulations_28_01_2022-FSSAI.pdf,3.0,https://www.fssai.gov.in/upload/uploadfiles/files/Compendium_Packaging_Labelling_Regulations_28_01_2022.pdf
"Cattle, edible offal of",,Lead,Heavy metal,0.5,mg/kg or mg/L (ppm),"Cattle, edible offal of","FSSAI (Contaminants, Toxins and Residues) Regulations, 2011 - Version VI (27.01.2022)",FSSAI,Compendium_Contaminants_Regulations_28_01_2022-FSSAI.pdf,3.0,https://www.fssai.gov.in/upload/uploadfiles/files/Compendium_Packaging_Labelling_Regulations_28_01_2022.pdf
Cephalopods,,Lead,Heavy metal,1.0,mg/kg or mg/L (ppm),Cephalopods,"FSSAI (Contaminants, Toxins and Residues) Regulations, 2011 - Version VI (27.01.2022)",FSSAI,Compendium_Contaminants_Regulations_28_01_2022-FSSAI.pdf,3.0,https://www.fssai.gov.in/upload/uploadfiles/files/Compendium_Packaging_Labelling_Regulations_28_01_2022.pdf
"Cereal grains, except buckwheat, canihua and quinoa Chlorophyll",,Lead,Heavy metal,10,mg/kg or mg/L (ppm),"Cereal grains, except buckwheat, canihua and quinoa Chlorophyll","FSSAI (Contaminants, Toxins and Residues) Regulations, 2011 - Version VI (27.01.2022)",FSSAI,Compendium_Contaminants_Regulations_28_01_2022-FSSAI.pdf,3.0,https://www.fssai.gov.in/upload/uploadfiles/files/Compendium_Packaging_Labelling_Regulations_28_01_2022.pdf
Citric acid,,Lead,Heavy metal,0.5,mg/kg or mg/L (ppm),Citric acid,"FSSAI (Contaminants, Toxins and Residues) Regulations, 2011 - Version VI (27.01.2022)",FSSAI,Compendium_Contaminants_Regulations_28_01_2022-FSSAI.pdf,3.0,https://www.fssai.gov.in/upload/uploadfiles/files/Compendium_Packaging_Labelling_Regulations_28_01_2022.pdf
Citrus fruits,,Lead,Heavy metal,0.1,mg/kg or mg/L (ppm),Citrus fruits,"FSSAI (Contaminants, Toxins and Residues) Regulations, 2011 - Version VI (27.01.2022)",FSSAI,Compendium_Contaminants_Regulations_28_01_2022-FSSAI.pdf,3.0,https://www.fssai.gov.in/upload/uploadfiles/files/Compendium_Packaging_Labelling_Regulations_28_01_2022.pdf
Cocoa powder,,Lead,Heavy metal,5.0,mg/kg or mg/L (ppm),Cocoa powder,"FSSAI (Contaminants, Toxins and Residues) Regulations, 2011 - Version VI (27.01.2022)",FSSAI,Compendium_Contaminants_Regulations_28_01_2022-FSSAI.pdf,3.0,https://www.fssai.gov.in/upload/uploadfiles/files/Compendium_Packaging_Labelling_Regulations_28_01_2022.pdf
"free substance basis Concentrated soft drinks (but not including concentrates used in the manufacture of soft drinks) Concentrates used in the manufacture of soft drinks, lime juice and lemon juice Corned beef, Luncheon meat, Cooked ham, Chopped meat, Canned chicken, Canned mutton and Goat meat and other related meat products Crustaceans",,Lead,Heavy metal,0.5,mg/kg or mg/L (ppm),"free substance basis Concentrated soft drinks (but not including concentrates used in the manufacture of soft drinks) Concentrates used in the manufacture of soft drinks, lime juice and lemon juice Corned beef, Luncheon meat, Cooked ham, Chopped meat, Canned chicken, Canned mutton and Goat meat and other related meat products Crustaceans","FSSAI (Contaminants, Toxins and Residues) Regulations, 2011 - Version VI (27.01.2022)",FSSAI,Compendium_Contaminants_Regulations_28_01_2022-FSSAI.pdf,3.0,https://www.fssai.gov.in/upload/uploadfiles/files/Compendium_Packaging_Labelling_Regulations_28_01_2022.pdf
"Dehydrated onions, dried herbs and spices, curry powder and mix masalas, flavourings, alginic acid, alignates, agar, carrageen and similar products derived from seaweed 10 on dry matter basis Dicalcium phosphate",,Lead,Heavy metal,4.0,mg/kg or mg/L (ppm),"Dehydrated onions, dried herbs and spices, curry powder and mix masalas, flavourings, alginic acid, alignates, agar, carrageen and similar products derived from seaweed 10 on dry matter basis Dicalcium phosphate","FSSAI (Contaminants, Toxins and Residues) Regulations, 2011 - Version VI (27.01.2022)",FSSAI,Compendium_Contaminants_Regulations_28_01_2022-FSSAI.pdf,3.0,https://www.fssai.gov.in/upload/uploadfiles/files/Compendium_Packaging_Labelling_Regulations_28_01_2022.pdf
Dodecyl gallate,,Lead,Heavy metal,2.0,mg/kg or mg/L (ppm),Dodecyl gallate,"FSSAI (Contaminants, Toxins and Residues) Regulations, 2011 - Version VI (27.01.2022)",FSSAI,Compendium_Contaminants_Regulations_28_01_2022-FSSAI.pdf,3.0,https://www.fssai.gov.in/upload/uploadfiles/files/Compendium_Packaging_Labelling_Regulations_28_01_2022.pdf
"Edible fats and oils (edible fats and oils not covered by individual standards) Edible molasses, caramel liquid, solid glucose and starch conversion products with a sulphated ash content exceeding 1.0 per cent Edible oils and fats",,Lead,Heavy metal,0.5,mg/kg or mg/L (ppm),"Edible fats and oils (edible fats and oils not covered by individual standards) Edible molasses, caramel liquid, solid glucose and starch conversion products with a sulphated ash content exceeding 1.0 per cent Edible oils and fats","FSSAI (Contaminants, Toxins and Residues) Regulations, 2011 - Version VI (27.01.2022)",FSSAI,Compendium_Contaminants_Regulations_28_01_2022-FSSAI.pdf,4.0,https://www.fssai.gov.in/upload/uploadfiles/files/Compendium_Packaging_Labelling_Regulations_28_01_2022.pdf
Erythrosine,,Lead,Heavy metal,10,mg/kg or mg/L (ppm),Erythrosine,"FSSAI (Contaminants, Toxins and Residues) Regulations, 2011 - Version VI (27.01.2022)",FSSAI,Compendium_Contaminants_Regulations_28_01_2022-FSSAI.pdf,4.0,https://www.fssai.gov.in/upload/uploadfiles/files/Compendium_Packaging_Labelling_Regulations_28_01_2022.pdf
Ethylester of Beta-apo-8'-carotenoic acid,,Lead,Heavy metal,2.0,mg/kg or mg/L (ppm),Ethylester of Beta-apo-8'-carotenoic acid,"FSSAI (Contaminants, Toxins and Residues) Regulations, 2011 - Version VI (27.01.2022)",FSSAI,Compendium_Contaminants_Regulations_28_01_2022-FSSAI.pdf,4.0,https://www.fssai.gov.in/upload/uploadfiles/files/Compendium_Packaging_Labelling_Regulations_28_01_2022.pdf
Fast green FCF,,Lead,Heavy metal,10,mg/kg or mg/L (ppm),Fast green FCF,"FSSAI (Contaminants, Toxins and Residues) Regulations, 2011 - Version VI (27.01.2022)",FSSAI,Compendium_Contaminants_Regulations_28_01_2022-FSSAI.pdf,4.0,https://www.fssai.gov.in/upload/uploadfiles/files/Compendium_Packaging_Labelling_Regulations_28_01_2022.pdf
Fish,,Lead,Heavy metal,0.3,mg/kg or mg/L (ppm),Fish,"FSSAI (Contaminants, Toxins and Residues) Regulations, 2011 - Version VI (27.01.2022)",FSSAI,Compendium_Contaminants_Regulations_28_01_2022-FSSAI.pdf,4.0,https://www.fssai.gov.in/upload/uploadfiles/files/Compendium_Packaging_Labelling_Regulations_28_01_2022.pdf
Food colours other than caramel,,Lead,Heavy metal,10,mg/kg or mg/L (ppm),Food colours other than caramel,"FSSAI (Contaminants, Toxins and Residues) Regulations, 2011 - Version VI (27.01.2022)",FSSAI,Compendium_Contaminants_Regulations_28_01_2022-FSSAI.pdf,4.0,https://www.fssai.gov.in/upload/uploadfiles/files/Compendium_Packaging_Labelling_Regulations_28_01_2022.pdf
colouring matter basis Foods not specified,,Lead,Heavy metal,2.5,mg/kg or mg/L (ppm),colouring matter basis Foods not specified,"FSSAI (Contaminants, Toxins and Residues) Regulations, 2011 - Version VI (27.01.2022)",FSSAI,Compendium_Contaminants_Regulations_28_01_2022-FSSAI.pdf,4.0,https://www.fssai.gov.in/upload/uploadfiles/files/Compendium_Packaging_Labelling_Regulations_28_01_2022.pdf
"Fruit and vegetable juice (including tomato juice, but not including lime juice and lemon juice) Fruit Juices (including nectars; ready to drink)",,Lead,Heavy metal,0.05,mg/kg or mg/L (ppm),"Fruit and vegetable juice (including tomato juice, but not including lime juice and lemon juice) Fruit Juices (including nectars; ready to drink)","FSSAI (Contaminants, Toxins and Residues) Regulations, 2011 - Version VI (27.01.2022)",FSSAI,Compendium_Contaminants_Regulations_28_01_2022-FSSAI.pdf,4.0,https://www.fssai.gov.in/upload/uploadfiles/files/Compendium_Packaging_Labelling_Regulations_28_01_2022.pdf
"Fruiting vegetables other than cucurbits(excluding mushrooms) Fruiting vegetables, cucurbits",,Lead,Heavy metal,0.1,mg/kg or mg/L (ppm),"Fruiting vegetables other than cucurbits(excluding mushrooms) Fruiting vegetables, cucurbits","FSSAI (Contaminants, Toxins and Residues) Regulations, 2011 - Version VI (27.01.2022)",FSSAI,Compendium_Contaminants_Regulations_28_01_2022-FSSAI.pdf,4.0,https://www.fssai.gov.in/upload/uploadfiles/files/Compendium_Packaging_Labelling_Regulations_28_01_2022.pdf
Fumaric acid,,Lead,Heavy metal,2.0,mg/kg or mg/L (ppm),Fumaric acid,"FSSAI (Contaminants, Toxins and Residues) Regulations, 2011 - Version VI (27.01.2022)",FSSAI,Compendium_Contaminants_Regulations_28_01_2022-FSSAI.pdf,4.0,https://www.fssai.gov.in/upload/uploadfiles/files/Compendium_Packaging_Labelling_Regulations_28_01_2022.pdf
Gaur gum,,Lead,Heavy metal,2.0,mg/kg or mg/L (ppm),Gaur gum,"FSSAI (Contaminants, Toxins and Residues) Regulations, 2011 - Version VI (27.01.2022)",FSSAI,Compendium_Contaminants_Regulations_28_01_2022-FSSAI.pdf,4.0,https://www.fssai.gov.in/upload/uploadfiles/files/Compendium_Packaging_Labelling_Regulations_28_01_2022.pdf
Glycerol esters of Wood rosin,,Lead,Heavy metal,1.0,mg/kg or mg/L (ppm),Glycerol esters of Wood rosin,"FSSAI (Contaminants, Toxins and Residues) Regulations, 2011 - Version VI (27.01.2022)",FSSAI,Compendium_Contaminants_Regulations_28_01_2022-FSSAI.pdf,4.0,https://www.fssai.gov.in/upload/uploadfiles/files/Compendium_Packaging_Labelling_Regulations_28_01_2022.pdf
Gum Arabic or Acacia gum,,Lead,Heavy metal,3.0,mg/kg or mg/L (ppm),Gum Arabic or Acacia gum,"FSSAI (Contaminants, Toxins and Residues) Regulations, 2011 - Version VI (27.01.2022)",FSSAI,Compendium_Contaminants_Regulations_28_01_2022-FSSAI.pdf,4.0,https://www.fssai.gov.in/upload/uploadfiles/files/Compendium_Packaging_Labelling_Regulations_28_01_2022.pdf
Gum ghatti,,Lead,Heavy metal,5.0,mg/kg or mg/L (ppm),Gum ghatti,"FSSAI (Contaminants, Toxins and Residues) Regulations, 2011 - Version VI (27.01.2022)",FSSAI,Compendium_Contaminants_Regulations_28_01_2022-FSSAI.pdf,4.0,https://www.fssai.gov.in/upload/uploadfiles/files/Compendium_Packaging_Labelling_Regulations_28_01_2022.pdf
Gum karaya,,Lead,Heavy metal,2.0,mg/kg or mg/L (ppm),Gum karaya,"FSSAI (Contaminants, Toxins and Residues) Regulations, 2011 - Version VI (27.01.2022)",FSSAI,Compendium_Contaminants_Regulations_28_01_2022-FSSAI.pdf,4.0,https://www.fssai.gov.in/upload/uploadfiles/files/Compendium_Packaging_Labelling_Regulations_28_01_2022.pdf
Hard boiled sugar confectionery,,Lead,Heavy metal,2.0,mg/kg or mg/L (ppm),Hard boiled sugar confectionery,"FSSAI (Contaminants, Toxins and Residues) Regulations, 2011 - Version VI (27.01.2022)",FSSAI,Compendium_Contaminants_Regulations_28_01_2022-FSSAI.pdf,4.0,https://www.fssai.gov.in/upload/uploadfiles/files/Compendium_Packaging_Labelling_Regulations_28_01_2022.pdf
"Ice-cream, iced lollies and similar frozen confections Indigo carmine",,Lead,Heavy metal,10,mg/kg or mg/L (ppm),"Ice-cream, iced lollies and similar frozen confections Indigo carmine","FSSAI (Contaminants, Toxins and Residues) Regulations, 2011 - Version VI (27.01.2022)",FSSAI,Compendium_Contaminants_Regulations_28_01_2022-FSSAI.pdf,4.0,https://www.fssai.gov.in/upload/uploadfiles/files/Compendium_Packaging_Labelling_Regulations_28_01_2022.pdf
Infant formula (ready to use),,Lead,Heavy metal,0.02,mg/kg or mg/L (ppm),Infant formula (ready to use),"FSSAI (Contaminants, Toxins and Residues) Regulations, 2011 - Version VI (27.01.2022)",FSSAI,Compendium_Contaminants_Regulations_28_01_2022-FSSAI.pdf,4.0,https://www.fssai.gov.in/upload/uploadfiles/files/Compendium_Packaging_Labelling_Regulations_28_01_2022.pdf
Infant milk substitutes and Infant foods,,Lead,Heavy metal,0.2,mg/kg or mg/L (ppm),Infant milk substitutes and Infant foods,"FSSAI (Contaminants, Toxins and Residues) Regulations, 2011 - Version VI (27.01.2022)",FSSAI,Compendium_Contaminants_Regulations_28_01_2022-FSSAI.pdf,4.0,https://www.fssai.gov.in/upload/uploadfiles/files/Compendium_Packaging_Labelling_Regulations_28_01_2022.pdf
Iron fortified common salt,,Lead,Heavy metal,2.0,mg/kg or mg/L (ppm),Iron fortified common salt,"FSSAI (Contaminants, Toxins and Residues) Regulations, 2011 - Version VI (27.01.2022)",FSSAI,Compendium_Contaminants_Regulations_28_01_2022-FSSAI.pdf,4.0,https://www.fssai.gov.in/upload/uploadfiles/files/Compendium_Packaging_Labelling_Regulations_28_01_2022.pdf
Jam (fruit preserves) and jellies,,Lead,Heavy metal,1.0,mg/kg or mg/L (ppm),Jam (fruit preserves) and jellies,"FSSAI (Contaminants, Toxins and Residues) Regulations, 2011 - Version VI (27.01.2022)",FSSAI,Compendium_Contaminants_Regulations_28_01_2022-FSSAI.pdf,4.0,https://www.fssai.gov.in/upload/uploadfiles/files/Compendium_Packaging_Labelling_Regulations_28_01_2022.pdf
L (+) -Tartaric acid,,Lead,Heavy metal,2.0,mg/kg or mg/L (ppm),L (+) -Tartaric acid,"FSSAI (Contaminants, Toxins and Residues) Regulations, 2011 - Version VI (27.01.2022)",FSSAI,Compendium_Contaminants_Regulations_28_01_2022-FSSAI.pdf,4.0,https://www.fssai.gov.in/upload/uploadfiles/files/Compendium_Packaging_Labelling_Regulations_28_01_2022.pdf
Lactic acid,,Lead,Heavy metal,2.0,mg/kg or mg/L (ppm),Lactic acid,"FSSAI (Contaminants, Toxins and Residues) Regulations, 2011 - Version VI (27.01.2022)",FSSAI,Compendium_Contaminants_Regulations_28_01_2022-FSSAI.pdf,4.0,https://www.fssai.gov.in/upload/uploadfiles/files/Compendium_Packaging_Labelling_Regulations_28_01_2022.pdf
Leafy vegetables (including brassica leafy vegetables but excluding spinach) Legume vegetables,,Lead,Heavy metal,0.2,mg/kg or mg/L (ppm),Leafy vegetables (including brassica leafy vegetables but excluding spinach) Legume vegetables,"FSSAI (Contaminants, Toxins and Residues) Regulations, 2011 - Version VI (27.01.2022)",FSSAI,Compendium_Contaminants_Regulations_28_01_2022-FSSAI.pdf,4.0,https://www.fssai.gov.in/upload/uploadfiles/files/Compendium_Packaging_Labelling_Regulations_28_01_2022.pdf
"Liquid pectin, chemicals not otherwise specified, used as ingredients or in the preparation or processing of food 10 Malic acid",,Lead,Heavy metal,2.0,mg/kg or mg/L (ppm),"Liquid pectin, chemicals not otherwise specified, used as ingredients or in the preparation or processing of food 10 Malic acid","FSSAI (Contaminants, Toxins and Residues) Regulations, 2011 - Version VI (27.01.2022)",FSSAI,Compendium_Contaminants_Regulations_28_01_2022-FSSAI.pdf,4.0,https://www.fssai.gov.in/upload/uploadfiles/files/Compendium_Packaging_Labelling_Regulations_28_01_2022.pdf
Mango chutney,,Lead,Heavy metal,1.0,mg/kg or mg/L (ppm),Mango chutney,"FSSAI (Contaminants, Toxins and Residues) Regulations, 2011 - Version VI (27.01.2022)",FSSAI,Compendium_Contaminants_Regulations_28_01_2022-FSSAI.pdf,4.0,https://www.fssai.gov.in/upload/uploadfiles/files/Compendium_Packaging_Labelling_Regulations_28_01_2022.pdf
Margarine,,Lead,Heavy metal,0.1,mg/kg or mg/L (ppm),Margarine,"FSSAI (Contaminants, Toxins and Residues) Regulations, 2011 - Version VI (27.01.2022)",FSSAI,Compendium_Contaminants_Regulations_28_01_2022-FSSAI.pdf,5.0,https://www.fssai.gov.in/upload/uploadfiles/files/Compendium_Packaging_Labelling_Regulations_28_01_2022.pdf
"Meat of cattle, sheep and pig (also applies to fat from meat) Milks (Concentration factor shall be applied to partially or wholly dehydrated milks) Minarine (Low Fat Spread)",,Lead,Heavy metal,0.1,mg/kg or mg/L (ppm),"Meat of cattle, sheep and pig (also applies to fat from meat) Milks (Concentration factor shall be applied to partially or wholly dehydrated milks) Minarine (Low Fat Spread)","FSSAI (Contaminants, Toxins and Residues) Regulations, 2011 - Version VI (27.01.2022)",FSSAI,Compendium_Contaminants_Regulations_28_01_2022-FSSAI.pdf,5.0,https://www.fssai.gov.in/upload/uploadfiles/files/Compendium_Packaging_Labelling_Regulations_28_01_2022.pdf
Mineral Oil (High viscosity),,Lead,Heavy metal,1.0,mg/kg or mg/L (ppm),Mineral Oil (High viscosity),"FSSAI (Contaminants, Toxins and Residues) Regulations, 2011 - Version VI (27.01.2022)",FSSAI,Compendium_Contaminants_Regulations_28_01_2022-FSSAI.pdf,5.0,https://www.fssai.gov.in/upload/uploadfiles/files/Compendium_Packaging_Labelling_Regulations_28_01_2022.pdf
Mineral Oil (Low viscosity),,Lead,Heavy metal,1.0,mg/kg or mg/L (ppm),Mineral Oil (Low viscosity),"FSSAI (Contaminants, Toxins and Residues) Regulations, 2011 - Version VI (27.01.2022)",FSSAI,Compendium_Contaminants_Regulations_28_01_2022-FSSAI.pdf,5.0,https://www.fssai.gov.in/upload/uploadfiles/files/Compendium_Packaging_Labelling_Regulations_28_01_2022.pdf
Monosodium L-glutamate,,Lead,Heavy metal,1.0,mg/kg or mg/L (ppm),Monosodium L-glutamate,"FSSAI (Contaminants, Toxins and Residues) Regulations, 2011 - Version VI (27.01.2022)",FSSAI,Compendium_Contaminants_Regulations_28_01_2022-FSSAI.pdf,5.0,https://www.fssai.gov.in/upload/uploadfiles/files/Compendium_Packaging_Labelling_Regulations_28_01_2022.pdf
"Named Animal fats (lard, rendered pork fat, premier jus (suet) and edible tallow) Natural mineral water, expressed in mg/L",,Lead,Heavy metal,0.01,mg/kg or mg/L (ppm),"Named Animal fats (lard, rendered pork fat, premier jus (suet) and edible tallow) Natural mineral water, expressed in mg/L","FSSAI (Contaminants, Toxins and Residues) Regulations, 2011 - Version VI (27.01.2022)",FSSAI,Compendium_Contaminants_Regulations_28_01_2022-FSSAI.pdf,5.0,https://www.fssai.gov.in/upload/uploadfiles/files/Compendium_Packaging_Labelling_Regulations_28_01_2022.pdf
Octyl gallate,,Lead,Heavy metal,2.0,mg/kg or mg/L (ppm),Octyl gallate,"FSSAI (Contaminants, Toxins and Residues) Regulations, 2011 - Version VI (27.01.2022)",FSSAI,Compendium_Contaminants_Regulations_28_01_2022-FSSAI.pdf,5.0,https://www.fssai.gov.in/upload/uploadfiles/files/Compendium_Packaging_Labelling_Regulations_28_01_2022.pdf
"Olive oil, Virgin olive oil, Extra virgin olive oil, Ordinary virgin olive oil, Refined olive oil, Refined olive pomace oil and Olive pomace oil Other vegetables",,Lead,Heavy metal,2.5,mg/kg or mg/L (ppm),"Olive oil, Virgin olive oil, Extra virgin olive oil, Ordinary virgin olive oil, Refined olive oil, Refined olive pomace oil and Olive pomace oil Other vegetables","FSSAI (Contaminants, Toxins and Residues) Regulations, 2011 - Version VI (27.01.2022)",FSSAI,Compendium_Contaminants_Regulations_28_01_2022-FSSAI.pdf,5.0,https://www.fssai.gov.in/upload/uploadfiles/files/Compendium_Packaging_Labelling_Regulations_28_01_2022.pdf
"Packaged drinking water (other than mineral water), expressed in mg/L Pectin",,Lead,Heavy metal,2.0,mg/kg or mg/L (ppm),"Packaged drinking water (other than mineral water), expressed in mg/L Pectin","FSSAI (Contaminants, Toxins and Residues) Regulations, 2011 - Version VI (27.01.2022)",FSSAI,Compendium_Contaminants_Regulations_28_01_2022-FSSAI.pdf,5.0,https://www.fssai.gov.in/upload/uploadfiles/files/Compendium_Packaging_Labelling_Regulations_28_01_2022.pdf
Phosphoric acid,,Lead,Heavy metal,4.0,mg/kg or mg/L (ppm),Phosphoric acid,"FSSAI (Contaminants, Toxins and Residues) Regulations, 2011 - Version VI (27.01.2022)",FSSAI,Compendium_Contaminants_Regulations_28_01_2022-FSSAI.pdf,5.0,https://www.fssai.gov.in/upload/uploadfiles/files/Compendium_Packaging_Labelling_Regulations_28_01_2022.pdf
Pickled cucumbers (Cucumber pickles),,Lead,Heavy metal,1.0,mg/kg or mg/L (ppm),Pickled cucumbers (Cucumber pickles),"FSSAI (Contaminants, Toxins and Residues) Regulations, 2011 - Version VI (27.01.2022)",FSSAI,Compendium_Contaminants_Regulations_28_01_2022-FSSAI.pdf,5.0,https://www.fssai.gov.in/upload/uploadfiles/files/Compendium_Packaging_Labelling_Regulations_28_01_2022.pdf
"Pig, edible offal of",,Lead,Heavy metal,0.5,mg/kg or mg/L (ppm),"Pig, edible offal of","FSSAI (Contaminants, Toxins and Residues) Regulations, 2011 - Version VI (27.01.2022)",FSSAI,Compendium_Contaminants_Regulations_28_01_2022-FSSAI.pdf,5.0,https://www.fssai.gov.in/upload/uploadfiles/files/Compendium_Packaging_Labelling_Regulations_28_01_2022.pdf
Polyglycerol esters of fatty acids,,Lead,Heavy metal,2.0,mg/kg or mg/L (ppm),Polyglycerol esters of fatty acids,"FSSAI (Contaminants, Toxins and Residues) Regulations, 2011 - Version VI (27.01.2022)",FSSAI,Compendium_Contaminants_Regulations_28_01_2022-FSSAI.pdf,5.0,https://www.fssai.gov.in/upload/uploadfiles/files/Compendium_Packaging_Labelling_Regulations_28_01_2022.pdf
Polyglycerol esters of interesterified ricinoleic acid Pome fruits,,Lead,Heavy metal,0.1,mg/kg or mg/L (ppm),Polyglycerol esters of interesterified ricinoleic acid Pome fruits,"FSSAI (Contaminants, Toxins and Residues) Regulations, 2011 - Version VI (27.01.2022)",FSSAI,Compendium_Contaminants_Regulations_28_01_2022-FSSAI.pdf,5.0,https://www.fssai.gov.in/upload/uploadfiles/files/Compendium_Packaging_Labelling_Regulations_28_01_2022.pdf
Ponceau 4R,,Lead,Heavy metal,10,mg/kg or mg/L (ppm),Ponceau 4R,"FSSAI (Contaminants, Toxins and Residues) Regulations, 2011 - Version VI (27.01.2022)",FSSAI,Compendium_Contaminants_Regulations_28_01_2022-FSSAI.pdf,5.0,https://www.fssai.gov.in/upload/uploadfiles/files/Compendium_Packaging_Labelling_Regulations_28_01_2022.pdf
Potassium iodate,,Lead,Heavy metal,10,mg/kg or mg/L (ppm),Potassium iodate,"FSSAI (Contaminants, Toxins and Residues) Regulations, 2011 - Version VI (27.01.2022)",FSSAI,Compendium_Contaminants_Regulations_28_01_2022-FSSAI.pdf,5.0,https://www.fssai.gov.in/upload/uploadfiles/files/Compendium_Packaging_Labelling_Regulations_28_01_2022.pdf
Potassium metabisulphite,,Lead,Heavy metal,2.0,mg/kg or mg/L (ppm),Potassium metabisulphite,"FSSAI (Contaminants, Toxins and Residues) Regulations, 2011 - Version VI (27.01.2022)",FSSAI,Compendium_Contaminants_Regulations_28_01_2022-FSSAI.pdf,5.0,https://www.fssai.gov.in/upload/uploadfiles/files/Compendium_Packaging_Labelling_Regulations_28_01_2022.pdf
Potassium nitrate,,Lead,Heavy metal,2.0,mg/kg or mg/L (ppm),Potassium nitrate,"FSSAI (Contaminants, Toxins and Residues) Regulations, 2011 - Version VI (27.01.2022)",FSSAI,Compendium_Contaminants_Regulations_28_01_2022-FSSAI.pdf,5.0,https://www.fssai.gov.in/upload/uploadfiles/files/Compendium_Packaging_Labelling_Regulations_28_01_2022.pdf
Potassium nitrite,,Lead,Heavy metal,2.0,mg/kg or mg/L (ppm),Potassium nitrite,"FSSAI (Contaminants, Toxins and Residues) Regulations, 2011 - Version VI (27.01.2022)",FSSAI,Compendium_Contaminants_Regulations_28_01_2022-FSSAI.pdf,5.0,https://www.fssai.gov.in/upload/uploadfiles/files/Compendium_Packaging_Labelling_Regulations_28_01_2022.pdf
Poultry fats,,Lead,Heavy metal,0.1,mg/kg or mg/L (ppm),Poultry fats,"FSSAI (Contaminants, Toxins and Residues) Regulations, 2011 - Version VI (27.01.2022)",FSSAI,Compendium_Contaminants_Regulations_28_01_2022-FSSAI.pdf,5.0,https://www.fssai.gov.in/upload/uploadfiles/files/Compendium_Packaging_Labelling_Regulations_28_01_2022.pdf
Poultry meat,,Lead,Heavy metal,0.1,mg/kg or mg/L (ppm),Poultry meat,"FSSAI (Contaminants, Toxins and Residues) Regulations, 2011 - Version VI (27.01.2022)",FSSAI,Compendium_Contaminants_Regulations_28_01_2022-FSSAI.pdf,5.0,https://www.fssai.gov.in/upload/uploadfiles/files/Compendium_Packaging_Labelling_Regulations_28_01_2022.pdf
"Poultry, edible offal of",,Lead,Heavy metal,0.5,mg/kg or mg/L (ppm),"Poultry, edible offal of","FSSAI (Contaminants, Toxins and Residues) Regulations, 2011 - Version VI (27.01.2022)",FSSAI,Compendium_Contaminants_Regulations_28_01_2022-FSSAI.pdf,5.0,https://www.fssai.gov.in/upload/uploadfiles/files/Compendium_Packaging_Labelling_Regulations_28_01_2022.pdf
Processed tomato concentrates,,Lead,Heavy metal,1.5,mg/kg or mg/L (ppm),Processed tomato concentrates,"FSSAI (Contaminants, Toxins and Residues) Regulations, 2011 - Version VI (27.01.2022)",FSSAI,Compendium_Contaminants_Regulations_28_01_2022-FSSAI.pdf,5.0,https://www.fssai.gov.in/upload/uploadfiles/files/Compendium_Packaging_Labelling_Regulations_28_01_2022.pdf
Propyl gallate,,Lead,Heavy metal,2.0,mg/kg or mg/L (ppm),Propyl gallate,"FSSAI (Contaminants, Toxins and Residues) Regulations, 2011 - Version VI (27.01.2022)",FSSAI,Compendium_Contaminants_Regulations_28_01_2022-FSSAI.pdf,5.0,https://www.fssai.gov.in/upload/uploadfiles/files/Compendium_Packaging_Labelling_Regulations_28_01_2022.pdf
Propylene glycol,,Lead,Heavy metal,2.0,mg/kg or mg/L (ppm),Propylene glycol,"FSSAI (Contaminants, Toxins and Residues) Regulations, 2011 - Version VI (27.01.2022)",FSSAI,Compendium_Contaminants_Regulations_28_01_2022-FSSAI.pdf,5.0,https://www.fssai.gov.in/upload/uploadfiles/files/Compendium_Packaging_Labelling_Regulations_28_01_2022.pdf
Pulses,,Lead,Heavy metal,0.2,mg/kg or mg/L (ppm),Pulses,"FSSAI (Contaminants, Toxins and Residues) Regulations, 2011 - Version VI (27.01.2022)",FSSAI,Compendium_Contaminants_Regulations_28_01_2022-FSSAI.pdf,5.0,https://www.fssai.gov.in/upload/uploadfiles/files/Compendium_Packaging_Labelling_Regulations_28_01_2022.pdf
Raw sugars except those sold for direct consumption or used for manufacturing purpose other than the manufacture of refined sugar Riboflavin,,Lead,Heavy metal,20,mg/kg or mg/L (ppm),Raw sugars except those sold for direct consumption or used for manufacturing purpose other than the manufacture of refined sugar Riboflavin,"FSSAI (Contaminants, Toxins and Residues) Regulations, 2011 - Version VI (27.01.2022)",FSSAI,Compendium_Contaminants_Regulations_28_01_2022-FSSAI.pdf,5.0,https://www.fssai.gov.in/upload/uploadfiles/files/Compendium_Packaging_Labelling_Regulations_28_01_2022.pdf
Root and tuber vegetables,,Lead,Heavy metal,0.1,mg/kg or mg/L (ppm),Root and tuber vegetables,"FSSAI (Contaminants, Toxins and Residues) Regulations, 2011 - Version VI (27.01.2022)",FSSAI,Compendium_Contaminants_Regulations_28_01_2022-FSSAI.pdf,5.0,https://www.fssai.gov.in/upload/uploadfiles/files/Compendium_Packaging_Labelling_Regulations_28_01_2022.pdf
Saccharin sodium,,Lead,Heavy metal,10,mg/kg or mg/L (ppm),Saccharin sodium,"FSSAI (Contaminants, Toxins and Residues) Regulations, 2011 - Version VI (27.01.2022)",FSSAI,Compendium_Contaminants_Regulations_28_01_2022-FSSAI.pdf,6.0,https://www.fssai.gov.in/upload/uploadfiles/files/Compendium_Packaging_Labelling_Regulations_28_01_2022.pdf
"Salt, food grade",,Lead,Heavy metal,2.0,mg/kg or mg/L (ppm),"Salt, food grade","FSSAI (Contaminants, Toxins and Residues) Regulations, 2011 - Version VI (27.01.2022)",FSSAI,Compendium_Contaminants_Regulations_28_01_2022-FSSAI.pdf,6.0,https://www.fssai.gov.in/upload/uploadfiles/files/Compendium_Packaging_Labelling_Regulations_28_01_2022.pdf
Secondary milk products (as consumed),,Lead,Heavy metal,0.02,mg/kg or mg/L (ppm),Secondary milk products (as consumed),"FSSAI (Contaminants, Toxins and Residues) Regulations, 2011 - Version VI (27.01.2022)",FSSAI,Compendium_Contaminants_Regulations_28_01_2022-FSSAI.pdf,6.0,https://www.fssai.gov.in/upload/uploadfiles/files/Compendium_Packaging_Labelling_Regulations_28_01_2022.pdf
Sodium alginate,,Lead,Heavy metal,5.0,mg/kg or mg/L (ppm),Sodium alginate,"FSSAI (Contaminants, Toxins and Residues) Regulations, 2011 - Version VI (27.01.2022)",FSSAI,Compendium_Contaminants_Regulations_28_01_2022-FSSAI.pdf,6.0,https://www.fssai.gov.in/upload/uploadfiles/files/Compendium_Packaging_Labelling_Regulations_28_01_2022.pdf
Sodium ascorbate,,Lead,Heavy metal,2.0,mg/kg or mg/L (ppm),Sodium ascorbate,"FSSAI (Contaminants, Toxins and Residues) Regulations, 2011 - Version VI (27.01.2022)",FSSAI,Compendium_Contaminants_Regulations_28_01_2022-FSSAI.pdf,6.0,https://www.fssai.gov.in/upload/uploadfiles/files/Compendium_Packaging_Labelling_Regulations_28_01_2022.pdf
Sodium benzoate,,Lead,Heavy metal,2.0,mg/kg or mg/L (ppm),Sodium benzoate,"FSSAI (Contaminants, Toxins and Residues) Regulations, 2011 - Version VI (27.01.2022)",FSSAI,Compendium_Contaminants_Regulations_28_01_2022-FSSAI.pdf,6.0,https://www.fssai.gov.in/upload/uploadfiles/files/Compendium_Packaging_Labelling_Regulations_28_01_2022.pdf
Sodium carboxymethyl cellulose,,Lead,Heavy metal,2.0,mg/kg or mg/L (ppm),Sodium carboxymethyl cellulose,"FSSAI (Contaminants, Toxins and Residues) Regulations, 2011 - Version VI (27.01.2022)",FSSAI,Compendium_Contaminants_Regulations_28_01_2022-FSSAI.pdf,6.0,https://www.fssai.gov.in/upload/uploadfiles/files/Compendium_Packaging_Labelling_Regulations_28_01_2022.pdf
"Sodium carboxymethyl cellulose, enzyme hydrolysed Sodium hydroxide",,Lead,Heavy metal,2.0,mg/kg or mg/L (ppm),"Sodium carboxymethyl cellulose, enzyme hydrolysed Sodium hydroxide","FSSAI (Contaminants, Toxins and Residues) Regulations, 2011 - Version VI (27.01.2022)",FSSAI,Compendium_Contaminants_Regulations_28_01_2022-FSSAI.pdf,6.0,https://www.fssai.gov.in/upload/uploadfiles/files/Compendium_Packaging_Labelling_Regulations_28_01_2022.pdf
Sodium metabisulphite,,Lead,Heavy metal,2.0,mg/kg or mg/L (ppm),Sodium metabisulphite,"FSSAI (Contaminants, Toxins and Residues) Regulations, 2011 - Version VI (27.01.2022)",FSSAI,Compendium_Contaminants_Regulations_28_01_2022-FSSAI.pdf,6.0,https://www.fssai.gov.in/upload/uploadfiles/files/Compendium_Packaging_Labelling_Regulations_28_01_2022.pdf
Sodium propionate,,Lead,Heavy metal,5.0,mg/kg or mg/L (ppm),Sodium propionate,"FSSAI (Contaminants, Toxins and Residues) Regulations, 2011 - Version VI (27.01.2022)",FSSAI,Compendium_Contaminants_Regulations_28_01_2022-FSSAI.pdf,6.0,https://www.fssai.gov.in/upload/uploadfiles/files/Compendium_Packaging_Labelling_Regulations_28_01_2022.pdf
Solid pectin,,Lead,Heavy metal,50,mg/kg or mg/L (ppm),Solid pectin,"FSSAI (Contaminants, Toxins and Residues) Regulations, 2011 - Version VI (27.01.2022)",FSSAI,Compendium_Contaminants_Regulations_28_01_2022-FSSAI.pdf,6.0,https://www.fssai.gov.in/upload/uploadfiles/files/Compendium_Packaging_Labelling_Regulations_28_01_2022.pdf
Sorbic acid,,Lead,Heavy metal,2.0,mg/kg or mg/L (ppm),Sorbic acid,"FSSAI (Contaminants, Toxins and Residues) Regulations, 2011 - Version VI (27.01.2022)",FSSAI,Compendium_Contaminants_Regulations_28_01_2022-FSSAI.pdf,6.0,https://www.fssai.gov.in/upload/uploadfiles/files/Compendium_Packaging_Labelling_Regulations_28_01_2022.pdf
Sorbitol,,Lead,Heavy metal,1.0,mg/kg or mg/L (ppm),Sorbitol,"FSSAI (Contaminants, Toxins and Residues) Regulations, 2011 - Version VI (27.01.2022)",FSSAI,Compendium_Contaminants_Regulations_28_01_2022-FSSAI.pdf,6.0,https://www.fssai.gov.in/upload/uploadfiles/files/Compendium_Packaging_Labelling_Regulations_28_01_2022.pdf
Steviol glycoside,,Lead,Heavy metal,1.0,mg/kg or mg/L (ppm),Steviol glycoside,"FSSAI (Contaminants, Toxins and Residues) Regulations, 2011 - Version VI (27.01.2022)",FSSAI,Compendium_Contaminants_Regulations_28_01_2022-FSSAI.pdf,6.0,https://www.fssai.gov.in/upload/uploadfiles/files/Compendium_Packaging_Labelling_Regulations_28_01_2022.pdf
Stone fruits,,Lead,Heavy metal,0.1,mg/kg or mg/L (ppm),Stone fruits,"FSSAI (Contaminants, Toxins and Residues) Regulations, 2011 - Version VI (27.01.2022)",FSSAI,Compendium_Contaminants_Regulations_28_01_2022-FSSAI.pdf,6.0,https://www.fssai.gov.in/upload/uploadfiles/files/Compendium_Packaging_Labelling_Regulations_28_01_2022.pdf
Sucralose,,Lead,Heavy metal,10,mg/kg or mg/L (ppm),Sucralose,"FSSAI (Contaminants, Toxins and Residues) Regulations, 2011 - Version VI (27.01.2022)",FSSAI,Compendium_Contaminants_Regulations_28_01_2022-FSSAI.pdf,6.0,https://www.fssai.gov.in/upload/uploadfiles/files/Compendium_Packaging_Labelling_Regulations_28_01_2022.pdf
Sulphur dioxide,,Lead,Heavy metal,5.0,mg/kg or mg/L (ppm),Sulphur dioxide,"FSSAI (Contaminants, Toxins and Residues) Regulations, 2011 - Version VI (27.01.2022)",FSSAI,Compendium_Contaminants_Regulations_28_01_2022-FSSAI.pdf,6.0,https://www.fssai.gov.in/upload/uploadfiles/files/Compendium_Packaging_Labelling_Regulations_28_01_2022.pdf
Sunset yellow,,Lead,Heavy metal,10,mg/kg or mg/L (ppm),Sunset yellow,"FSSAI (Contaminants, Toxins and Residues) Regulations, 2011 - Version VI (27.01.2022)",FSSAI,Compendium_Contaminants_Regulations_28_01_2022-FSSAI.pdf,6.0,https://www.fssai.gov.in/upload/uploadfiles/files/Compendium_Packaging_Labelling_Regulations_28_01_2022.pdf
Sunset yellow dye used in preparation of lake colour 10 Synthetic food colour-preparation and mixtures 10 Table olives,,Lead,Heavy metal,1.0,mg/kg or mg/L (ppm),Sunset yellow dye used in preparation of lake colour 10 Synthetic food colour-preparation and mixtures 10 Table olives,"FSSAI (Contaminants, Toxins and Residues) Regulations, 2011 - Version VI (27.01.2022)",FSSAI,Compendium_Contaminants_Regulations_28_01_2022-FSSAI.pdf,6.0,https://www.fssai.gov.in/upload/uploadfiles/files/Compendium_Packaging_Labelling_Regulations_28_01_2022.pdf
Tartrazine,,Lead,Heavy metal,10,mg/kg or mg/L (ppm),Tartrazine,"FSSAI (Contaminants, Toxins and Residues) Regulations, 2011 - Version VI (27.01.2022)",FSSAI,Compendium_Contaminants_Regulations_28_01_2022-FSSAI.pdf,6.0,https://www.fssai.gov.in/upload/uploadfiles/files/Compendium_Packaging_Labelling_Regulations_28_01_2022.pdf
Tea,,Lead,Heavy metal,5.0,mg/kg or mg/L (ppm),Tea,"FSSAI (Contaminants, Toxins and Residues) Regulations, 2011 - Version VI (27.01.2022)",FSSAI,Compendium_Contaminants_Regulations_28_01_2022-FSSAI.pdf,6.0,https://www.fssai.gov.in/upload/uploadfiles/files/Compendium_Packaging_Labelling_Regulations_28_01_2022.pdf
matter basis Titanium dioxide,,Lead,Heavy metal,2.0,mg/kg or mg/L (ppm),matter basis Titanium dioxide,"FSSAI (Contaminants, Toxins and Residues) Regulations, 2011 - Version VI (27.01.2022)",FSSAI,Compendium_Contaminants_Regulations_28_01_2022-FSSAI.pdf,6.0,https://www.fssai.gov.in/upload/uploadfiles/files/Compendium_Packaging_Labelling_Regulations_28_01_2022.pdf
Tragacanth gum,,Lead,Heavy metal,2.0,mg/kg or mg/L (ppm),Tragacanth gum,"FSSAI (Contaminants, Toxins and Residues) Regulations, 2011 - Version VI (27.01.2022)",FSSAI,Compendium_Contaminants_Regulations_28_01_2022-FSSAI.pdf,6.0,https://www.fssai.gov.in/upload/uploadfiles/files/Compendium_Packaging_Labelling_Regulations_28_01_2022.pdf
Trisodium citrate,,Lead,Heavy metal,2.0,mg/kg or mg/L (ppm),Trisodium citrate,"FSSAI (Contaminants, Toxins and Residues) Regulations, 2011 - Version VI (27.01.2022)",FSSAI,Compendium_Contaminants_Regulations_28_01_2022-FSSAI.pdf,6.0,https://www.fssai.gov.in/upload/uploadfiles/files/Compendium_Packaging_Labelling_Regulations_28_01_2022.pdf
Turmeric whole and powder,,Lead,Heavy metal,10,mg/kg or mg/L (ppm),Turmeric whole and powder,"FSSAI (Contaminants, Toxins and Residues) Regulations, 2011 - Version VI (27.01.2022)",FSSAI,Compendium_Contaminants_Regulations_28_01_2022-FSSAI.pdf,6.0,https://www.fssai.gov.in/upload/uploadfiles/files/Compendium_Packaging_Labelling_Regulations_28_01_2022.pdf
"Vegetable Oils, crude (oils of arachis (Groundnut), babasu, coconut, cotton seed, grape seed, maize, mustard seed, palm kernel, palm, rape seed, safflower seed, sesame seed, soya bean, and sunflower seed, and palm olein, stearin and superolein and other oils but excluding cocoa butter) Vegetable Oils, edible (oils of arachis (Groundnut), babasu, coconut, cotton seed, grape seed, maize, mustard seed, palm kernel, palm, rape seed, safflower seed, sesame seed, soya bean, and sunflower seed, and palm olein, stearin   and superolein   and other oils but excluding cocoa butter) Wine",,Lead,Heavy metal,0.2,mg/kg or mg/L (ppm),"Vegetable Oils, crude (oils of arachis (Groundnut), babasu, coconut, cotton seed, grape seed, maize, mustard seed, palm kernel, palm, rape seed, safflower seed, sesame seed, soya bean, and sunflower seed, and palm olein, stearin and superolein and other oils but excluding cocoa butter) Vegetable Oils, edible (oils of arachis (Groundnut), babasu, coconut, cotton seed, grape seed, maize, mustard seed, palm kernel, palm, rape seed, safflower seed, sesame seed, soya bean, and sunflower seed, and palm olein, stearin   and superolein   and other oils but excluding cocoa butter) Wine","FSSAI (Contaminants, Toxins and Residues) Regulations, 2011 - Version VI (27.01.2022)",FSSAI,Compendium_Contaminants_Regulations_28_01_2022-FSSAI.pdf,7.0,https://www.fssai.gov.in/upload/uploadfiles/files/Compendium_Packaging_Labelling_Regulations_28_01_2022.pdf
Yeast and yeast products,,Lead,Heavy metal,5.0,mg/kg or mg/L (ppm),Yeast and yeast products,"FSSAI (Contaminants, Toxins and Residues) Regulations, 2011 - Version VI (27.01.2022)",FSSAI,Compendium_Contaminants_Regulations_28_01_2022-FSSAI.pdf,7.0,https://www.fssai.gov.in/upload/uploadfiles/files/Compendium_Packaging_Labelling_Regulations_28_01_2022.pdf
Ammonium hydrogen carbonate,,Copper,Heavy metal,5.0,mg/kg or mg/L (ppm),Ammonium hydrogen carbonate,"FSSAI (Contaminants, Toxins and Residues) Regulations, 2011 - Version VI (27.01.2022)",FSSAI,Compendium_Contaminants_Regulations_28_01_2022-FSSAI.pdf,7.0,https://www.fssai.gov.in/upload/uploadfiles/files/Compendium_Packaging_Labelling_Regulations_28_01_2022.pdf
Annatto,,Copper,Heavy metal,30,mg/kg or mg/L (ppm),Annatto,"FSSAI (Contaminants, Toxins and Residues) Regulations, 2011 - Version VI (27.01.2022)",FSSAI,Compendium_Contaminants_Regulations_28_01_2022-FSSAI.pdf,7.0,https://www.fssai.gov.in/upload/uploadfiles/files/Compendium_Packaging_Labelling_Regulations_28_01_2022.pdf
Brewed vinegar and synthetic vinegar,,Copper,Heavy metal,0.01,mg/kg or mg/L (ppm),Brewed vinegar and synthetic vinegar,"FSSAI (Contaminants, Toxins and Residues) Regulations, 2011 - Version VI (27.01.2022)",FSSAI,Compendium_Contaminants_Regulations_28_01_2022-FSSAI.pdf,7.0,https://www.fssai.gov.in/upload/uploadfiles/files/Compendium_Packaging_Labelling_Regulations_28_01_2022.pdf
Caramel,,Copper,Heavy metal,20,mg/kg or mg/L (ppm),Caramel,"FSSAI (Contaminants, Toxins and Residues) Regulations, 2011 - Version VI (27.01.2022)",FSSAI,Compendium_Contaminants_Regulations_28_01_2022-FSSAI.pdf,7.0,https://www.fssai.gov.in/upload/uploadfiles/files/Compendium_Packaging_Labelling_Regulations_28_01_2022.pdf
"Carbonated water , expressed in mg/L",,Copper,Heavy metal,1.5,mg/kg or mg/L (ppm),"Carbonated water , expressed in mg/L","FSSAI (Contaminants, Toxins and Residues) Regulations, 2011 - Version VI (27.01.2022)",FSSAI,Compendium_Contaminants_Regulations_28_01_2022-FSSAI.pdf,7.0,https://www.fssai.gov.in/upload/uploadfiles/files/Compendium_Packaging_Labelling_Regulations_28_01_2022.pdf
"Chicory-dried or roasted, coffee beans, flavourings/pectin liquid 30 Chlorophyll",,Copper,Heavy metal,30,mg/kg or mg/L (ppm),"Chicory-dried or roasted, coffee beans, flavourings/pectin liquid 30 Chlorophyll","FSSAI (Contaminants, Toxins and Residues) Regulations, 2011 - Version VI (27.01.2022)",FSSAI,Compendium_Contaminants_Regulations_28_01_2022-FSSAI.pdf,7.0,https://www.fssai.gov.in/upload/uploadfiles/files/Compendium_Packaging_Labelling_Regulations_28_01_2022.pdf
Cocoa powder 70 on fat free substance basis Colouring matter 30 on dry colouring matter basis Concentrates for soft drinks,,Copper,Heavy metal,20,mg/kg or mg/L (ppm),Cocoa powder 70 on fat free substance basis Colouring matter 30 on dry colouring matter basis Concentrates for soft drinks,"FSSAI (Contaminants, Toxins and Residues) Regulations, 2011 - Version VI (27.01.2022)",FSSAI,Compendium_Contaminants_Regulations_28_01_2022-FSSAI.pdf,7.0,https://www.fssai.gov.in/upload/uploadfiles/files/Compendium_Packaging_Labelling_Regulations_28_01_2022.pdf
Edible gelatin,,Copper,Heavy metal,30,mg/kg or mg/L (ppm),Edible gelatin,"FSSAI (Contaminants, Toxins and Residues) Regulations, 2011 - Version VI (27.01.2022)",FSSAI,Compendium_Contaminants_Regulations_28_01_2022-FSSAI.pdf,7.0,https://www.fssai.gov.in/upload/uploadfiles/files/Compendium_Packaging_Labelling_Regulations_28_01_2022.pdf
Foods not specified,,Copper,Heavy metal,30,mg/kg or mg/L (ppm),Foods not specified,"FSSAI (Contaminants, Toxins and Residues) Regulations, 2011 - Version VI (27.01.2022)",FSSAI,Compendium_Contaminants_Regulations_28_01_2022-FSSAI.pdf,7.0,https://www.fssai.gov.in/upload/uploadfiles/files/Compendium_Packaging_Labelling_Regulations_28_01_2022.pdf
Hard boiled sugar confectionery,,Copper,Heavy metal,5.0,mg/kg or mg/L (ppm),Hard boiled sugar confectionery,"FSSAI (Contaminants, Toxins and Residues) Regulations, 2011 - Version VI (27.01.2022)",FSSAI,Compendium_Contaminants_Regulations_28_01_2022-FSSAI.pdf,7.0,https://www.fssai.gov.in/upload/uploadfiles/files/Compendium_Packaging_Labelling_Regulations_28_01_2022.pdf
Infant milk substitute and Infant foods 15 (But not less than 2.8) Iron fortified common salt,,Copper,Heavy metal,2.0,mg/kg or mg/L (ppm),Infant milk substitute and Infant foods 15 (But not less than 2.8) Iron fortified common salt,"FSSAI (Contaminants, Toxins and Residues) Regulations, 2011 - Version VI (27.01.2022)",FSSAI,Compendium_Contaminants_Regulations_28_01_2022-FSSAI.pdf,7.0,https://www.fssai.gov.in/upload/uploadfiles/files/Compendium_Packaging_Labelling_Regulations_28_01_2022.pdf
"Juice of orange, grape, apple, tomato, pineapple and lemon Mineral water , expressed in mg/L",,Copper,Heavy metal,1.0,mg/kg or mg/L (ppm),"Juice of orange, grape, apple, tomato, pineapple and lemon Mineral water , expressed in mg/L","FSSAI (Contaminants, Toxins and Residues) Regulations, 2011 - Version VI (27.01.2022)",FSSAI,Compendium_Contaminants_Regulations_28_01_2022-FSSAI.pdf,7.0,https://www.fssai.gov.in/upload/uploadfiles/files/Compendium_Packaging_Labelling_Regulations_28_01_2022.pdf
"Olive oil, Virgin olive oil ,Extra virgin olive oil, Ordinary virgin olive oil, Refined olive oil, Refined olive pomace oil and Olive pomace oil Packaged drinking water (other than mineral water), expressed in mg/L Solid Pectin",,Copper,Heavy metal,300,mg/kg or mg/L (ppm),"Olive oil, Virgin olive oil ,Extra virgin olive oil, Ordinary virgin olive oil, Refined olive oil, Refined olive pomace oil and Olive pomace oil Packaged drinking water (other than mineral water), expressed in mg/L Solid Pectin","FSSAI (Contaminants, Toxins and Residues) Regulations, 2011 - Version VI (27.01.2022)",FSSAI,Compendium_Contaminants_Regulations_28_01_2022-FSSAI.pdf,7.0,https://www.fssai.gov.in/upload/uploadfiles/files/Compendium_Packaging_Labelling_Regulations_28_01_2022.pdf
Polyglycerol esters of fatty acids,,Copper,Heavy metal,25,mg/kg or mg/L (ppm),Polyglycerol esters of fatty acids,"FSSAI (Contaminants, Toxins and Residues) Regulations, 2011 - Version VI (27.01.2022)",FSSAI,Compendium_Contaminants_Regulations_28_01_2022-FSSAI.pdf,7.0,https://www.fssai.gov.in/upload/uploadfiles/files/Compendium_Packaging_Labelling_Regulations_28_01_2022.pdf
Polyglycerol esters of Interesterified ricinoleic acid 25 Pulp and pulp products of any fruit,,Copper,Heavy metal,5.0,mg/kg or mg/L (ppm),Polyglycerol esters of Interesterified ricinoleic acid 25 Pulp and pulp products of any fruit,"FSSAI (Contaminants, Toxins and Residues) Regulations, 2011 - Version VI (27.01.2022)",FSSAI,Compendium_Contaminants_Regulations_28_01_2022-FSSAI.pdf,7.0,https://www.fssai.gov.in/upload/uploadfiles/files/Compendium_Packaging_Labelling_Regulations_28_01_2022.pdf
"Soft drinks excluding concentrates and Carbonated Water , expressed in mg/L Tea",,Copper,Heavy metal,150,mg/kg or mg/L (ppm),"Soft drinks excluding concentrates and Carbonated Water , expressed in mg/L Tea","FSSAI (Contaminants, Toxins and Residues) Regulations, 2011 - Version VI (27.01.2022)",FSSAI,Compendium_Contaminants_Regulations_28_01_2022-FSSAI.pdf,7.0,https://www.fssai.gov.in/upload/uploadfiles/files/Compendium_Packaging_Labelling_Regulations_28_01_2022.pdf
Toddy,,Copper,Heavy metal,5.0,mg/kg or mg/L (ppm),Toddy,"FSSAI (Contaminants, Toxins and Residues) Regulations, 2011 - Version VI (27.01.2022)",FSSAI,Compendium_Contaminants_Regulations_28_01_2022-FSSAI.pdf,7.0,https://www.fssai.gov.in/upload/uploadfiles/files/Compendium_Packaging_Labelling_Regulations_28_01_2022.pdf
"Tomato ketchup 50 on dried total solids basis Tomato puree, paste, powder, and cocktails 100 on dried tomato solids Turmeric whole and powder",,Copper,Heavy metal,5.0,mg/kg or mg/L (ppm),"Tomato ketchup 50 on dried total solids basis Tomato puree, paste, powder, and cocktails 100 on dried tomato solids Turmeric whole and powder","FSSAI (Contaminants, Toxins and Residues) Regulations, 2011 - Version VI (27.01.2022)",FSSAI,Compendium_Contaminants_Regulations_28_01_2022-FSSAI.pdf,8.0,https://www.fssai.gov.in/upload/uploadfiles/files/Compendium_Packaging_Labelling_Regulations_28_01_2022.pdf
Vegetables,,Copper,Heavy metal,30,mg/kg or mg/L (ppm),Vegetables,"FSSAI (Contaminants, Toxins and Residues) Regulations, 2011 - Version VI (27.01.2022)",FSSAI,Compendium_Contaminants_Regulations_28_01_2022-FSSAI.pdf,8.0,https://www.fssai.gov.in/upload/uploadfiles/files/Compendium_Packaging_Labelling_Regulations_28_01_2022.pdf
Agar,,Arsenic,Heavy metal,3.0,mg/kg or mg/L (ppm),Agar,"FSSAI (Contaminants, Toxins and Residues) Regulations, 2011 - Version VI (27.01.2022)",FSSAI,Compendium_Contaminants_Regulations_28_01_2022-FSSAI.pdf,8.0,https://www.fssai.gov.in/upload/uploadfiles/files/Compendium_Packaging_Labelling_Regulations_28_01_2022.pdf
Alginic acid,,Arsenic,Heavy metal,3.0,mg/kg or mg/L (ppm),Alginic acid,"FSSAI (Contaminants, Toxins and Residues) Regulations, 2011 - Version VI (27.01.2022)",FSSAI,Compendium_Contaminants_Regulations_28_01_2022-FSSAI.pdf,8.0,https://www.fssai.gov.in/upload/uploadfiles/files/Compendium_Packaging_Labelling_Regulations_28_01_2022.pdf
Alumina used in preparation of lake colour,,Arsenic,Heavy metal,1.0,mg/kg or mg/L (ppm),Alumina used in preparation of lake colour,"FSSAI (Contaminants, Toxins and Residues) Regulations, 2011 - Version VI (27.01.2022)",FSSAI,Compendium_Contaminants_Regulations_28_01_2022-FSSAI.pdf,8.0,https://www.fssai.gov.in/upload/uploadfiles/files/Compendium_Packaging_Labelling_Regulations_28_01_2022.pdf
Aluminium lake of Sunset Yellow FCF,,Arsenic,Heavy metal,1.0,mg/kg or mg/L (ppm),Aluminium lake of Sunset Yellow FCF,"FSSAI (Contaminants, Toxins and Residues) Regulations, 2011 - Version VI (27.01.2022)",FSSAI,Compendium_Contaminants_Regulations_28_01_2022-FSSAI.pdf,8.0,https://www.fssai.gov.in/upload/uploadfiles/files/Compendium_Packaging_Labelling_Regulations_28_01_2022.pdf
Ammonium hydrogen carbonate,,Arsenic,Heavy metal,0.6,mg/kg or mg/L (ppm),Ammonium hydrogen carbonate,"FSSAI (Contaminants, Toxins and Residues) Regulations, 2011 - Version VI (27.01.2022)",FSSAI,Compendium_Contaminants_Regulations_28_01_2022-FSSAI.pdf,8.0,https://www.fssai.gov.in/upload/uploadfiles/files/Compendium_Packaging_Labelling_Regulations_28_01_2022.pdf
Annatto,,Arsenic,Heavy metal,3.0,mg/kg or mg/L (ppm),Annatto,"FSSAI (Contaminants, Toxins and Residues) Regulations, 2011 - Version VI (27.01.2022)",FSSAI,Compendium_Contaminants_Regulations_28_01_2022-FSSAI.pdf,8.0,https://www.fssai.gov.in/upload/uploadfiles/files/Compendium_Packaging_Labelling_Regulations_28_01_2022.pdf
Ascorbyl palmitate,,Arsenic,Heavy metal,3.0,mg/kg or mg/L (ppm),Ascorbyl palmitate,"FSSAI (Contaminants, Toxins and Residues) Regulations, 2011 - Version VI (27.01.2022)",FSSAI,Compendium_Contaminants_Regulations_28_01_2022-FSSAI.pdf,8.0,https://www.fssai.gov.in/upload/uploadfiles/files/Compendium_Packaging_Labelling_Regulations_28_01_2022.pdf
Aspertame (Aspartyl phenyl alanine methyl ester) Benzoic acid,,Arsenic,Heavy metal,3.0,mg/kg or mg/L (ppm),Aspertame (Aspartyl phenyl alanine methyl ester) Benzoic acid,"FSSAI (Contaminants, Toxins and Residues) Regulations, 2011 - Version VI (27.01.2022)",FSSAI,Compendium_Contaminants_Regulations_28_01_2022-FSSAI.pdf,8.0,https://www.fssai.gov.in/upload/uploadfiles/files/Compendium_Packaging_Labelling_Regulations_28_01_2022.pdf
Beta –apo-8’-carotenal,,Arsenic,Heavy metal,3.0,mg/kg or mg/L (ppm),Beta –apo-8’-carotenal,"FSSAI (Contaminants, Toxins and Residues) Regulations, 2011 - Version VI (27.01.2022)",FSSAI,Compendium_Contaminants_Regulations_28_01_2022-FSSAI.pdf,8.0,https://www.fssai.gov.in/upload/uploadfiles/files/Compendium_Packaging_Labelling_Regulations_28_01_2022.pdf
Beta-carotene,,Arsenic,Heavy metal,3.0,mg/kg or mg/L (ppm),Beta-carotene,"FSSAI (Contaminants, Toxins and Residues) Regulations, 2011 - Version VI (27.01.2022)",FSSAI,Compendium_Contaminants_Regulations_28_01_2022-FSSAI.pdf,8.0,https://www.fssai.gov.in/upload/uploadfiles/files/Compendium_Packaging_Labelling_Regulations_28_01_2022.pdf
Brewed vinegar and synthetic vinegar,,Arsenic,Heavy metal,0.1,mg/kg or mg/L (ppm),Brewed vinegar and synthetic vinegar,"FSSAI (Contaminants, Toxins and Residues) Regulations, 2011 - Version VI (27.01.2022)",FSSAI,Compendium_Contaminants_Regulations_28_01_2022-FSSAI.pdf,8.0,https://www.fssai.gov.in/upload/uploadfiles/files/Compendium_Packaging_Labelling_Regulations_28_01_2022.pdf
Brilliant blue FCF,,Arsenic,Heavy metal,3.0,mg/kg or mg/L (ppm),Brilliant blue FCF,"FSSAI (Contaminants, Toxins and Residues) Regulations, 2011 - Version VI (27.01.2022)",FSSAI,Compendium_Contaminants_Regulations_28_01_2022-FSSAI.pdf,8.0,https://www.fssai.gov.in/upload/uploadfiles/files/Compendium_Packaging_Labelling_Regulations_28_01_2022.pdf
Butylated hydroxyanisole,,Arsenic,Heavy metal,3.0,mg/kg or mg/L (ppm),Butylated hydroxyanisole,"FSSAI (Contaminants, Toxins and Residues) Regulations, 2011 - Version VI (27.01.2022)",FSSAI,Compendium_Contaminants_Regulations_28_01_2022-FSSAI.pdf,8.0,https://www.fssai.gov.in/upload/uploadfiles/files/Compendium_Packaging_Labelling_Regulations_28_01_2022.pdf
Calcium alginate,,Arsenic,Heavy metal,3.0,mg/kg or mg/L (ppm),Calcium alginate,"FSSAI (Contaminants, Toxins and Residues) Regulations, 2011 - Version VI (27.01.2022)",FSSAI,Compendium_Contaminants_Regulations_28_01_2022-FSSAI.pdf,8.0,https://www.fssai.gov.in/upload/uploadfiles/files/Compendium_Packaging_Labelling_Regulations_28_01_2022.pdf
Caramel,,Arsenic,Heavy metal,3.0,mg/kg or mg/L (ppm),Caramel,"FSSAI (Contaminants, Toxins and Residues) Regulations, 2011 - Version VI (27.01.2022)",FSSAI,Compendium_Contaminants_Regulations_28_01_2022-FSSAI.pdf,8.0,https://www.fssai.gov.in/upload/uploadfiles/files/Compendium_Packaging_Labelling_Regulations_28_01_2022.pdf
"Carbonated water, expressed in mg/L",,Arsenic,Heavy metal,0.25,mg/kg or mg/L (ppm),"Carbonated water, expressed in mg/L","FSSAI (Contaminants, Toxins and Residues) Regulations, 2011 - Version VI (27.01.2022)",FSSAI,Compendium_Contaminants_Regulations_28_01_2022-FSSAI.pdf,8.0,https://www.fssai.gov.in/upload/uploadfiles/files/Compendium_Packaging_Labelling_Regulations_28_01_2022.pdf
Carmoisine,,Arsenic,Heavy metal,3.0,mg/kg or mg/L (ppm),Carmoisine,"FSSAI (Contaminants, Toxins and Residues) Regulations, 2011 - Version VI (27.01.2022)",FSSAI,Compendium_Contaminants_Regulations_28_01_2022-FSSAI.pdf,8.0,https://www.fssai.gov.in/upload/uploadfiles/files/Compendium_Packaging_Labelling_Regulations_28_01_2022.pdf
Carrageenan,,Arsenic,Heavy metal,3.0,mg/kg or mg/L (ppm),Carrageenan,"FSSAI (Contaminants, Toxins and Residues) Regulations, 2011 - Version VI (27.01.2022)",FSSAI,Compendium_Contaminants_Regulations_28_01_2022-FSSAI.pdf,8.0,https://www.fssai.gov.in/upload/uploadfiles/files/Compendium_Packaging_Labelling_Regulations_28_01_2022.pdf
Chicory-dried or roasted,,Arsenic,Heavy metal,4.0,mg/kg or mg/L (ppm),Chicory-dried or roasted,"FSSAI (Contaminants, Toxins and Residues) Regulations, 2011 - Version VI (27.01.2022)",FSSAI,Compendium_Contaminants_Regulations_28_01_2022-FSSAI.pdf,8.0,https://www.fssai.gov.in/upload/uploadfiles/files/Compendium_Packaging_Labelling_Regulations_28_01_2022.pdf
Chlorophyll,,Arsenic,Heavy metal,3.0,mg/kg or mg/L (ppm),Chlorophyll,"FSSAI (Contaminants, Toxins and Residues) Regulations, 2011 - Version VI (27.01.2022)",FSSAI,Compendium_Contaminants_Regulations_28_01_2022-FSSAI.pdf,8.0,https://www.fssai.gov.in/upload/uploadfiles/files/Compendium_Packaging_Labelling_Regulations_28_01_2022.pdf
Citric acid,,Arsenic,Heavy metal,3.0,mg/kg or mg/L (ppm),Citric acid,"FSSAI (Contaminants, Toxins and Residues) Regulations, 2011 - Version VI (27.01.2022)",FSSAI,Compendium_Contaminants_Regulations_28_01_2022-FSSAI.pdf,8.0,https://www.fssai.gov.in/upload/uploadfiles/files/Compendium_Packaging_Labelling_Regulations_28_01_2022.pdf
"Dehydrated onions, edible gelatin, liquid pectin Dicalcium phosphate",,Arsenic,Heavy metal,3.0,mg/kg or mg/L (ppm),"Dehydrated onions, edible gelatin, liquid pectin Dicalcium phosphate","FSSAI (Contaminants, Toxins and Residues) Regulations, 2011 - Version VI (27.01.2022)",FSSAI,Compendium_Contaminants_Regulations_28_01_2022-FSSAI.pdf,8.0,https://www.fssai.gov.in/upload/uploadfiles/files/Compendium_Packaging_Labelling_Regulations_28_01_2022.pdf
Dodecyl gallate,,Arsenic,Heavy metal,3.0,mg/kg or mg/L (ppm),Dodecyl gallate,"FSSAI (Contaminants, Toxins and Residues) Regulations, 2011 - Version VI (27.01.2022)",FSSAI,Compendium_Contaminants_Regulations_28_01_2022-FSSAI.pdf,8.0,https://www.fssai.gov.in/upload/uploadfiles/files/Compendium_Packaging_Labelling_Regulations_28_01_2022.pdf
"Dried herbs, finings and clearing agents, solid pectin all grades, spices Edible fats and oils (edible fats and oils not covered by individual standards) Erythrosine",,Arsenic,Heavy metal,3.0,mg/kg or mg/L (ppm),"Dried herbs, finings and clearing agents, solid pectin all grades, spices Edible fats and oils (edible fats and oils not covered by individual standards) Erythrosine","FSSAI (Contaminants, Toxins and Residues) Regulations, 2011 - Version VI (27.01.2022)",FSSAI,Compendium_Contaminants_Regulations_28_01_2022-FSSAI.pdf,8.0,https://www.fssai.gov.in/upload/uploadfiles/files/Compendium_Packaging_Labelling_Regulations_28_01_2022.pdf
Ethylester of Beta-apo-8'-carotenoic acid,,Arsenic,Heavy metal,3.0,mg/kg or mg/L (ppm),Ethylester of Beta-apo-8'-carotenoic acid,"FSSAI (Contaminants, Toxins and Residues) Regulations, 2011 - Version VI (27.01.2022)",FSSAI,Compendium_Contaminants_Regulations_28_01_2022-FSSAI.pdf,8.0,https://www.fssai.gov.in/upload/uploadfiles/files/Compendium_Packaging_Labelling_Regulations_28_01_2022.pdf
Fast Green FCF,,Arsenic,Heavy metal,3.0,mg/kg or mg/L (ppm),Fast Green FCF,"FSSAI (Contaminants, Toxins and Residues) Regulations, 2011 - Version VI (27.01.2022)",FSSAI,Compendium_Contaminants_Regulations_28_01_2022-FSSAI.pdf,8.0,https://www.fssai.gov.in/upload/uploadfiles/files/Compendium_Packaging_Labelling_Regulations_28_01_2022.pdf
Fish and Crustaceans,,Arsenic,Heavy metal,76,mg/kg or mg/L (ppm),Fish and Crustaceans,"FSSAI (Contaminants, Toxins and Residues) Regulations, 2011 - Version VI (27.01.2022)",FSSAI,Compendium_Contaminants_Regulations_28_01_2022-FSSAI.pdf,8.0,https://www.fssai.gov.in/upload/uploadfiles/files/Compendium_Packaging_Labelling_Regulations_28_01_2022.pdf
Food colouring other than synthetic colouring colouring matter basis Foods not specified,,Arsenic,Heavy metal,1.1,mg/kg or mg/L (ppm),Food colouring other than synthetic colouring colouring matter basis Foods not specified,"FSSAI (Contaminants, Toxins and Residues) Regulations, 2011 - Version VI (27.01.2022)",FSSAI,Compendium_Contaminants_Regulations_28_01_2022-FSSAI.pdf,9.0,https://www.fssai.gov.in/upload/uploadfiles/files/Compendium_Packaging_Labelling_Regulations_28_01_2022.pdf
Fumaric acid,,Arsenic,Heavy metal,3.0,mg/kg or mg/L (ppm),Fumaric acid,"FSSAI (Contaminants, Toxins and Residues) Regulations, 2011 - Version VI (27.01.2022)",FSSAI,Compendium_Contaminants_Regulations_28_01_2022-FSSAI.pdf,9.0,https://www.fssai.gov.in/upload/uploadfiles/files/Compendium_Packaging_Labelling_Regulations_28_01_2022.pdf
Gaur gum,,Arsenic,Heavy metal,3.0,mg/kg or mg/L (ppm),Gaur gum,"FSSAI (Contaminants, Toxins and Residues) Regulations, 2011 - Version VI (27.01.2022)",FSSAI,Compendium_Contaminants_Regulations_28_01_2022-FSSAI.pdf,9.0,https://www.fssai.gov.in/upload/uploadfiles/files/Compendium_Packaging_Labelling_Regulations_28_01_2022.pdf
Glycerol esters of wood rosin,,Arsenic,Heavy metal,3.0,mg/kg or mg/L (ppm),Glycerol esters of wood rosin,"FSSAI (Contaminants, Toxins and Residues) Regulations, 2011 - Version VI (27.01.2022)",FSSAI,Compendium_Contaminants_Regulations_28_01_2022-FSSAI.pdf,9.0,https://www.fssai.gov.in/upload/uploadfiles/files/Compendium_Packaging_Labelling_Regulations_28_01_2022.pdf
Gum Arabic or Acacia gum,,Arsenic,Heavy metal,2.0,mg/kg or mg/L (ppm),Gum Arabic or Acacia gum,"FSSAI (Contaminants, Toxins and Residues) Regulations, 2011 - Version VI (27.01.2022)",FSSAI,Compendium_Contaminants_Regulations_28_01_2022-FSSAI.pdf,9.0,https://www.fssai.gov.in/upload/uploadfiles/files/Compendium_Packaging_Labelling_Regulations_28_01_2022.pdf
Gum Ghatti,,Arsenic,Heavy metal,3.0,mg/kg or mg/L (ppm),Gum Ghatti,"FSSAI (Contaminants, Toxins and Residues) Regulations, 2011 - Version VI (27.01.2022)",FSSAI,Compendium_Contaminants_Regulations_28_01_2022-FSSAI.pdf,9.0,https://www.fssai.gov.in/upload/uploadfiles/files/Compendium_Packaging_Labelling_Regulations_28_01_2022.pdf
Gum Karaya,,Arsenic,Heavy metal,3.0,mg/kg or mg/L (ppm),Gum Karaya,"FSSAI (Contaminants, Toxins and Residues) Regulations, 2011 - Version VI (27.01.2022)",FSSAI,Compendium_Contaminants_Regulations_28_01_2022-FSSAI.pdf,9.0,https://www.fssai.gov.in/upload/uploadfiles/files/Compendium_Packaging_Labelling_Regulations_28_01_2022.pdf
Hard boiled sugar confectionery,,Arsenic,Heavy metal,1.0,mg/kg or mg/L (ppm),Hard boiled sugar confectionery,"FSSAI (Contaminants, Toxins and Residues) Regulations, 2011 - Version VI (27.01.2022)",FSSAI,Compendium_Contaminants_Regulations_28_01_2022-FSSAI.pdf,9.0,https://www.fssai.gov.in/upload/uploadfiles/files/Compendium_Packaging_Labelling_Regulations_28_01_2022.pdf
"Ice-cream, iced lollies and similar frozen confections Indigo carmine",,Arsenic,Heavy metal,3.0,mg/kg or mg/L (ppm),"Ice-cream, iced lollies and similar frozen confections Indigo carmine","FSSAI (Contaminants, Toxins and Residues) Regulations, 2011 - Version VI (27.01.2022)",FSSAI,Compendium_Contaminants_Regulations_28_01_2022-FSSAI.pdf,9.0,https://www.fssai.gov.in/upload/uploadfiles/files/Compendium_Packaging_Labelling_Regulations_28_01_2022.pdf
Infant milk substitute and Infant foods,,Arsenic,Heavy metal,0.05,mg/kg or mg/L (ppm),Infant milk substitute and Infant foods,"FSSAI (Contaminants, Toxins and Residues) Regulations, 2011 - Version VI (27.01.2022)",FSSAI,Compendium_Contaminants_Regulations_28_01_2022-FSSAI.pdf,9.0,https://www.fssai.gov.in/upload/uploadfiles/files/Compendium_Packaging_Labelling_Regulations_28_01_2022.pdf
Iron fortified common salt,,Arsenic,Heavy metal,1.0,mg/kg or mg/L (ppm),Iron fortified common salt,"FSSAI (Contaminants, Toxins and Residues) Regulations, 2011 - Version VI (27.01.2022)",FSSAI,Compendium_Contaminants_Regulations_28_01_2022-FSSAI.pdf,9.0,https://www.fssai.gov.in/upload/uploadfiles/files/Compendium_Packaging_Labelling_Regulations_28_01_2022.pdf
"Juice of orange, grape, apple, tomato, pineapple and lemon L (+)- Tartaric acid",,Arsenic,Heavy metal,3.0,mg/kg or mg/L (ppm),"Juice of orange, grape, apple, tomato, pineapple and lemon L (+)- Tartaric acid","FSSAI (Contaminants, Toxins and Residues) Regulations, 2011 - Version VI (27.01.2022)",FSSAI,Compendium_Contaminants_Regulations_28_01_2022-FSSAI.pdf,9.0,https://www.fssai.gov.in/upload/uploadfiles/files/Compendium_Packaging_Labelling_Regulations_28_01_2022.pdf
Malic acid,,Arsenic,Heavy metal,3.0,mg/kg or mg/L (ppm),Malic acid,"FSSAI (Contaminants, Toxins and Residues) Regulations, 2011 - Version VI (27.01.2022)",FSSAI,Compendium_Contaminants_Regulations_28_01_2022-FSSAI.pdf,9.0,https://www.fssai.gov.in/upload/uploadfiles/files/Compendium_Packaging_Labelling_Regulations_28_01_2022.pdf
Margarine,,Arsenic,Heavy metal,0.1,mg/kg or mg/L (ppm),Margarine,"FSSAI (Contaminants, Toxins and Residues) Regulations, 2011 - Version VI (27.01.2022)",FSSAI,Compendium_Contaminants_Regulations_28_01_2022-FSSAI.pdf,9.0,https://www.fssai.gov.in/upload/uploadfiles/files/Compendium_Packaging_Labelling_Regulations_28_01_2022.pdf
Milk,,Arsenic,Heavy metal,0.1,mg/kg or mg/L (ppm),Milk,"FSSAI (Contaminants, Toxins and Residues) Regulations, 2011 - Version VI (27.01.2022)",FSSAI,Compendium_Contaminants_Regulations_28_01_2022-FSSAI.pdf,9.0,https://www.fssai.gov.in/upload/uploadfiles/files/Compendium_Packaging_Labelling_Regulations_28_01_2022.pdf
Minarine (Low Fat Spread),,Arsenic,Heavy metal,0.1,mg/kg or mg/L (ppm),Minarine (Low Fat Spread),"FSSAI (Contaminants, Toxins and Residues) Regulations, 2011 - Version VI (27.01.2022)",FSSAI,Compendium_Contaminants_Regulations_28_01_2022-FSSAI.pdf,9.0,https://www.fssai.gov.in/upload/uploadfiles/files/Compendium_Packaging_Labelling_Regulations_28_01_2022.pdf
Mineral Oil (High viscosity),,Arsenic,Heavy metal,1.0,mg/kg or mg/L (ppm),Mineral Oil (High viscosity),"FSSAI (Contaminants, Toxins and Residues) Regulations, 2011 - Version VI (27.01.2022)",FSSAI,Compendium_Contaminants_Regulations_28_01_2022-FSSAI.pdf,9.0,https://www.fssai.gov.in/upload/uploadfiles/files/Compendium_Packaging_Labelling_Regulations_28_01_2022.pdf
Mineral Oil (Low viscosity),,Arsenic,Heavy metal,1.0,mg/kg or mg/L (ppm),Mineral Oil (Low viscosity),"FSSAI (Contaminants, Toxins and Residues) Regulations, 2011 - Version VI (27.01.2022)",FSSAI,Compendium_Contaminants_Regulations_28_01_2022-FSSAI.pdf,9.0,https://www.fssai.gov.in/upload/uploadfiles/files/Compendium_Packaging_Labelling_Regulations_28_01_2022.pdf
Molluscs,,Arsenic,Heavy metal,86,mg/kg or mg/L (ppm),Molluscs,"FSSAI (Contaminants, Toxins and Residues) Regulations, 2011 - Version VI (27.01.2022)",FSSAI,Compendium_Contaminants_Regulations_28_01_2022-FSSAI.pdf,9.0,https://www.fssai.gov.in/upload/uploadfiles/files/Compendium_Packaging_Labelling_Regulations_28_01_2022.pdf
Monosodium L-glutamate,,Arsenic,Heavy metal,2.0,mg/kg or mg/L (ppm),Monosodium L-glutamate,"FSSAI (Contaminants, Toxins and Residues) Regulations, 2011 - Version VI (27.01.2022)",FSSAI,Compendium_Contaminants_Regulations_28_01_2022-FSSAI.pdf,9.0,https://www.fssai.gov.in/upload/uploadfiles/files/Compendium_Packaging_Labelling_Regulations_28_01_2022.pdf
"Named Animal fats (lard, rendered pork fat, premier jus(suet) and edible tallow) Natural mineral water, expressed in mg/L",,Arsenic,Heavy metal,0.01,mg/kg or mg/L (ppm),"Named Animal fats (lard, rendered pork fat, premier jus(suet) and edible tallow) Natural mineral water, expressed in mg/L","FSSAI (Contaminants, Toxins and Residues) Regulations, 2011 - Version VI (27.01.2022)",FSSAI,Compendium_Contaminants_Regulations_28_01_2022-FSSAI.pdf,9.0,https://www.fssai.gov.in/upload/uploadfiles/files/Compendium_Packaging_Labelling_Regulations_28_01_2022.pdf
Octyl gallate,,Arsenic,Heavy metal,3.0,mg/kg or mg/L (ppm),Octyl gallate,"FSSAI (Contaminants, Toxins and Residues) Regulations, 2011 - Version VI (27.01.2022)",FSSAI,Compendium_Contaminants_Regulations_28_01_2022-FSSAI.pdf,9.0,https://www.fssai.gov.in/upload/uploadfiles/files/Compendium_Packaging_Labelling_Regulations_28_01_2022.pdf
"Olive oil, Virgin olive oil ,Extra virgin olive oil, Ordinary virgin olive oil, Refined olive oil, Refined olive pomace oil and Olive pomace oil Packaged drinking water (other than mineral water) , expressed in mg/L Pectin",,Arsenic,Heavy metal,5.0,mg/kg or mg/L (ppm),"Olive oil, Virgin olive oil ,Extra virgin olive oil, Ordinary virgin olive oil, Refined olive oil, Refined olive pomace oil and Olive pomace oil Packaged drinking water (other than mineral water) , expressed in mg/L Pectin","FSSAI (Contaminants, Toxins and Residues) Regulations, 2011 - Version VI (27.01.2022)",FSSAI,Compendium_Contaminants_Regulations_28_01_2022-FSSAI.pdf,9.0,https://www.fssai.gov.in/upload/uploadfiles/files/Compendium_Packaging_Labelling_Regulations_28_01_2022.pdf
Phosphoric acid,,Arsenic,Heavy metal,2.0,mg/kg or mg/L (ppm),Phosphoric acid,"FSSAI (Contaminants, Toxins and Residues) Regulations, 2011 - Version VI (27.01.2022)",FSSAI,Compendium_Contaminants_Regulations_28_01_2022-FSSAI.pdf,9.0,https://www.fssai.gov.in/upload/uploadfiles/files/Compendium_Packaging_Labelling_Regulations_28_01_2022.pdf
Polyglycerol esters of fatty acids,,Arsenic,Heavy metal,3.0,mg/kg or mg/L (ppm),Polyglycerol esters of fatty acids,"FSSAI (Contaminants, Toxins and Residues) Regulations, 2011 - Version VI (27.01.2022)",FSSAI,Compendium_Contaminants_Regulations_28_01_2022-FSSAI.pdf,9.0,https://www.fssai.gov.in/upload/uploadfiles/files/Compendium_Packaging_Labelling_Regulations_28_01_2022.pdf
Polyglycerol esters of interesterified ricinoleic acid Ponceau 4R,,Arsenic,Heavy metal,3.0,mg/kg or mg/L (ppm),Polyglycerol esters of interesterified ricinoleic acid Ponceau 4R,"FSSAI (Contaminants, Toxins and Residues) Regulations, 2011 - Version VI (27.01.2022)",FSSAI,Compendium_Contaminants_Regulations_28_01_2022-FSSAI.pdf,9.0,https://www.fssai.gov.in/upload/uploadfiles/files/Compendium_Packaging_Labelling_Regulations_28_01_2022.pdf
Potassium iodate,,Arsenic,Heavy metal,3.0,mg/kg or mg/L (ppm),Potassium iodate,"FSSAI (Contaminants, Toxins and Residues) Regulations, 2011 - Version VI (27.01.2022)",FSSAI,Compendium_Contaminants_Regulations_28_01_2022-FSSAI.pdf,9.0,https://www.fssai.gov.in/upload/uploadfiles/files/Compendium_Packaging_Labelling_Regulations_28_01_2022.pdf
Potassium nitrate,,Arsenic,Heavy metal,3.0,mg/kg or mg/L (ppm),Potassium nitrate,"FSSAI (Contaminants, Toxins and Residues) Regulations, 2011 - Version VI (27.01.2022)",FSSAI,Compendium_Contaminants_Regulations_28_01_2022-FSSAI.pdf,9.0,https://www.fssai.gov.in/upload/uploadfiles/files/Compendium_Packaging_Labelling_Regulations_28_01_2022.pdf
Potassium nitrite,,Arsenic,Heavy metal,3.0,mg/kg or mg/L (ppm),Potassium nitrite,"FSSAI (Contaminants, Toxins and Residues) Regulations, 2011 - Version VI (27.01.2022)",FSSAI,Compendium_Contaminants_Regulations_28_01_2022-FSSAI.pdf,9.0,https://www.fssai.gov.in/upload/uploadfiles/files/Compendium_Packaging_Labelling_Regulations_28_01_2022.pdf
"Preservatives, anti-oxidants, emulsifying and stabilising agents and synthetic food colours matter basis Propyl gallate",,Arsenic,Heavy metal,3.0,mg/kg or mg/L (ppm),"Preservatives, anti-oxidants, emulsifying and stabilising agents and synthetic food colours matter basis Propyl gallate","FSSAI (Contaminants, Toxins and Residues) Regulations, 2011 - Version VI (27.01.2022)",FSSAI,Compendium_Contaminants_Regulations_28_01_2022-FSSAI.pdf,10.0,https://www.fssai.gov.in/upload/uploadfiles/files/Compendium_Packaging_Labelling_Regulations_28_01_2022.pdf
Propylene glycol,,Arsenic,Heavy metal,3.0,mg/kg or mg/L (ppm),Propylene glycol,"FSSAI (Contaminants, Toxins and Residues) Regulations, 2011 - Version VI (27.01.2022)",FSSAI,Compendium_Contaminants_Regulations_28_01_2022-FSSAI.pdf,10.0,https://www.fssai.gov.in/upload/uploadfiles/files/Compendium_Packaging_Labelling_Regulations_28_01_2022.pdf
Pulp and pulp products of any fruit,,Arsenic,Heavy metal,0.2,mg/kg or mg/L (ppm),Pulp and pulp products of any fruit,"FSSAI (Contaminants, Toxins and Residues) Regulations, 2011 - Version VI (27.01.2022)",FSSAI,Compendium_Contaminants_Regulations_28_01_2022-FSSAI.pdf,10.0,https://www.fssai.gov.in/upload/uploadfiles/files/Compendium_Packaging_Labelling_Regulations_28_01_2022.pdf
Riboflavin,,Arsenic,Heavy metal,5.0,mg/kg or mg/L (ppm),Riboflavin,"FSSAI (Contaminants, Toxins and Residues) Regulations, 2011 - Version VI (27.01.2022)",FSSAI,Compendium_Contaminants_Regulations_28_01_2022-FSSAI.pdf,10.0,https://www.fssai.gov.in/upload/uploadfiles/files/Compendium_Packaging_Labelling_Regulations_28_01_2022.pdf
Saccharin sodium,,Arsenic,Heavy metal,2.0,mg/kg or mg/L (ppm),Saccharin sodium,"FSSAI (Contaminants, Toxins and Residues) Regulations, 2011 - Version VI (27.01.2022)",FSSAI,Compendium_Contaminants_Regulations_28_01_2022-FSSAI.pdf,10.0,https://www.fssai.gov.in/upload/uploadfiles/files/Compendium_Packaging_Labelling_Regulations_28_01_2022.pdf
Sodium alginate,,Arsenic,Heavy metal,3.0,mg/kg or mg/L (ppm),Sodium alginate,"FSSAI (Contaminants, Toxins and Residues) Regulations, 2011 - Version VI (27.01.2022)",FSSAI,Compendium_Contaminants_Regulations_28_01_2022-FSSAI.pdf,10.0,https://www.fssai.gov.in/upload/uploadfiles/files/Compendium_Packaging_Labelling_Regulations_28_01_2022.pdf
Sodium ascorbate,,Arsenic,Heavy metal,3.0,mg/kg or mg/L (ppm),Sodium ascorbate,"FSSAI (Contaminants, Toxins and Residues) Regulations, 2011 - Version VI (27.01.2022)",FSSAI,Compendium_Contaminants_Regulations_28_01_2022-FSSAI.pdf,10.0,https://www.fssai.gov.in/upload/uploadfiles/files/Compendium_Packaging_Labelling_Regulations_28_01_2022.pdf
Sodium benzoate,,Arsenic,Heavy metal,3.0,mg/kg or mg/L (ppm),Sodium benzoate,"FSSAI (Contaminants, Toxins and Residues) Regulations, 2011 - Version VI (27.01.2022)",FSSAI,Compendium_Contaminants_Regulations_28_01_2022-FSSAI.pdf,10.0,https://www.fssai.gov.in/upload/uploadfiles/files/Compendium_Packaging_Labelling_Regulations_28_01_2022.pdf
Sodium carboxymethyl cellulose,,Arsenic,Heavy metal,3.0,mg/kg or mg/L (ppm),Sodium carboxymethyl cellulose,"FSSAI (Contaminants, Toxins and Residues) Regulations, 2011 - Version VI (27.01.2022)",FSSAI,Compendium_Contaminants_Regulations_28_01_2022-FSSAI.pdf,10.0,https://www.fssai.gov.in/upload/uploadfiles/files/Compendium_Packaging_Labelling_Regulations_28_01_2022.pdf
Sodium propionate,,Arsenic,Heavy metal,3.0,mg/kg or mg/L (ppm),Sodium propionate,"FSSAI (Contaminants, Toxins and Residues) Regulations, 2011 - Version VI (27.01.2022)",FSSAI,Compendium_Contaminants_Regulations_28_01_2022-FSSAI.pdf,10.0,https://www.fssai.gov.in/upload/uploadfiles/files/Compendium_Packaging_Labelling_Regulations_28_01_2022.pdf
Soft drink intended for consumption after dilution except carbonated water Sorbic acid,,Arsenic,Heavy metal,3.0,mg/kg or mg/L (ppm),Soft drink intended for consumption after dilution except carbonated water Sorbic acid,"FSSAI (Contaminants, Toxins and Residues) Regulations, 2011 - Version VI (27.01.2022)",FSSAI,Compendium_Contaminants_Regulations_28_01_2022-FSSAI.pdf,10.0,https://www.fssai.gov.in/upload/uploadfiles/files/Compendium_Packaging_Labelling_Regulations_28_01_2022.pdf
Sorbitol,,Arsenic,Heavy metal,3.0,mg/kg or mg/L (ppm),Sorbitol,"FSSAI (Contaminants, Toxins and Residues) Regulations, 2011 - Version VI (27.01.2022)",FSSAI,Compendium_Contaminants_Regulations_28_01_2022-FSSAI.pdf,10.0,https://www.fssai.gov.in/upload/uploadfiles/files/Compendium_Packaging_Labelling_Regulations_28_01_2022.pdf
Steviol glycoside,,Arsenic,Heavy metal,1.0,mg/kg or mg/L (ppm),Steviol glycoside,"FSSAI (Contaminants, Toxins and Residues) Regulations, 2011 - Version VI (27.01.2022)",FSSAI,Compendium_Contaminants_Regulations_28_01_2022-FSSAI.pdf,10.0,https://www.fssai.gov.in/upload/uploadfiles/files/Compendium_Packaging_Labelling_Regulations_28_01_2022.pdf
Sucralose,,Arsenic,Heavy metal,3.0,mg/kg or mg/L (ppm),Sucralose,"FSSAI (Contaminants, Toxins and Residues) Regulations, 2011 - Version VI (27.01.2022)",FSSAI,Compendium_Contaminants_Regulations_28_01_2022-FSSAI.pdf,10.0,https://www.fssai.gov.in/upload/uploadfiles/files/Compendium_Packaging_Labelling_Regulations_28_01_2022.pdf
Sulphur dioxide,,Arsenic,Heavy metal,3.0,mg/kg or mg/L (ppm),Sulphur dioxide,"FSSAI (Contaminants, Toxins and Residues) Regulations, 2011 - Version VI (27.01.2022)",FSSAI,Compendium_Contaminants_Regulations_28_01_2022-FSSAI.pdf,10.0,https://www.fssai.gov.in/upload/uploadfiles/files/Compendium_Packaging_Labelling_Regulations_28_01_2022.pdf
Sunset yellow,,Arsenic,Heavy metal,3.0,mg/kg or mg/L (ppm),Sunset yellow,"FSSAI (Contaminants, Toxins and Residues) Regulations, 2011 - Version VI (27.01.2022)",FSSAI,Compendium_Contaminants_Regulations_28_01_2022-FSSAI.pdf,10.0,https://www.fssai.gov.in/upload/uploadfiles/files/Compendium_Packaging_Labelling_Regulations_28_01_2022.pdf
Sunset yellow dye used in preparation of lake colour Synthetic food colour-preparation and mixtures Tartrazine,,Arsenic,Heavy metal,3.0,mg/kg or mg/L (ppm),Sunset yellow dye used in preparation of lake colour Synthetic food colour-preparation and mixtures Tartrazine,"FSSAI (Contaminants, Toxins and Residues) Regulations, 2011 - Version VI (27.01.2022)",FSSAI,Compendium_Contaminants_Regulations_28_01_2022-FSSAI.pdf,10.0,https://www.fssai.gov.in/upload/uploadfiles/files/Compendium_Packaging_Labelling_Regulations_28_01_2022.pdf
Titanium dioxide,,Arsenic,Heavy metal,1.0,mg/kg or mg/L (ppm),Titanium dioxide,"FSSAI (Contaminants, Toxins and Residues) Regulations, 2011 - Version VI (27.01.2022)",FSSAI,Compendium_Contaminants_Regulations_28_01_2022-FSSAI.pdf,10.0,https://www.fssai.gov.in/upload/uploadfiles/files/Compendium_Packaging_Labelling_Regulations_28_01_2022.pdf
Tragacanth gum,,Arsenic,Heavy metal,3.0,mg/kg or mg/L (ppm),Tragacanth gum,"FSSAI (Contaminants, Toxins and Residues) Regulations, 2011 - Version VI (27.01.2022)",FSSAI,Compendium_Contaminants_Regulations_28_01_2022-FSSAI.pdf,10.0,https://www.fssai.gov.in/upload/uploadfiles/files/Compendium_Packaging_Labelling_Regulations_28_01_2022.pdf
Trisodium citrate,,Arsenic,Heavy metal,3.0,mg/kg or mg/L (ppm),Trisodium citrate,"FSSAI (Contaminants, Toxins and Residues) Regulations, 2011 - Version VI (27.01.2022)",FSSAI,Compendium_Contaminants_Regulations_28_01_2022-FSSAI.pdf,10.0,https://www.fssai.gov.in/upload/uploadfiles/files/Compendium_Packaging_Labelling_Regulations_28_01_2022.pdf
Turmeric whole and powder,,Arsenic,Heavy metal,0.1,mg/kg or mg/L (ppm),Turmeric whole and powder,"FSSAI (Contaminants, Toxins and Residues) Regulations, 2011 - Version VI (27.01.2022)",FSSAI,Compendium_Contaminants_Regulations_28_01_2022-FSSAI.pdf,10.0,https://www.fssai.gov.in/upload/uploadfiles/files/Compendium_Packaging_Labelling_Regulations_28_01_2022.pdf
Vegetables,,Arsenic,Heavy metal,1.1,mg/kg or mg/L (ppm),Vegetables,"FSSAI (Contaminants, Toxins and Residues) Regulations, 2011 - Version VI (27.01.2022)",FSSAI,Compendium_Contaminants_Regulations_28_01_2022-FSSAI.pdf,10.0,https://www.fssai.gov.in/upload/uploadfiles/files/Compendium_Packaging_Labelling_Regulations_28_01_2022.pdf
"Vegetable oils, crude (oils of arachis (Groundnut), babasu, coconut, cotton seed, grape seed, maize, mustard seed, palm kernel, palm, rapeseed, safflower seed, sesame seed, soya bean, and sunflower seed, and palm olein, stearin and superolein). Vegetable oils, edible (oils of arachis (Groundnut), babasu, coconut, cotton seed, grape seed, maize, mustard seed, palm kernel, palm, rapeseed, safflower seed, sesame seed, soya bean, and sunflower seed, and palm olein, stearin and superolein). 4.Tin Canned (citrus fruits, stone fruits, vegetables, fruit cocktail, mangoes, pineapple, raspberries, strawberries, tropical fruit salad). 250 Canned beverages",,Arsenic,Heavy metal,150,mg/kg or mg/L (ppm),"Vegetable oils, crude (oils of arachis (Groundnut), babasu, coconut, cotton seed, grape seed, maize, mustard seed, palm kernel, palm, rapeseed, safflower seed, sesame seed, soya bean, and sunflower seed, and palm olein, stearin and superolein). Vegetable oils, edible (oils of arachis (Groundnut), babasu, coconut, cotton seed, grape seed, maize, mustard seed, palm kernel, palm, rapeseed, safflower seed, sesame seed, soya bean, and sunflower seed, and palm olein, stearin and superolein). 4.Tin Canned (citrus fruits, stone fruits, vegetables, fruit cocktail, mangoes, pineapple, raspberries, strawberries, tropical fruit salad). 250 Canned beverages","FSSAI (Contaminants, Toxins and Residues) Regulations, 2011 - Version VI (27.01.2022)",FSSAI,Compendium_Contaminants_Regulations_28_01_2022-FSSAI.pdf,10.0,https://www.fssai.gov.in/upload/uploadfiles/files/Compendium_Packaging_Labelling_Regulations_28_01_2022.pdf
Canned chestnuts and chestnut puree,,Arsenic,Heavy metal,250,mg/kg or mg/L (ppm),Canned chestnuts and chestnut puree,"FSSAI (Contaminants, Toxins and Residues) Regulations, 2011 - Version VI (27.01.2022)",FSSAI,Compendium_Contaminants_Regulations_28_01_2022-FSSAI.pdf,11.0,https://www.fssai.gov.in/upload/uploadfiles/files/Compendium_Packaging_Labelling_Regulations_28_01_2022.pdf
Canned fish products,,Arsenic,Heavy metal,200,mg/kg or mg/L (ppm),Canned fish products,"FSSAI (Contaminants, Toxins and Residues) Regulations, 2011 - Version VI (27.01.2022)",FSSAI,Compendium_Contaminants_Regulations_28_01_2022-FSSAI.pdf,11.0,https://www.fssai.gov.in/upload/uploadfiles/files/Compendium_Packaging_Labelling_Regulations_28_01_2022.pdf
Canned foods other than beverages,,Arsenic,Heavy metal,250,mg/kg or mg/L (ppm),Canned foods other than beverages,"FSSAI (Contaminants, Toxins and Residues) Regulations, 2011 - Version VI (27.01.2022)",FSSAI,Compendium_Contaminants_Regulations_28_01_2022-FSSAI.pdf,11.0,https://www.fssai.gov.in/upload/uploadfiles/files/Compendium_Packaging_Labelling_Regulations_28_01_2022.pdf
Canned mushrooms,,Arsenic,Heavy metal,250,mg/kg or mg/L (ppm),Canned mushrooms,"FSSAI (Contaminants, Toxins and Residues) Regulations, 2011 - Version VI (27.01.2022)",FSSAI,Compendium_Contaminants_Regulations_28_01_2022-FSSAI.pdf,11.0,https://www.fssai.gov.in/upload/uploadfiles/files/Compendium_Packaging_Labelling_Regulations_28_01_2022.pdf
Canned tomatoes,,Arsenic,Heavy metal,250,mg/kg or mg/L (ppm),Canned tomatoes,"FSSAI (Contaminants, Toxins and Residues) Regulations, 2011 - Version VI (27.01.2022)",FSSAI,Compendium_Contaminants_Regulations_28_01_2022-FSSAI.pdf,11.0,https://www.fssai.gov.in/upload/uploadfiles/files/Compendium_Packaging_Labelling_Regulations_28_01_2022.pdf
Cooked cured chopped meat (for products in other containers) 50 Cooked cured chopped meat (for products in tinplate containers) 250 Cooked cured ham (for products in other containers) 50 Cooked cured ham (for products in tinplate containers 200 Cooked cured pork shoulder (for products in other containers) 50 Cooked cured pork shoulder (for products in tinplate containers) 200 Corned beef (for products in other containers),,Arsenic,Heavy metal,50,mg/kg or mg/L (ppm),Cooked cured chopped meat (for products in other containers) 50 Cooked cured chopped meat (for products in tinplate containers) 250 Cooked cured ham (for products in other containers) 50 Cooked cured ham (for products in tinplate containers 200 Cooked cured pork shoulder (for products in other containers) 50 Cooked cured pork shoulder (for products in tinplate containers) 200 Corned beef (for products in other containers),"FSSAI (Contaminants, Toxins and Residues) Regulations, 2011 - Version VI (27.01.2022)",FSSAI,Compendium_Contaminants_Regulations_28_01_2022-FSSAI.pdf,11.0,https://www.fssai.gov.in/upload/uploadfiles/files/Compendium_Packaging_Labelling_Regulations_28_01_2022.pdf
"Corned beef (for products in tinplate containers) 200 Corned beef, Luncheon meat, Cooked ham, Chopped meat, Canned chicken, Canned mutton and Goat meat 250 Foods not specified",,Arsenic,Heavy metal,250,mg/kg or mg/L (ppm),"Corned beef (for products in tinplate containers) 200 Corned beef, Luncheon meat, Cooked ham, Chopped meat, Canned chicken, Canned mutton and Goat meat 250 Foods not specified","FSSAI (Contaminants, Toxins and Residues) Regulations, 2011 - Version VI (27.01.2022)",FSSAI,Compendium_Contaminants_Regulations_28_01_2022-FSSAI.pdf,11.0,https://www.fssai.gov.in/upload/uploadfiles/files/Compendium_Packaging_Labelling_Regulations_28_01_2022.pdf
Hard boiled sugar confectionery,,Arsenic,Heavy metal,5.0,mg/kg or mg/L (ppm),Hard boiled sugar confectionery,"FSSAI (Contaminants, Toxins and Residues) Regulations, 2011 - Version VI (27.01.2022)",FSSAI,Compendium_Contaminants_Regulations_28_01_2022-FSSAI.pdf,11.0,https://www.fssai.gov.in/upload/uploadfiles/files/Compendium_Packaging_Labelling_Regulations_28_01_2022.pdf
Infant milk substitute and Infant foods,,Arsenic,Heavy metal,5.0,mg/kg or mg/L (ppm),Infant milk substitute and Infant foods,"FSSAI (Contaminants, Toxins and Residues) Regulations, 2011 - Version VI (27.01.2022)",FSSAI,Compendium_Contaminants_Regulations_28_01_2022-FSSAI.pdf,11.0,https://www.fssai.gov.in/upload/uploadfiles/files/Compendium_Packaging_Labelling_Regulations_28_01_2022.pdf
"Jam, Jellies and Marmalade",,Arsenic,Heavy metal,250,mg/kg or mg/L (ppm),"Jam, Jellies and Marmalade","FSSAI (Contaminants, Toxins and Residues) Regulations, 2011 - Version VI (27.01.2022)",FSSAI,Compendium_Contaminants_Regulations_28_01_2022-FSSAI.pdf,11.0,https://www.fssai.gov.in/upload/uploadfiles/files/Compendium_Packaging_Labelling_Regulations_28_01_2022.pdf
"Juice of orange, apple, tomato, pineapple and lemon 250 Luncheon meat (for products in other containers) 50 Luncheon meat (for products in tinplate containers) 200 Mango Chutney",,Arsenic,Heavy metal,250,mg/kg or mg/L (ppm),"Juice of orange, apple, tomato, pineapple and lemon 250 Luncheon meat (for products in other containers) 50 Luncheon meat (for products in tinplate containers) 200 Mango Chutney","FSSAI (Contaminants, Toxins and Residues) Regulations, 2011 - Version VI (27.01.2022)",FSSAI,Compendium_Contaminants_Regulations_28_01_2022-FSSAI.pdf,11.0,https://www.fssai.gov.in/upload/uploadfiles/files/Compendium_Packaging_Labelling_Regulations_28_01_2022.pdf
Pickled cucumber,,Arsenic,Heavy metal,250,mg/kg or mg/L (ppm),Pickled cucumber,"FSSAI (Contaminants, Toxins and Residues) Regulations, 2011 - Version VI (27.01.2022)",FSSAI,Compendium_Contaminants_Regulations_28_01_2022-FSSAI.pdf,11.0,https://www.fssai.gov.in/upload/uploadfiles/files/Compendium_Packaging_Labelling_Regulations_28_01_2022.pdf
Processed and canned food products,,Arsenic,Heavy metal,250,mg/kg or mg/L (ppm),Processed and canned food products,"FSSAI (Contaminants, Toxins and Residues) Regulations, 2011 - Version VI (27.01.2022)",FSSAI,Compendium_Contaminants_Regulations_28_01_2022-FSSAI.pdf,11.0,https://www.fssai.gov.in/upload/uploadfiles/files/Compendium_Packaging_Labelling_Regulations_28_01_2022.pdf
Processed tomato concentrates,,Arsenic,Heavy metal,250,mg/kg or mg/L (ppm),Processed tomato concentrates,"FSSAI (Contaminants, Toxins and Residues) Regulations, 2011 - Version VI (27.01.2022)",FSSAI,Compendium_Contaminants_Regulations_28_01_2022-FSSAI.pdf,11.0,https://www.fssai.gov.in/upload/uploadfiles/files/Compendium_Packaging_Labelling_Regulations_28_01_2022.pdf
Pulp and pulp products of any fruit,,Arsenic,Heavy metal,250,mg/kg or mg/L (ppm),Pulp and pulp products of any fruit,"FSSAI (Contaminants, Toxins and Residues) Regulations, 2011 - Version VI (27.01.2022)",FSSAI,Compendium_Contaminants_Regulations_28_01_2022-FSSAI.pdf,11.0,https://www.fssai.gov.in/upload/uploadfiles/files/Compendium_Packaging_Labelling_Regulations_28_01_2022.pdf
Table Olives,,Arsenic,Heavy metal,250,mg/kg or mg/L (ppm),Table Olives,"FSSAI (Contaminants, Toxins and Residues) Regulations, 2011 - Version VI (27.01.2022)",FSSAI,Compendium_Contaminants_Regulations_28_01_2022-FSSAI.pdf,11.0,https://www.fssai.gov.in/upload/uploadfiles/files/Compendium_Packaging_Labelling_Regulations_28_01_2022.pdf
Turmeric whole and powder,,Arsenic,Heavy metal,0.01,mg/kg or mg/L (ppm),Turmeric whole and powder,"FSSAI (Contaminants, Toxins and Residues) Regulations, 2011 - Version VI (27.01.2022)",FSSAI,Compendium_Contaminants_Regulations_28_01_2022-FSSAI.pdf,11.0,https://www.fssai.gov.in/upload/uploadfiles/files/Compendium_Packaging_Labelling_Regulations_28_01_2022.pdf
Bivalve Molluscs,,Cadmium,Heavy metal,2.0,mg/kg or mg/L (ppm),Bivalve Molluscs,"FSSAI (Contaminants, Toxins and Residues) Regulations, 2011 - Version VI (27.01.2022)",FSSAI,Compendium_Contaminants_Regulations_28_01_2022-FSSAI.pdf,11.0,https://www.fssai.gov.in/upload/uploadfiles/files/Compendium_Packaging_Labelling_Regulations_28_01_2022.pdf
Brassica vegetables,,Cadmium,Heavy metal,0.05,mg/kg or mg/L (ppm),Brassica vegetables,"FSSAI (Contaminants, Toxins and Residues) Regulations, 2011 - Version VI (27.01.2022)",FSSAI,Compendium_Contaminants_Regulations_28_01_2022-FSSAI.pdf,11.0,https://www.fssai.gov.in/upload/uploadfiles/files/Compendium_Packaging_Labelling_Regulations_28_01_2022.pdf
Bulb vegetables,,Cadmium,Heavy metal,0.05,mg/kg or mg/L (ppm),Bulb vegetables,"FSSAI (Contaminants, Toxins and Residues) Regulations, 2011 - Version VI (27.01.2022)",FSSAI,Compendium_Contaminants_Regulations_28_01_2022-FSSAI.pdf,11.0,https://www.fssai.gov.in/upload/uploadfiles/files/Compendium_Packaging_Labelling_Regulations_28_01_2022.pdf
Carrageenan,,Cadmium,Heavy metal,1.5,mg/kg or mg/L (ppm),Carrageenan,"FSSAI (Contaminants, Toxins and Residues) Regulations, 2011 - Version VI (27.01.2022)",FSSAI,Compendium_Contaminants_Regulations_28_01_2022-FSSAI.pdf,11.0,https://www.fssai.gov.in/upload/uploadfiles/files/Compendium_Packaging_Labelling_Regulations_28_01_2022.pdf
Cephalopods,,Cadmium,Heavy metal,2.0,mg/kg or mg/L (ppm),Cephalopods,"FSSAI (Contaminants, Toxins and Residues) Regulations, 2011 - Version VI (27.01.2022)",FSSAI,Compendium_Contaminants_Regulations_28_01_2022-FSSAI.pdf,11.0,https://www.fssai.gov.in/upload/uploadfiles/files/Compendium_Packaging_Labelling_Regulations_28_01_2022.pdf
"Cereal grains, except buckwheat, canihua and",,Cadmium,Heavy metal,0.1,mg/kg or mg/L (ppm),"Cereal grains, except buckwheat, canihua and","FSSAI (Contaminants, Toxins and Residues) Regulations, 2011 - Version VI (27.01.2022)",FSSAI,Compendium_Contaminants_Regulations_28_01_2022-FSSAI.pdf,11.0,https://www.fssai.gov.in/upload/uploadfiles/files/Compendium_Packaging_Labelling_Regulations_28_01_2022.pdf
Quinoa (excluding wheat and rice; and bran and germ) Crustaceans,,Cadmium,Heavy metal,0.5,mg/kg or mg/L (ppm),Quinoa (excluding wheat and rice; and bran and germ) Crustaceans,"FSSAI (Contaminants, Toxins and Residues) Regulations, 2011 - Version VI (27.01.2022)",FSSAI,Compendium_Contaminants_Regulations_28_01_2022-FSSAI.pdf,12.0,https://www.fssai.gov.in/upload/uploadfiles/files/Compendium_Packaging_Labelling_Regulations_28_01_2022.pdf
Fish,,Cadmium,Heavy metal,0.3,mg/kg or mg/L (ppm),Fish,"FSSAI (Contaminants, Toxins and Residues) Regulations, 2011 - Version VI (27.01.2022)",FSSAI,Compendium_Contaminants_Regulations_28_01_2022-FSSAI.pdf,12.0,https://www.fssai.gov.in/upload/uploadfiles/files/Compendium_Packaging_Labelling_Regulations_28_01_2022.pdf
Foods not specified,,Cadmium,Heavy metal,1.5,mg/kg or mg/L (ppm),Foods not specified,"FSSAI (Contaminants, Toxins and Residues) Regulations, 2011 - Version VI (27.01.2022)",FSSAI,Compendium_Contaminants_Regulations_28_01_2022-FSSAI.pdf,12.0,https://www.fssai.gov.in/upload/uploadfiles/files/Compendium_Packaging_Labelling_Regulations_28_01_2022.pdf
"Fruiting vegetables other than cucurbits (excluding tomatoes and edible fungi) Fruiting vegetables, cucurbits",,Cadmium,Heavy metal,0.05,mg/kg or mg/L (ppm),"Fruiting vegetables other than cucurbits (excluding tomatoes and edible fungi) Fruiting vegetables, cucurbits","FSSAI (Contaminants, Toxins and Residues) Regulations, 2011 - Version VI (27.01.2022)",FSSAI,Compendium_Contaminants_Regulations_28_01_2022-FSSAI.pdf,12.0,https://www.fssai.gov.in/upload/uploadfiles/files/Compendium_Packaging_Labelling_Regulations_28_01_2022.pdf
Infant milk substitute and Infant foods,,Cadmium,Heavy metal,0.1,mg/kg or mg/L (ppm),Infant milk substitute and Infant foods,"FSSAI (Contaminants, Toxins and Residues) Regulations, 2011 - Version VI (27.01.2022)",FSSAI,Compendium_Contaminants_Regulations_28_01_2022-FSSAI.pdf,12.0,https://www.fssai.gov.in/upload/uploadfiles/files/Compendium_Packaging_Labelling_Regulations_28_01_2022.pdf
Leafy vegetables,,Cadmium,Heavy metal,0.2,mg/kg or mg/L (ppm),Leafy vegetables,"FSSAI (Contaminants, Toxins and Residues) Regulations, 2011 - Version VI (27.01.2022)",FSSAI,Compendium_Contaminants_Regulations_28_01_2022-FSSAI.pdf,12.0,https://www.fssai.gov.in/upload/uploadfiles/files/Compendium_Packaging_Labelling_Regulations_28_01_2022.pdf
Legume vegetables,,Cadmium,Heavy metal,0.1,mg/kg or mg/L (ppm),Legume vegetables,"FSSAI (Contaminants, Toxins and Residues) Regulations, 2011 - Version VI (27.01.2022)",FSSAI,Compendium_Contaminants_Regulations_28_01_2022-FSSAI.pdf,12.0,https://www.fssai.gov.in/upload/uploadfiles/files/Compendium_Packaging_Labelling_Regulations_28_01_2022.pdf
"Natural mineral water, expressed in mg/L",,Cadmium,Heavy metal,0.003,mg/kg or mg/L (ppm),"Natural mineral water, expressed in mg/L","FSSAI (Contaminants, Toxins and Residues) Regulations, 2011 - Version VI (27.01.2022)",FSSAI,Compendium_Contaminants_Regulations_28_01_2022-FSSAI.pdf,12.0,https://www.fssai.gov.in/upload/uploadfiles/files/Compendium_Packaging_Labelling_Regulations_28_01_2022.pdf
Other vegetables,,Cadmium,Heavy metal,1.5,mg/kg or mg/L (ppm),Other vegetables,"FSSAI (Contaminants, Toxins and Residues) Regulations, 2011 - Version VI (27.01.2022)",FSSAI,Compendium_Contaminants_Regulations_28_01_2022-FSSAI.pdf,12.0,https://www.fssai.gov.in/upload/uploadfiles/files/Compendium_Packaging_Labelling_Regulations_28_01_2022.pdf
"Packaged drinking water (other than mineral water), expressed in mg/L Potato, peeled",,Cadmium,Heavy metal,0.1,mg/kg or mg/L (ppm),"Packaged drinking water (other than mineral water), expressed in mg/L Potato, peeled","FSSAI (Contaminants, Toxins and Residues) Regulations, 2011 - Version VI (27.01.2022)",FSSAI,Compendium_Contaminants_Regulations_28_01_2022-FSSAI.pdf,12.0,https://www.fssai.gov.in/upload/uploadfiles/files/Compendium_Packaging_Labelling_Regulations_28_01_2022.pdf
"Pulses, excluding soybean dry",,Cadmium,Heavy metal,0.1,mg/kg or mg/L (ppm),"Pulses, excluding soybean dry","FSSAI (Contaminants, Toxins and Residues) Regulations, 2011 - Version VI (27.01.2022)",FSSAI,Compendium_Contaminants_Regulations_28_01_2022-FSSAI.pdf,12.0,https://www.fssai.gov.in/upload/uploadfiles/files/Compendium_Packaging_Labelling_Regulations_28_01_2022.pdf
"Rice, polished",,Cadmium,Heavy metal,0.4,mg/kg or mg/L (ppm),"Rice, polished","FSSAI (Contaminants, Toxins and Residues) Regulations, 2011 - Version VI (27.01.2022)",FSSAI,Compendium_Contaminants_Regulations_28_01_2022-FSSAI.pdf,12.0,https://www.fssai.gov.in/upload/uploadfiles/files/Compendium_Packaging_Labelling_Regulations_28_01_2022.pdf
"Root and tuber vegetables, excluding potato and celeriac Salt, food grade",,Cadmium,Heavy metal,0.5,mg/kg or mg/L (ppm),"Root and tuber vegetables, excluding potato and celeriac Salt, food grade","FSSAI (Contaminants, Toxins and Residues) Regulations, 2011 - Version VI (27.01.2022)",FSSAI,Compendium_Contaminants_Regulations_28_01_2022-FSSAI.pdf,12.0,https://www.fssai.gov.in/upload/uploadfiles/files/Compendium_Packaging_Labelling_Regulations_28_01_2022.pdf
Stalk and stem vegetables,,Cadmium,Heavy metal,0.1,mg/kg or mg/L (ppm),Stalk and stem vegetables,"FSSAI (Contaminants, Toxins and Residues) Regulations, 2011 - Version VI (27.01.2022)",FSSAI,Compendium_Contaminants_Regulations_28_01_2022-FSSAI.pdf,12.0,https://www.fssai.gov.in/upload/uploadfiles/files/Compendium_Packaging_Labelling_Regulations_28_01_2022.pdf
Turmeric whole and powder,,Cadmium,Heavy metal,0.1,mg/kg or mg/L (ppm),Turmeric whole and powder,"FSSAI (Contaminants, Toxins and Residues) Regulations, 2011 - Version VI (27.01.2022)",FSSAI,Compendium_Contaminants_Regulations_28_01_2022-FSSAI.pdf,12.0,https://www.fssai.gov.in/upload/uploadfiles/files/Compendium_Packaging_Labelling_Regulations_28_01_2022.pdf
Wheat,,Cadmium,Heavy metal,0.2,mg/kg or mg/L (ppm),Wheat,"FSSAI (Contaminants, Toxins and Residues) Regulations, 2011 - Version VI (27.01.2022)",FSSAI,Compendium_Contaminants_Regulations_28_01_2022-FSSAI.pdf,12.0,https://www.fssai.gov.in/upload/uploadfiles/files/Compendium_Packaging_Labelling_Regulations_28_01_2022.pdf
Alumina used in preparation of lake colour,,Mercury,Heavy metal,1.0,mg/kg or mg/L (ppm),Alumina used in preparation of lake colour,"FSSAI (Contaminants, Toxins and Residues) Regulations, 2011 - Version VI (27.01.2022)",FSSAI,Compendium_Contaminants_Regulations_28_01_2022-FSSAI.pdf,12.0,https://www.fssai.gov.in/upload/uploadfiles/files/Compendium_Packaging_Labelling_Regulations_28_01_2022.pdf
Aluminium lake of Sunset yellow FCF,,Mercury,Heavy metal,1.0,mg/kg or mg/L (ppm),Aluminium lake of Sunset yellow FCF,"FSSAI (Contaminants, Toxins and Residues) Regulations, 2011 - Version VI (27.01.2022)",FSSAI,Compendium_Contaminants_Regulations_28_01_2022-FSSAI.pdf,12.0,https://www.fssai.gov.in/upload/uploadfiles/files/Compendium_Packaging_Labelling_Regulations_28_01_2022.pdf
Caramel,,Mercury,Heavy metal,0.1,mg/kg or mg/L (ppm),Caramel,"FSSAI (Contaminants, Toxins and Residues) Regulations, 2011 - Version VI (27.01.2022)",FSSAI,Compendium_Contaminants_Regulations_28_01_2022-FSSAI.pdf,12.0,https://www.fssai.gov.in/upload/uploadfiles/files/Compendium_Packaging_Labelling_Regulations_28_01_2022.pdf
Carrageenan,,Mercury,Heavy metal,1.0,mg/kg or mg/L (ppm),Carrageenan,"FSSAI (Contaminants, Toxins and Residues) Regulations, 2011 - Version VI (27.01.2022)",FSSAI,Compendium_Contaminants_Regulations_28_01_2022-FSSAI.pdf,12.0,https://www.fssai.gov.in/upload/uploadfiles/files/Compendium_Packaging_Labelling_Regulations_28_01_2022.pdf
Fast green FCF,,Mercury,Heavy metal,0.01,mg/kg or mg/L (ppm),Fast green FCF,"FSSAI (Contaminants, Toxins and Residues) Regulations, 2011 - Version VI (27.01.2022)",FSSAI,Compendium_Contaminants_Regulations_28_01_2022-FSSAI.pdf,12.0,https://www.fssai.gov.in/upload/uploadfiles/files/Compendium_Packaging_Labelling_Regulations_28_01_2022.pdf
Fish,,Mercury,Heavy metal,0.5,mg/kg or mg/L (ppm),Fish,"FSSAI (Contaminants, Toxins and Residues) Regulations, 2011 - Version VI (27.01.2022)",FSSAI,Compendium_Contaminants_Regulations_28_01_2022-FSSAI.pdf,12.0,https://www.fssai.gov.in/upload/uploadfiles/files/Compendium_Packaging_Labelling_Regulations_28_01_2022.pdf
Foods not specified,,Mercury,Heavy metal,1.0,mg/kg or mg/L (ppm),Foods not specified,"FSSAI (Contaminants, Toxins and Residues) Regulations, 2011 - Version VI (27.01.2022)",FSSAI,Compendium_Contaminants_Regulations_28_01_2022-FSSAI.pdf,12.0,https://www.fssai.gov.in/upload/uploadfiles/files/Compendium_Packaging_Labelling_Regulations_28_01_2022.pdf
"Natural mineral water, expressed in mg/L",,Mercury,Heavy metal,0.001,mg/kg or mg/L (ppm),"Natural mineral water, expressed in mg/L","FSSAI (Contaminants, Toxins and Residues) Regulations, 2011 - Version VI (27.01.2022)",FSSAI,Compendium_Contaminants_Regulations_28_01_2022-FSSAI.pdf,12.0,https://www.fssai.gov.in/upload/uploadfiles/files/Compendium_Packaging_Labelling_Regulations_28_01_2022.pdf
"Non-predatory fish, crustaceans, cephalopods, molluscs Packaged drinking water (other than mineral water), expressed in mg/L Predatory fish (Tuna, Marlin, Sword Fish, Elasmobranch) Salt, food grade",,Mercury,Heavy metal,0.1,mg/kg or mg/L (ppm),"Non-predatory fish, crustaceans, cephalopods, molluscs Packaged drinking water (other than mineral water), expressed in mg/L Predatory fish (Tuna, Marlin, Sword Fish, Elasmobranch) Salt, food grade","FSSAI (Contaminants, Toxins and Residues) Regulations, 2011 - Version VI (27.01.2022)",FSSAI,Compendium_Contaminants_Regulations_28_01_2022-FSSAI.pdf,12.0,https://www.fssai.gov.in/upload/uploadfiles/files/Compendium_Packaging_Labelling_Regulations_28_01_2022.pdf
Sodium hydroxide,,Mercury,Heavy metal,1.5,mg/kg or mg/L (ppm),Sodium hydroxide,"FSSAI (Contaminants, Toxins and Residues) Regulations, 2011 - Version VI (27.01.2022)",FSSAI,Compendium_Contaminants_Regulations_28_01_2022-FSSAI.pdf,12.0,https://www.fssai.gov.in/upload/uploadfiles/files/Compendium_Packaging_Labelling_Regulations_28_01_2022.pdf
Titanium oxide,,Mercury,Heavy metal,1.0,mg/kg or mg/L (ppm),Titanium oxide,"FSSAI (Contaminants, Toxins and Residues) Regulations, 2011 - Version VI (27.01.2022)",FSSAI,Compendium_Contaminants_Regulations_28_01_2022-FSSAI.pdf,12.0,https://www.fssai.gov.in/upload/uploadfiles/files/Compendium_Packaging_Labelling_Regulations_28_01_2022.pdf
Vegetables,,Mercury,Heavy metal,1.0,mg/kg or mg/L (ppm),Vegetables,"FSSAI (Contaminants, Toxins and Residues) Regulations, 2011 - Version VI (27.01.2022)",FSSAI,Compendium_Contaminants_Regulations_28_01_2022-FSSAI.pdf,12.0,https://www.fssai.gov.in/upload/uploadfiles/files/Compendium_Packaging_Labelling_Regulations_28_01_2022.pdf
All fishery products,,Chromium,Heavy metal,12,mg/kg or mg/L (ppm),All fishery products,"FSSAI (Contaminants, Toxins and Residues) Regulations, 2011 - Version VI (27.01.2022)",FSSAI,Compendium_Contaminants_Regulations_28_01_2022-FSSAI.pdf,13.0,https://www.fssai.gov.in/upload/uploadfiles/files/Compendium_Packaging_Labelling_Regulations_28_01_2022.pdf
Brilliant blue FCF,,Chromium,Heavy metal,50,mg/kg or mg/L (ppm),Brilliant blue FCF,"FSSAI (Contaminants, Toxins and Residues) Regulations, 2011 - Version VI (27.01.2022)",FSSAI,Compendium_Contaminants_Regulations_28_01_2022-FSSAI.pdf,13.0,https://www.fssai.gov.in/upload/uploadfiles/files/Compendium_Packaging_Labelling_Regulations_28_01_2022.pdf
Fast green FCF,,Chromium,Heavy metal,50,mg/kg or mg/L (ppm),Fast green FCF,"FSSAI (Contaminants, Toxins and Residues) Regulations, 2011 - Version VI (27.01.2022)",FSSAI,Compendium_Contaminants_Regulations_28_01_2022-FSSAI.pdf,13.0,https://www.fssai.gov.in/upload/uploadfiles/files/Compendium_Packaging_Labelling_Regulations_28_01_2022.pdf
Gelatin,,Chromium,Heavy metal,10,mg/kg or mg/L (ppm),Gelatin,"FSSAI (Contaminants, Toxins and Residues) Regulations, 2011 - Version VI (27.01.2022)",FSSAI,Compendium_Contaminants_Regulations_28_01_2022-FSSAI.pdf,13.0,https://www.fssai.gov.in/upload/uploadfiles/files/Compendium_Packaging_Labelling_Regulations_28_01_2022.pdf
"Mineral water, expressed in mg/L",,Chromium,Heavy metal,0.05,mg/kg or mg/L (ppm),"Mineral water, expressed in mg/L","FSSAI (Contaminants, Toxins and Residues) Regulations, 2011 - Version VI (27.01.2022)",FSSAI,Compendium_Contaminants_Regulations_28_01_2022-FSSAI.pdf,13.0,https://www.fssai.gov.in/upload/uploadfiles/files/Compendium_Packaging_Labelling_Regulations_28_01_2022.pdf
"Packaged drinking water (other than mineral water), expressed in mg/L",,Chromium,Heavy metal,0.05,mg/kg or mg/L (ppm),"Packaged drinking water (other than mineral water), expressed in mg/L","FSSAI (Contaminants, Toxins and Residues) Regulations, 2011 - Version VI (27.01.2022)",FSSAI,Compendium_Contaminants_Regulations_28_01_2022-FSSAI.pdf,13.0,https://www.fssai.gov.in/upload/uploadfiles/files/Compendium_Packaging_Labelling_Regulations_28_01_2022.pdf
Refined sugar,,Chromium,Heavy metal,0.02,mg/kg or mg/L (ppm),Refined sugar,"FSSAI (Contaminants, Toxins and Residues) Regulations, 2011 - Version VI (27.01.2022)",FSSAI,Compendium_Contaminants_Regulations_28_01_2022-FSSAI.pdf,13.0,https://www.fssai.gov.in/upload/uploadfiles/files/Compendium_Packaging_Labelling_Regulations_28_01_2022.pdf
Vegetables,,Chromium,Heavy metal,1.0,mg/kg or mg/L (ppm),Vegetables,"FSSAI (Contaminants, Toxins and Residues) Regulations, 2011 - Version VI (27.01.2022)",FSSAI,Compendium_Contaminants_Regulations_28_01_2022-FSSAI.pdf,13.0,https://www.fssai.gov.in/upload/uploadfiles/files/Compendium_Packaging_Labelling_Regulations_28_01_2022.pdf
"9. Nickel All hydrogenated, partially hydrogenated, interesterified vegetable oils and fats such as vanaspati, table margarine, bakery and industrial margarine, bakery shortening, fat spread and partially hydrogenated margarine, bakery shortening, fat spread and partially hydrogenated soyabean oil Mineral water, expressed in mg/L",,Chromium,Heavy metal,0.02,mg/kg or mg/L (ppm),"9. Nickel All hydrogenated, partially hydrogenated, interesterified vegetable oils and fats such as vanaspati, table margarine, bakery and industrial margarine, bakery shortening, fat spread and partially hydrogenated margarine, bakery shortening, fat spread and partially hydrogenated soyabean oil Mineral water, expressed in mg/L","FSSAI (Contaminants, Toxins and Residues) Regulations, 2011 - Version VI (27.01.2022)",FSSAI,Compendium_Contaminants_Regulations_28_01_2022-FSSAI.pdf,13.0,https://www.fssai.gov.in/upload/uploadfiles/files/Compendium_Packaging_Labelling_Regulations_28_01_2022.pdf
"Packaged drinking water (other than mineral water), expressed in mg/L",,Chromium,Heavy metal,0.02,mg/kg or mg/L (ppm),"Packaged drinking water (other than mineral water), expressed in mg/L","FSSAI (Contaminants, Toxins and Residues) Regulations, 2011 - Version VI (27.01.2022)",FSSAI,Compendium_Contaminants_Regulations_28_01_2022-FSSAI.pdf,13.0,https://www.fssai.gov.in/upload/uploadfiles/files/Compendium_Packaging_Labelling_Regulations_28_01_2022.pdf
Sorbitol,,Chromium,Heavy metal,2.0,mg/kg or mg/L (ppm),Sorbitol,"FSSAI (Contaminants, Toxins and Residues) Regulations, 2011 - Version VI (27.01.2022)",FSSAI,Compendium_Contaminants_Regulations_28_01_2022-FSSAI.pdf,13.0,https://www.fssai.gov.in/upload/uploadfiles/files/Compendium_Packaging_Labelling_Regulations_28_01_2022.pdf
Vegetables,,Chromium,Heavy metal,1.0,mg/kg or mg/L (ppm),Vegetables,"FSSAI (Contaminants, Toxins and Residues) Regulations, 2011 - Version VI (27.01.2022)",FSSAI,Compendium_Contaminants_Regulations_28_01_2022-FSSAI.pdf,13.0,https://www.fssai.gov.in/upload/uploadfiles/files/Compendium_Packaging_Labelling_Regulations_28_01_2022.pdf
"10.Selenium Mineral water , expressed in mg/L",,Chromium,Heavy metal,0.05,mg/kg or mg/L (ppm),"10.Selenium Mineral water , expressed in mg/L","FSSAI (Contaminants, Toxins and Residues) Regulations, 2011 - Version VI (27.01.2022)",FSSAI,Compendium_Contaminants_Regulations_28_01_2022-FSSAI.pdf,13.0,https://www.fssai.gov.in/upload/uploadfiles/files/Compendium_Packaging_Labelling_Regulations_28_01_2022.pdf
"Packaged drinking water (other than mineral water), expressed in mg/L",,Chromium,Heavy metal,0.01,mg/kg or mg/L (ppm),"Packaged drinking water (other than mineral water), expressed in mg/L","FSSAI (Contaminants, Toxins and Residues) Regulations, 2011 - Version VI (27.01.2022)",FSSAI,Compendium_Contaminants_Regulations_28_01_2022-FSSAI.pdf,13.0,https://www.fssai.gov.in/upload/uploadfiles/files/Compendium_Packaging_Labelling_Regulations_28_01_2022.pdf
Potassium metabisulphite,,Chromium,Heavy metal,5.0,mg/kg or mg/L (ppm),Potassium metabisulphite,"FSSAI (Contaminants, Toxins and Residues) Regulations, 2011 - Version VI (27.01.2022)",FSSAI,Compendium_Contaminants_Regulations_28_01_2022-FSSAI.pdf,13.0,https://www.fssai.gov.in/upload/uploadfiles/files/Compendium_Packaging_Labelling_Regulations_28_01_2022.pdf
Sodium metabisulphite,,Chromium,Heavy metal,5.0,mg/kg or mg/L (ppm),Sodium metabisulphite,"FSSAI (Contaminants, Toxins and Residues) Regulations, 2011 - Version VI (27.01.2022)",FSSAI,Compendium_Contaminants_Regulations_28_01_2022-FSSAI.pdf,13.0,https://www.fssai.gov.in/upload/uploadfiles/files/Compendium_Packaging_Labelling_Regulations_28_01_2022.pdf
Sulphur dioxide,,Chromium,Heavy metal,20,mg/kg or mg/L (ppm),Sulphur dioxide,"FSSAI (Contaminants, Toxins and Residues) Regulations, 2011 - Version VI (27.01.2022)",FSSAI,Compendium_Contaminants_Regulations_28_01_2022-FSSAI.pdf,13.0,https://www.fssai.gov.in/upload/uploadfiles/files/Compendium_Packaging_Labelling_Regulations_28_01_2022.pdf
"11.Antimony Mineral water , expressed in mg/L",,Chromium,Heavy metal,0.005,mg/kg or mg/L (ppm),"11.Antimony Mineral water , expressed in mg/L","FSSAI (Contaminants, Toxins and Residues) Regulations, 2011 - Version VI (27.01.2022)",FSSAI,Compendium_Contaminants_Regulations_28_01_2022-FSSAI.pdf,13.0,https://www.fssai.gov.in/upload/uploadfiles/files/Compendium_Packaging_Labelling_Regulations_28_01_2022.pdf
"Packaged drinking water (other than mineral water), expressed in mg/L",,Chromium,Heavy metal,0.005,mg/kg or mg/L (ppm),"Packaged drinking water (other than mineral water), expressed in mg/L","FSSAI (Contaminants, Toxins and Residues) Regulations, 2011 - Version VI (27.01.2022)",FSSAI,Compendium_Contaminants_Regulations_28_01_2022-FSSAI.pdf,13.0,https://www.fssai.gov.in/upload/uploadfiles/files/Compendium_Packaging_Labelling_Regulations_28_01_2022.pdf
Titanium dioxide,,Chromium,Heavy metal,2.0,mg/kg or mg/L (ppm),Titanium dioxide,"FSSAI (Contaminants, Toxins and Residues) Regulations, 2011 - Version VI (27.01.2022)",FSSAI,Compendium_Contaminants_Regulations_28_01_2022-FSSAI.pdf,13.0,https://www.fssai.gov.in/upload/uploadfiles/files/Compendium_Packaging_Labelling_Regulations_28_01_2022.pdf
Cereal and cereal products,,Total Aflatoxins,Mycotoxin,15,µg/kg,Cereal and cereal products,"FSSAI (Contaminants, Toxins and Residues) Regulations, 2011 - Version VI (27.01.2022)",FSSAI,Compendium_Contaminants_Regulations_28_01_2022-FSSAI.pdf,14.0,https://www.fssai.gov.in/upload/uploadfiles/files/Compendium_Packaging_Labelling_Regulations_28_01_2022.pdf
Dried figs,,Total Aflatoxins,Mycotoxin,10,µg/kg,Dried figs,"FSSAI (Contaminants, Toxins and Residues) Regulations, 2011 - Version VI (27.01.2022)",FSSAI,Compendium_Contaminants_Regulations_28_01_2022-FSSAI.pdf,14.0,https://www.fssai.gov.in/upload/uploadfiles/files/Compendium_Packaging_Labelling_Regulations_28_01_2022.pdf
Arecanut or Betelnut,,Total Aflatoxins,Mycotoxin,15,µg/kg,Arecanut or Betelnut,"FSSAI (Contaminants, Toxins and Residues) Regulations, 2011 - Version VI (27.01.2022)",FSSAI,Compendium_Contaminants_Regulations_28_01_2022-FSSAI.pdf,14.0,https://www.fssai.gov.in/upload/uploadfiles/files/Compendium_Packaging_Labelling_Regulations_28_01_2022.pdf
Nuts for further processing,,Total Aflatoxins,Mycotoxin,15,µg/kg,Nuts for further processing,"FSSAI (Contaminants, Toxins and Residues) Regulations, 2011 - Version VI (27.01.2022)",FSSAI,Compendium_Contaminants_Regulations_28_01_2022-FSSAI.pdf,14.0,https://www.fssai.gov.in/upload/uploadfiles/files/Compendium_Packaging_Labelling_Regulations_28_01_2022.pdf
"Nuts, ready to eat",,Total Aflatoxins,Mycotoxin,15,µg/kg,"Nuts, ready to eat","FSSAI (Contaminants, Toxins and Residues) Regulations, 2011 - Version VI (27.01.2022)",FSSAI,Compendium_Contaminants_Regulations_28_01_2022-FSSAI.pdf,14.0,https://www.fssai.gov.in/upload/uploadfiles/files/Compendium_Packaging_Labelling_Regulations_28_01_2022.pdf
Oilseeds for further processing,,Total Aflatoxins,Mycotoxin,15,µg/kg,Oilseeds for further processing,"FSSAI (Contaminants, Toxins and Residues) Regulations, 2011 - Version VI (27.01.2022)",FSSAI,Compendium_Contaminants_Regulations_28_01_2022-FSSAI.pdf,14.0,https://www.fssai.gov.in/upload/uploadfiles/files/Compendium_Packaging_Labelling_Regulations_28_01_2022.pdf
"Oilseeds, ready to eat",,Total Aflatoxins,Mycotoxin,15,µg/kg,"Oilseeds, ready to eat","FSSAI (Contaminants, Toxins and Residues) Regulations, 2011 - Version VI (27.01.2022)",FSSAI,Compendium_Contaminants_Regulations_28_01_2022-FSSAI.pdf,14.0,https://www.fssai.gov.in/upload/uploadfiles/files/Compendium_Packaging_Labelling_Regulations_28_01_2022.pdf
Pulses,,Total Aflatoxins,Mycotoxin,15,µg/kg,Pulses,"FSSAI (Contaminants, Toxins and Residues) Regulations, 2011 - Version VI (27.01.2022)",FSSAI,Compendium_Contaminants_Regulations_28_01_2022-FSSAI.pdf,14.0,https://www.fssai.gov.in/upload/uploadfiles/files/Compendium_Packaging_Labelling_Regulations_28_01_2022.pdf
Spices/Spice Mix,,Total Aflatoxins,Mycotoxin,30,µg/kg,Spices/Spice Mix,"FSSAI (Contaminants, Toxins and Residues) Regulations, 2011 - Version VI (27.01.2022)",FSSAI,Compendium_Contaminants_Regulations_28_01_2022-FSSAI.pdf,14.0,https://www.fssai.gov.in/upload/uploadfiles/files/Compendium_Packaging_Labelling_Regulations_28_01_2022.pdf
Arecanut or Betelnut,,Aflatoxin B1,Mycotoxin,10,µg/kg,Arecanut or Betelnut,"FSSAI (Contaminants, Toxins and Residues) Regulations, 2011 - Version VI (27.01.2022)",FSSAI,Compendium_Contaminants_Regulations_28_01_2022-FSSAI.pdf,14.0,https://www.fssai.gov.in/upload/uploadfiles/files/Compendium_Packaging_Labelling_Regulations_28_01_2022.pdf
Cereal and cereal products,,Aflatoxin B1,Mycotoxin,10,µg/kg,Cereal and cereal products,"FSSAI (Contaminants, Toxins and Residues) Regulations, 2011 - Version VI (27.01.2022)",FSSAI,Compendium_Contaminants_Regulations_28_01_2022-FSSAI.pdf,14.0,https://www.fssai.gov.in/upload/uploadfiles/files/Compendium_Packaging_Labelling_Regulations_28_01_2022.pdf
Nuts for further processing,,Aflatoxin B1,Mycotoxin,10,µg/kg,Nuts for further processing,"FSSAI (Contaminants, Toxins and Residues) Regulations, 2011 - Version VI (27.01.2022)",FSSAI,Compendium_Contaminants_Regulations_28_01_2022-FSSAI.pdf,14.0,https://www.fssai.gov.in/upload/uploadfiles/files/Compendium_Packaging_Labelling_Regulations_28_01_2022.pdf
"Nuts, ready to eat",,Aflatoxin B1,Mycotoxin,10,µg/kg,"Nuts, ready to eat","FSSAI (Contaminants, Toxins and Residues) Regulations, 2011 - Version VI (27.01.2022)",FSSAI,Compendium_Contaminants_Regulations_28_01_2022-FSSAI.pdf,14.0,https://www.fssai.gov.in/upload/uploadfiles/files/Compendium_Packaging_Labelling_Regulations_28_01_2022.pdf
Oilseeds for further processing,,Aflatoxin B1,Mycotoxin,10,µg/kg,Oilseeds for further processing,"FSSAI (Contaminants, Toxins and Residues) Regulations, 2011 - Version VI (27.01.2022)",FSSAI,Compendium_Contaminants_Regulations_28_01_2022-FSSAI.pdf,14.0,https://www.fssai.gov.in/upload/uploadfiles/files/Compendium_Packaging_Labelling_Regulations_28_01_2022.pdf
Pulses,,Aflatoxin B1,Mycotoxin,10,µg/kg,Pulses,"FSSAI (Contaminants, Toxins and Residues) Regulations, 2011 - Version VI (27.01.2022)",FSSAI,Compendium_Contaminants_Regulations_28_01_2022-FSSAI.pdf,14.0,https://www.fssai.gov.in/upload/uploadfiles/files/Compendium_Packaging_Labelling_Regulations_28_01_2022.pdf
Spices/Spice Mix,,Aflatoxin B1,Mycotoxin,15,µg/kg,Spices/Spice Mix,"FSSAI (Contaminants, Toxins and Residues) Regulations, 2011 - Version VI (27.01.2022)",FSSAI,Compendium_Contaminants_Regulations_28_01_2022-FSSAI.pdf,14.0,https://www.fssai.gov.in/upload/uploadfiles/files/Compendium_Packaging_Labelling_Regulations_28_01_2022.pdf
Milk (liquid),,Aflatoxin M1,Mycotoxin,0.5,µg/kg,Milk (liquid),"FSSAI (Contaminants, Toxins and Residues) Regulations, 2011 - Version VI (27.01.2022)",FSSAI,Compendium_Contaminants_Regulations_28_01_2022-FSSAI.pdf,14.0,https://www.fssai.gov.in/upload/uploadfiles/files/Compendium_Packaging_Labelling_Regulations_28_01_2022.pdf
Skimmed milk powder,,Aflatoxin M1,Mycotoxin,6,µg/kg,Skimmed milk powder,"FSSAI (Contaminants, Toxins and Residues) Regulations, 2011 - Version VI (27.01.2022)",FSSAI,Compendium_Contaminants_Regulations_28_01_2022-FSSAI.pdf,14.0,https://www.fssai.gov.in/upload/uploadfiles/files/Compendium_Packaging_Labelling_Regulations_28_01_2022.pdf
Whole milk powder,,Aflatoxin M1,Mycotoxin,4,µg/kg,Whole milk powder,"FSSAI (Contaminants, Toxins and Residues) Regulations, 2011 - Version VI (27.01.2022)",FSSAI,Compendium_Contaminants_Regulations_28_01_2022-FSSAI.pdf,14.0,https://www.fssai.gov.in/upload/uploadfiles/files/Compendium_Packaging_Labelling_Regulations_28_01_2022.pdf
"Wheat, rye, barley",,Ochratoxin A,Mycotoxin,20,µg/kg,"Wheat, rye, barley","FSSAI (Contaminants, Toxins and Residues) Regulations, 2011 - Version VI (27.01.2022)",FSSAI,Compendium_Contaminants_Regulations_28_01_2022-FSSAI.pdf,15.0,https://www.fssai.gov.in/upload/uploadfiles/files/Compendium_Packaging_Labelling_Regulations_28_01_2022.pdf
Apple juice,,Patulin,Mycotoxin,50,µg/kg,Apple juice,"FSSAI (Contaminants, Toxins and Residues) Regulations, 2011 - Version VI (27.01.2022)",FSSAI,Compendium_Contaminants_Regulations_28_01_2022-FSSAI.pdf,15.0,https://www.fssai.gov.in/upload/uploadfiles/files/Compendium_Packaging_Labelling_Regulations_28_01_2022.pdf
Apple juice used as ingredient in other beverages,,Patulin,Mycotoxin,50,µg/kg,Apple juice used as ingredient in other beverages,"FSSAI (Contaminants, Toxins and Residues) Regulations, 2011 - Version VI (27.01.2022)",FSSAI,Compendium_Contaminants_Regulations_28_01_2022-FSSAI.pdf,15.0,https://www.fssai.gov.in/upload/uploadfiles/files/Compendium_Packaging_Labelling_Regulations_28_01_2022.pdf
Wheat,,Deoxynivalenol,Mycotoxin,1000,µg/kg,Wheat,"FSSAI (Contaminants, Toxins and Residues) Regulations, 2011 - Version VI (27.01.2022)",FSSAI,Compendium_Contaminants_Regulations_28_01_2022-FSSAI.pdf,15.0,https://www.fssai.gov.in/upload/uploadfiles/files/Compendium_Packaging_Labelling_Regulations_28_01_2022.pdf
Food containing mushrooms,,Agaric acid,Natural toxin,100,ppm,Food containing mushrooms,"FSSAI (Contaminants, Toxins and Residues) Regulations, 2011 - Version VI (27.01.2022)",FSSAI,Compendium_Contaminants_Regulations_28_01_2022-FSSAI.pdf,15.0,https://www.fssai.gov.in/upload/uploadfiles/files/Compendium_Packaging_Labelling_Regulations_28_01_2022.pdf
Alcoholic beverages,,Agaric acid,Natural toxin,100,ppm,Alcoholic beverages,"FSSAI (Contaminants, Toxins and Residues) Regulations, 2011 - Version VI (27.01.2022)",FSSAI,Compendium_Contaminants_Regulations_28_01_2022-FSSAI.pdf,15.0,https://www.fssai.gov.in/upload/uploadfiles/files/Compendium_Packaging_Labelling_Regulations_28_01_2022.pdf
"Nougat, marzipan or substitutes/similar products",,Hydrocyanic acid,Natural toxin,5,ppm,"Nougat, marzipan or substitutes/similar products","FSSAI (Contaminants, Toxins and Residues) Regulations, 2011 - Version VI (27.01.2022)",FSSAI,Compendium_Contaminants_Regulations_28_01_2022-FSSAI.pdf,15.0,https://www.fssai.gov.in/upload/uploadfiles/files/Compendium_Packaging_Labelling_Regulations_28_01_2022.pdf
Canned stone fruits,,Hydrocyanic acid,Natural toxin,5,ppm,Canned stone fruits,"FSSAI (Contaminants, Toxins and Residues) Regulations, 2011 - Version VI (27.01.2022)",FSSAI,Compendium_Contaminants_Regulations_28_01_2022-FSSAI.pdf,15.0,https://www.fssai.gov.in/upload/uploadfiles/files/Compendium_Packaging_Labelling_Regulations_28_01_2022.pdf
"Sago, Cassava flour, Tapioca flour, Manihot flour and products",,Hydrocyanic acid,Natural toxin,10,ppm,"Sago, Cassava flour, Tapioca flour, Manihot flour and products","FSSAI (Contaminants, Toxins and Residues) Regulations, 2011 - Version VI (27.01.2022)",FSSAI,Compendium_Contaminants_Regulations_28_01_2022-FSSAI.pdf,15.0,https://www.fssai.gov.in/upload/uploadfiles/files/Compendium_Packaging_Labelling_Regulations_28_01_2022.pdf
Alcoholic beverages,,Hypericine,Natural toxin,1,ppm,Alcoholic beverages,"FSSAI (Contaminants, Toxins and Residues) Regulations, 2011 - Version VI (27.01.2022)",FSSAI,Compendium_Contaminants_Regulations_28_01_2022-FSSAI.pdf,15.0,https://www.fssai.gov.in/upload/uploadfiles/files/Compendium_Packaging_Labelling_Regulations_28_01_2022.pdf
Meat/poultry/game preparations and products,,Saffrole,Natural toxin,10,ppm,Meat/poultry/game preparations and products,"FSSAI (Contaminants, Toxins and Residues) Regulations, 2011 - Version VI (27.01.2022)",FSSAI,Compendium_Contaminants_Regulations_28_01_2022-FSSAI.pdf,15.0,https://www.fssai.gov.in/upload/uploadfiles/files/Compendium_Packaging_Labelling_Regulations_28_01_2022.pdf
Fish preparations and fish products,,Saffrole,Natural toxin,10,ppm,Fish preparations and fish products,"FSSAI (Contaminants, Toxins and Residues) Regulations, 2011 - Version VI (27.01.2022)",FSSAI,Compendium_Contaminants_Regulations_28_01_2022-FSSAI.pdf,15.0,https://www.fssai.gov.in/upload/uploadfiles/files/Compendium_Packaging_Labelling_Regulations_28_01_2022.pdf
Food containing mace and nutmeg,,Saffrole,Natural toxin,10,ppm,Food containing mace and nutmeg,"FSSAI (Contaminants, Toxins and Residues) Regulations, 2011 - Version VI (27.01.2022)",FSSAI,Compendium_Contaminants_Regulations_28_01_2022-FSSAI.pdf,15.0,https://www.fssai.gov.in/upload/uploadfiles/files/Compendium_Packaging_Labelling_Regulations_28_01_2022.pdf
Inland and Migratory Fish,,Polychlorinated biphenyls (sum of 6 indicator PCBs),Other contaminant,2.0,ppm,Inland and Migratory Fish,"FSSAI (Contaminants, Toxins and Residues) Regulations, 2011 - Version VI (27.01.2022)",FSSAI,Compendium_Contaminants_Regulations_28_01_2022-FSSAI.pdf,15.0,https://www.fssai.gov.in/upload/uploadfiles/files/Compendium_Packaging_Labelling_Regulations_28_01_2022.pdf
"Marine Fish, Crustaceans and Molluscs",,Polychlorinated biphenyls (sum of 6 indicator PCBs),Other contaminant,0.5,ppm,"Marine Fish, Crustaceans and Molluscs","FSSAI (Contaminants, Toxins and Residues) Regulations, 2011 - Version VI (27.01.2022)",FSSAI,Compendium_Contaminants_Regulations_28_01_2022-FSSAI.pdf,16.0,https://www.fssai.gov.in/upload/uploadfiles/files/Compendium_Packaging_Labelling_Regulations_28_01_2022.pdf
Smoked Fishery Products,,Benzo(a)pyrene,Other contaminant (PAH),5.0,ppb,Smoked Fishery Products,"FSSAI (Contaminants, Toxins and Residues) Regulations, 2011 - Version VI (27.01.2022)",FSSAI,Compendium_Contaminants_Regulations_28_01_2022-FSSAI.pdf,16.0,https://www.fssai.gov.in/upload/uploadfiles/files/Compendium_Packaging_Labelling_Regulations_28_01_2022.pdf
Bivalve Molluscs,,Diarrhetic shellfish poison (DSP),Natural toxin (marine biotoxin),160 µg of Okadaic acid equivalent/kg,µg/kg,Bivalve Molluscs,"FSSAI (Contaminants, Toxins and Residues) Regulations, 2011 - Version VI (27.01.2022); 2.5.1 marine biotoxins",FSSAI,Compendium_Contaminants_Regulations_28_01_2022-FSSAI.pdf,,https://www.fssai.gov.in/upload/uploadfiles/files/Compendium_Packaging_Labelling_Regulations_28_01_2022.pdf
Acetic Acid Sugarcane,,"2,4-Dichlorophenoxy",Pesticide residue,0.05,mg/kg (MRL),Acetic Acid Sugarcane,"FSSAI (Contaminants, Toxins and Residues) Regulations, 2011 - Version VI (27.01.2022)",FSSAI,Compendium_Contaminants_Regulations_28_01_2022-FSSAI.pdf,14.0,https://www.fssai.gov.in/upload/uploadfiles/files/Compendium_Packaging_Labelling_Regulations_28_01_2022.pdf
"Food grains Maize-0.05, Wheat",,"2,4-Dichlorophenoxy",Pesticide residue,2,mg/kg (MRL),"Food grains Maize-0.05, Wheat","FSSAI (Contaminants, Toxins and Residues) Regulations, 2011 - Version VI (27.01.2022)",FSSAI,Compendium_Contaminants_Regulations_28_01_2022-FSSAI.pdf,14.0,https://www.fssai.gov.in/upload/uploadfiles/files/Compendium_Packaging_Labelling_Regulations_28_01_2022.pdf
and Rice-0.1and other food grains,,"2,4-Dichlorophenoxy",Pesticide residue,0.01,mg/kg (MRL),and Rice-0.1and other food grains,"FSSAI (Contaminants, Toxins and Residues) Regulations, 2011 - Version VI (27.01.2022)",FSSAI,Compendium_Contaminants_Regulations_28_01_2022-FSSAI.pdf,14.0,https://www.fssai.gov.in/upload/uploadfiles/files/Compendium_Packaging_Labelling_Regulations_28_01_2022.pdf
Milled food grains,,"2,4-Dichlorophenoxy",Pesticide residue,0.01,mg/kg (MRL),Milled food grains,"FSSAI (Contaminants, Toxins and Residues) Regulations, 2011 - Version VI (27.01.2022)",FSSAI,Compendium_Contaminants_Regulations_28_01_2022-FSSAI.pdf,14.0,https://www.fssai.gov.in/upload/uploadfiles/files/Compendium_Packaging_Labelling_Regulations_28_01_2022.pdf
Potato,,"2,4-Dichlorophenoxy",Pesticide residue,0.2,mg/kg (MRL),Potato,"FSSAI (Contaminants, Toxins and Residues) Regulations, 2011 - Version VI (27.01.2022)",FSSAI,Compendium_Contaminants_Regulations_28_01_2022-FSSAI.pdf,14.0,https://www.fssai.gov.in/upload/uploadfiles/files/Compendium_Packaging_Labelling_Regulations_28_01_2022.pdf
Milk and Milk products,,"2,4-Dichlorophenoxy",Pesticide residue,0.05,mg/kg (MRL),Milk and Milk products,"FSSAI (Contaminants, Toxins and Residues) Regulations, 2011 - Version VI (27.01.2022)",FSSAI,Compendium_Contaminants_Regulations_28_01_2022-FSSAI.pdf,14.0,https://www.fssai.gov.in/upload/uploadfiles/files/Compendium_Packaging_Labelling_Regulations_28_01_2022.pdf
Meat and Poultry,,"2,4-Dichlorophenoxy",Pesticide residue,0.2,mg/kg (MRL),Meat and Poultry,"FSSAI (Contaminants, Toxins and Residues) Regulations, 2011 - Version VI (27.01.2022)",FSSAI,Compendium_Contaminants_Regulations_28_01_2022-FSSAI.pdf,14.0,https://www.fssai.gov.in/upload/uploadfiles/files/Compendium_Packaging_Labelling_Regulations_28_01_2022.pdf
Eggs 0.05 (shell free basis) Fruits,,"2,4-Dichlorophenoxy",Pesticide residue,2,mg/kg (MRL),Eggs 0.05 (shell free basis) Fruits,"FSSAI (Contaminants, Toxins and Residues) Regulations, 2011 - Version VI (27.01.2022)",FSSAI,Compendium_Contaminants_Regulations_28_01_2022-FSSAI.pdf,14.0,https://www.fssai.gov.in/upload/uploadfiles/files/Compendium_Packaging_Labelling_Regulations_28_01_2022.pdf
Methamidophos and acephate). Rice,,Acephate (expressed as mixture of,Pesticide residue,1,mg/kg (MRL),Methamidophos and acephate). Rice,"FSSAI (Contaminants, Toxins and Residues) Regulations, 2011 - Version VI (27.01.2022)",FSSAI,Compendium_Contaminants_Regulations_28_01_2022-FSSAI.pdf,14.0,https://www.fssai.gov.in/upload/uploadfiles/files/Compendium_Packaging_Labelling_Regulations_28_01_2022.pdf
Safflower seed,,Acephate (expressed as mixture of,Pesticide residue,2,mg/kg (MRL),Safflower seed,"FSSAI (Contaminants, Toxins and Residues) Regulations, 2011 - Version VI (27.01.2022)",FSSAI,Compendium_Contaminants_Regulations_28_01_2022-FSSAI.pdf,14.0,https://www.fssai.gov.in/upload/uploadfiles/files/Compendium_Packaging_Labelling_Regulations_28_01_2022.pdf
Cottonseed,,Acephate (expressed as mixture of,Pesticide residue,2,mg/kg (MRL),Cottonseed,"FSSAI (Contaminants, Toxins and Residues) Regulations, 2011 - Version VI (27.01.2022)",FSSAI,Compendium_Contaminants_Regulations_28_01_2022-FSSAI.pdf,14.0,https://www.fssai.gov.in/upload/uploadfiles/files/Compendium_Packaging_Labelling_Regulations_28_01_2022.pdf
Milk and Milk products,,Acephate (expressed as mixture of,Pesticide residue,0.02,mg/kg (MRL),Milk and Milk products,"FSSAI (Contaminants, Toxins and Residues) Regulations, 2011 - Version VI (27.01.2022)",FSSAI,Compendium_Contaminants_Regulations_28_01_2022-FSSAI.pdf,14.0,https://www.fssai.gov.in/upload/uploadfiles/files/Compendium_Packaging_Labelling_Regulations_28_01_2022.pdf
Meat and Meat products,,Acephate (expressed as mixture of,Pesticide residue,0.05,mg/kg (MRL),Meat and Meat products,"FSSAI (Contaminants, Toxins and Residues) Regulations, 2011 - Version VI (27.01.2022)",FSSAI,Compendium_Contaminants_Regulations_28_01_2022-FSSAI.pdf,14.0,https://www.fssai.gov.in/upload/uploadfiles/files/Compendium_Packaging_Labelling_Regulations_28_01_2022.pdf
Chilli,,Acetamiprid,Pesticide residue,2,mg/kg (MRL),Chilli,"FSSAI (Contaminants, Toxins and Residues) Regulations, 2011 - Version VI (27.01.2022)",FSSAI,Compendium_Contaminants_Regulations_28_01_2022-FSSAI.pdf,14.0,https://www.fssai.gov.in/upload/uploadfiles/files/Compendium_Packaging_Labelling_Regulations_28_01_2022.pdf
Dried Chilli,,Acetamiprid,Pesticide residue,20,mg/kg (MRL),Dried Chilli,"FSSAI (Contaminants, Toxins and Residues) Regulations, 2011 - Version VI (27.01.2022)",FSSAI,Compendium_Contaminants_Regulations_28_01_2022-FSSAI.pdf,14.0,https://www.fssai.gov.in/upload/uploadfiles/files/Compendium_Packaging_Labelling_Regulations_28_01_2022.pdf
Rice,,Acetamiprid,Pesticide residue,0.01,mg/kg (MRL),Rice,"FSSAI (Contaminants, Toxins and Residues) Regulations, 2011 - Version VI (27.01.2022)",FSSAI,Compendium_Contaminants_Regulations_28_01_2022-FSSAI.pdf,14.0,https://www.fssai.gov.in/upload/uploadfiles/files/Compendium_Packaging_Labelling_Regulations_28_01_2022.pdf
Okra,,Acetamiprid,Pesticide residue,0.1,mg/kg (MRL),Okra,"FSSAI (Contaminants, Toxins and Residues) Regulations, 2011 - Version VI (27.01.2022)",FSSAI,Compendium_Contaminants_Regulations_28_01_2022-FSSAI.pdf,14.0,https://www.fssai.gov.in/upload/uploadfiles/files/Compendium_Packaging_Labelling_Regulations_28_01_2022.pdf
Cabbage,,Acetamiprid,Pesticide residue,0.7,mg/kg (MRL),Cabbage,"FSSAI (Contaminants, Toxins and Residues) Regulations, 2011 - Version VI (27.01.2022)",FSSAI,Compendium_Contaminants_Regulations_28_01_2022-FSSAI.pdf,14.0,https://www.fssai.gov.in/upload/uploadfiles/files/Compendium_Packaging_Labelling_Regulations_28_01_2022.pdf
Milk and Milk products,,Acetamiprid,Pesticide residue,0.02,mg/kg (MRL),Milk and Milk products,"FSSAI (Contaminants, Toxins and Residues) Regulations, 2011 - Version VI (27.01.2022)",FSSAI,Compendium_Contaminants_Regulations_28_01_2022-FSSAI.pdf,14.0,https://www.fssai.gov.in/upload/uploadfiles/files/Compendium_Packaging_Labelling_Regulations_28_01_2022.pdf
Meat and Meat products,,Acetamiprid,Pesticide residue,0.05,mg/kg (MRL),Meat and Meat products,"FSSAI (Contaminants, Toxins and Residues) Regulations, 2011 - Version VI (27.01.2022)",FSSAI,Compendium_Contaminants_Regulations_28_01_2022-FSSAI.pdf,14.0,https://www.fssai.gov.in/upload/uploadfiles/files/Compendium_Packaging_Labelling_Regulations_28_01_2022.pdf
Cotton seed Oil,,Acetamiprid,Pesticide residue,0.1,mg/kg (MRL),Cotton seed Oil,"FSSAI (Contaminants, Toxins and Residues) Regulations, 2011 - Version VI (27.01.2022)",FSSAI,Compendium_Contaminants_Regulations_28_01_2022-FSSAI.pdf,14.0,https://www.fssai.gov.in/upload/uploadfiles/files/Compendium_Packaging_Labelling_Regulations_28_01_2022.pdf
Cotton seed,,Alachlor,Pesticide residue,0.05,mg/kg (MRL),Cotton seed,"FSSAI (Contaminants, Toxins and Residues) Regulations, 2011 - Version VI (27.01.2022)",FSSAI,Compendium_Contaminants_Regulations_28_01_2022-FSSAI.pdf,17.0,https://www.fssai.gov.in/upload/uploadfiles/files/Compendium_Packaging_Labelling_Regulations_28_01_2022.pdf
Groundnut,,Alachlor,Pesticide residue,0.05,mg/kg (MRL),Groundnut,"FSSAI (Contaminants, Toxins and Residues) Regulations, 2011 - Version VI (27.01.2022)",FSSAI,Compendium_Contaminants_Regulations_28_01_2022-FSSAI.pdf,17.0,https://www.fssai.gov.in/upload/uploadfiles/files/Compendium_Packaging_Labelling_Regulations_28_01_2022.pdf
Maize,,Alachlor,Pesticide residue,0.1,mg/kg (MRL),Maize,"FSSAI (Contaminants, Toxins and Residues) Regulations, 2011 - Version VI (27.01.2022)",FSSAI,Compendium_Contaminants_Regulations_28_01_2022-FSSAI.pdf,17.0,https://www.fssai.gov.in/upload/uploadfiles/files/Compendium_Packaging_Labelling_Regulations_28_01_2022.pdf
Soya bean,,Alachlor,Pesticide residue,0.1,mg/kg (MRL),Soya bean,"FSSAI (Contaminants, Toxins and Residues) Regulations, 2011 - Version VI (27.01.2022)",FSSAI,Compendium_Contaminants_Regulations_28_01_2022-FSSAI.pdf,17.0,https://www.fssai.gov.in/upload/uploadfiles/files/Compendium_Packaging_Labelling_Regulations_28_01_2022.pdf
Cotton seed Oil,,Alpha cypermethrin,Pesticide residue,0.05,mg/kg (MRL),Cotton seed Oil,"FSSAI (Contaminants, Toxins and Residues) Regulations, 2011 - Version VI (27.01.2022)",FSSAI,Compendium_Contaminants_Regulations_28_01_2022-FSSAI.pdf,17.0,https://www.fssai.gov.in/upload/uploadfiles/files/Compendium_Packaging_Labelling_Regulations_28_01_2022.pdf
Pine apple,,Alpha cypermethrin,Pesticide residue,0.5,mg/kg (MRL),Pine apple,"FSSAI (Contaminants, Toxins and Residues) Regulations, 2011 - Version VI (27.01.2022)",FSSAI,Compendium_Contaminants_Regulations_28_01_2022-FSSAI.pdf,17.0,https://www.fssai.gov.in/upload/uploadfiles/files/Compendium_Packaging_Labelling_Regulations_28_01_2022.pdf
Acetic Acid Tomato,,Alpha naphthyl,Pesticide residue,0.1,mg/kg (MRL),Acetic Acid Tomato,"FSSAI (Contaminants, Toxins and Residues) Regulations, 2011 - Version VI (27.01.2022)",FSSAI,Compendium_Contaminants_Regulations_28_01_2022-FSSAI.pdf,17.0,https://www.fssai.gov.in/upload/uploadfiles/files/Compendium_Packaging_Labelling_Regulations_28_01_2022.pdf
Chilli,,Alpha naphthyl,Pesticide residue,0.2,mg/kg (MRL),Chilli,"FSSAI (Contaminants, Toxins and Residues) Regulations, 2011 - Version VI (27.01.2022)",FSSAI,Compendium_Contaminants_Regulations_28_01_2022-FSSAI.pdf,17.0,https://www.fssai.gov.in/upload/uploadfiles/files/Compendium_Packaging_Labelling_Regulations_28_01_2022.pdf
Dried Chilli,,Alpha naphthyl,Pesticide residue,2,mg/kg (MRL),Dried Chilli,"FSSAI (Contaminants, Toxins and Residues) Regulations, 2011 - Version VI (27.01.2022)",FSSAI,Compendium_Contaminants_Regulations_28_01_2022-FSSAI.pdf,17.0,https://www.fssai.gov.in/upload/uploadfiles/files/Compendium_Packaging_Labelling_Regulations_28_01_2022.pdf
Mango,,Alpha naphthyl,Pesticide residue,0.05,mg/kg (MRL),Mango,"FSSAI (Contaminants, Toxins and Residues) Regulations, 2011 - Version VI (27.01.2022)",FSSAI,Compendium_Contaminants_Regulations_28_01_2022-FSSAI.pdf,17.0,https://www.fssai.gov.in/upload/uploadfiles/files/Compendium_Packaging_Labelling_Regulations_28_01_2022.pdf
Cotton seed Oil,,Alpha naphthyl,Pesticide residue,0.05,mg/kg (MRL),Cotton seed Oil,"FSSAI (Contaminants, Toxins and Residues) Regulations, 2011 - Version VI (27.01.2022)",FSSAI,Compendium_Contaminants_Regulations_28_01_2022-FSSAI.pdf,17.0,https://www.fssai.gov.in/upload/uploadfiles/files/Compendium_Packaging_Labelling_Regulations_28_01_2022.pdf
Grapes,,Alpha naphthyl,Pesticide residue,0.05,mg/kg (MRL),Grapes,"FSSAI (Contaminants, Toxins and Residues) Regulations, 2011 - Version VI (27.01.2022)",FSSAI,Compendium_Contaminants_Regulations_28_01_2022-FSSAI.pdf,17.0,https://www.fssai.gov.in/upload/uploadfiles/files/Compendium_Packaging_Labelling_Regulations_28_01_2022.pdf
Pineapple,,Alpha naphthyl,Pesticide residue,0.5,mg/kg (MRL),Pineapple,"FSSAI (Contaminants, Toxins and Residues) Regulations, 2011 - Version VI (27.01.2022)",FSSAI,Compendium_Contaminants_Regulations_28_01_2022-FSSAI.pdf,17.0,https://www.fssai.gov.in/upload/uploadfiles/files/Compendium_Packaging_Labelling_Regulations_28_01_2022.pdf
Grapes,,Ametroctradin,Pesticide residue,6,mg/kg (MRL),Grapes,"FSSAI (Contaminants, Toxins and Residues) Regulations, 2011 - Version VI (27.01.2022)",FSSAI,Compendium_Contaminants_Regulations_28_01_2022-FSSAI.pdf,17.0,https://www.fssai.gov.in/upload/uploadfiles/files/Compendium_Packaging_Labelling_Regulations_28_01_2022.pdf
Potato,,Ametroctradin,Pesticide residue,0.05,mg/kg (MRL),Potato,"FSSAI (Contaminants, Toxins and Residues) Regulations, 2011 - Version VI (27.01.2022)",FSSAI,Compendium_Contaminants_Regulations_28_01_2022-FSSAI.pdf,17.0,https://www.fssai.gov.in/upload/uploadfiles/files/Compendium_Packaging_Labelling_Regulations_28_01_2022.pdf
Cucumber,,Ametroctradin,Pesticide residue,0.4,mg/kg (MRL),Cucumber,"FSSAI (Contaminants, Toxins and Residues) Regulations, 2011 - Version VI (27.01.2022)",FSSAI,Compendium_Contaminants_Regulations_28_01_2022-FSSAI.pdf,17.0,https://www.fssai.gov.in/upload/uploadfiles/files/Compendium_Packaging_Labelling_Regulations_28_01_2022.pdf
Tomato,,Ametroctradin,Pesticide residue,0.3,mg/kg (MRL),Tomato,"FSSAI (Contaminants, Toxins and Residues) Regulations, 2011 - Version VI (27.01.2022)",FSSAI,Compendium_Contaminants_Regulations_28_01_2022-FSSAI.pdf,17.0,https://www.fssai.gov.in/upload/uploadfiles/files/Compendium_Packaging_Labelling_Regulations_28_01_2022.pdf
Rice,,Anilophos,Pesticide residue,0.1,mg/kg (MRL),Rice,"FSSAI (Contaminants, Toxins and Residues) Regulations, 2011 - Version VI (27.01.2022)",FSSAI,Compendium_Contaminants_Regulations_28_01_2022-FSSAI.pdf,17.0,https://www.fssai.gov.in/upload/uploadfiles/files/Compendium_Packaging_Labelling_Regulations_28_01_2022.pdf
Maize,,Atrazine,Pesticide residue,0.01,mg/kg (MRL),Maize,"FSSAI (Contaminants, Toxins and Residues) Regulations, 2011 - Version VI (27.01.2022)",FSSAI,Compendium_Contaminants_Regulations_28_01_2022-FSSAI.pdf,17.0,https://www.fssai.gov.in/upload/uploadfiles/files/Compendium_Packaging_Labelling_Regulations_28_01_2022.pdf
Sugarcane,,Atrazine,Pesticide residue,0.25,mg/kg (MRL),Sugarcane,"FSSAI (Contaminants, Toxins and Residues) Regulations, 2011 - Version VI (27.01.2022)",FSSAI,Compendium_Contaminants_Regulations_28_01_2022-FSSAI.pdf,17.0,https://www.fssai.gov.in/upload/uploadfiles/files/Compendium_Packaging_Labelling_Regulations_28_01_2022.pdf
Rice,,Azimsulfuron,Pesticide residue,0.02*,mg/kg (MRL),Rice,"FSSAI (Contaminants, Toxins and Residues) Regulations, 2011 - Version VI (27.01.2022)",FSSAI,Compendium_Contaminants_Regulations_28_01_2022-FSSAI.pdf,17.0,https://www.fssai.gov.in/upload/uploadfiles/files/Compendium_Packaging_Labelling_Regulations_28_01_2022.pdf
Grapes,,Azoxystrobin,Pesticide residue,2,mg/kg (MRL),Grapes,"FSSAI (Contaminants, Toxins and Residues) Regulations, 2011 - Version VI (27.01.2022)",FSSAI,Compendium_Contaminants_Regulations_28_01_2022-FSSAI.pdf,17.0,https://www.fssai.gov.in/upload/uploadfiles/files/Compendium_Packaging_Labelling_Regulations_28_01_2022.pdf
Tomato,,Azoxystrobin,Pesticide residue,1,mg/kg (MRL),Tomato,"FSSAI (Contaminants, Toxins and Residues) Regulations, 2011 - Version VI (27.01.2022)",FSSAI,Compendium_Contaminants_Regulations_28_01_2022-FSSAI.pdf,17.0,https://www.fssai.gov.in/upload/uploadfiles/files/Compendium_Packaging_Labelling_Regulations_28_01_2022.pdf
Mango,,Azoxystrobin,Pesticide residue,0.7,mg/kg (MRL),Mango,"FSSAI (Contaminants, Toxins and Residues) Regulations, 2011 - Version VI (27.01.2022)",FSSAI,Compendium_Contaminants_Regulations_28_01_2022-FSSAI.pdf,17.0,https://www.fssai.gov.in/upload/uploadfiles/files/Compendium_Packaging_Labelling_Regulations_28_01_2022.pdf
Chilli,,Azoxystrobin,Pesticide residue,1,mg/kg (MRL),Chilli,"FSSAI (Contaminants, Toxins and Residues) Regulations, 2011 - Version VI (27.01.2022)",FSSAI,Compendium_Contaminants_Regulations_28_01_2022-FSSAI.pdf,17.0,https://www.fssai.gov.in/upload/uploadfiles/files/Compendium_Packaging_Labelling_Regulations_28_01_2022.pdf
Dried Chilli,,Azoxystrobin,Pesticide residue,10,mg/kg (MRL),Dried Chilli,"FSSAI (Contaminants, Toxins and Residues) Regulations, 2011 - Version VI (27.01.2022)",FSSAI,Compendium_Contaminants_Regulations_28_01_2022-FSSAI.pdf,17.0,https://www.fssai.gov.in/upload/uploadfiles/files/Compendium_Packaging_Labelling_Regulations_28_01_2022.pdf
Cucumber,,Azoxystrobin,Pesticide residue,0.05*,mg/kg (MRL),Cucumber,"FSSAI (Contaminants, Toxins and Residues) Regulations, 2011 - Version VI (27.01.2022)",FSSAI,Compendium_Contaminants_Regulations_28_01_2022-FSSAI.pdf,17.0,https://www.fssai.gov.in/upload/uploadfiles/files/Compendium_Packaging_Labelling_Regulations_28_01_2022.pdf
Potato,,Azoxystrobin,Pesticide residue,7,mg/kg (MRL),Potato,"FSSAI (Contaminants, Toxins and Residues) Regulations, 2011 - Version VI (27.01.2022)",FSSAI,Compendium_Contaminants_Regulations_28_01_2022-FSSAI.pdf,17.0,https://www.fssai.gov.in/upload/uploadfiles/files/Compendium_Packaging_Labelling_Regulations_28_01_2022.pdf
Milk and Milk products,,Azoxystrobin,Pesticide residue,0.01,mg/kg (MRL),Milk and Milk products,"FSSAI (Contaminants, Toxins and Residues) Regulations, 2011 - Version VI (27.01.2022)",FSSAI,Compendium_Contaminants_Regulations_28_01_2022-FSSAI.pdf,17.0,https://www.fssai.gov.in/upload/uploadfiles/files/Compendium_Packaging_Labelling_Regulations_28_01_2022.pdf
Cumin,,Azoxystrobin,Pesticide residue,0.03*,mg/kg (MRL),Cumin,"FSSAI (Contaminants, Toxins and Residues) Regulations, 2011 - Version VI (27.01.2022)",FSSAI,Compendium_Contaminants_Regulations_28_01_2022-FSSAI.pdf,17.0,https://www.fssai.gov.in/upload/uploadfiles/files/Compendium_Packaging_Labelling_Regulations_28_01_2022.pdf
Maize,,Azoxystrobin,Pesticide residue,0.03*,mg/kg (MRL),Maize,"FSSAI (Contaminants, Toxins and Residues) Regulations, 2011 - Version VI (27.01.2022)",FSSAI,Compendium_Contaminants_Regulations_28_01_2022-FSSAI.pdf,17.0,https://www.fssai.gov.in/upload/uploadfiles/files/Compendium_Packaging_Labelling_Regulations_28_01_2022.pdf
Wheat,,Azoxystrobin,Pesticide residue,0.2,mg/kg (MRL),Wheat,"FSSAI (Contaminants, Toxins and Residues) Regulations, 2011 - Version VI (27.01.2022)",FSSAI,Compendium_Contaminants_Regulations_28_01_2022-FSSAI.pdf,17.0,https://www.fssai.gov.in/upload/uploadfiles/files/Compendium_Packaging_Labelling_Regulations_28_01_2022.pdf
Rice,,Azoxystrobin,Pesticide residue,0.03*,mg/kg (MRL),Rice,"FSSAI (Contaminants, Toxins and Residues) Regulations, 2011 - Version VI (27.01.2022)",FSSAI,Compendium_Contaminants_Regulations_28_01_2022-FSSAI.pdf,17.0,https://www.fssai.gov.in/upload/uploadfiles/files/Compendium_Packaging_Labelling_Regulations_28_01_2022.pdf
Onion,,Azoxystrobin,Pesticide residue,0.05,mg/kg (MRL),Onion,"FSSAI (Contaminants, Toxins and Residues) Regulations, 2011 - Version VI (27.01.2022)",FSSAI,Compendium_Contaminants_Regulations_28_01_2022-FSSAI.pdf,17.0,https://www.fssai.gov.in/upload/uploadfiles/files/Compendium_Packaging_Labelling_Regulations_28_01_2022.pdf
Red Gram,,Benfuracarb,Pesticide residue,0.05,mg/kg (MRL),Red Gram,"FSSAI (Contaminants, Toxins and Residues) Regulations, 2011 - Version VI (27.01.2022)",FSSAI,Compendium_Contaminants_Regulations_28_01_2022-FSSAI.pdf,17.0,https://www.fssai.gov.in/upload/uploadfiles/files/Compendium_Packaging_Labelling_Regulations_28_01_2022.pdf
Rice,,Benfuracarb,Pesticide residue,0.05,mg/kg (MRL),Rice,"FSSAI (Contaminants, Toxins and Residues) Regulations, 2011 - Version VI (27.01.2022)",FSSAI,Compendium_Contaminants_Regulations_28_01_2022-FSSAI.pdf,17.0,https://www.fssai.gov.in/upload/uploadfiles/files/Compendium_Packaging_Labelling_Regulations_28_01_2022.pdf
expressed as carbendazim Food grains,,Sum of benomyl and carbendazim,Pesticide residue,0.5,mg/kg (MRL),expressed as carbendazim Food grains,"FSSAI (Contaminants, Toxins and Residues) Regulations, 2011 - Version VI (27.01.2022)",FSSAI,Compendium_Contaminants_Regulations_28_01_2022-FSSAI.pdf,17.0,https://www.fssai.gov.in/upload/uploadfiles/files/Compendium_Packaging_Labelling_Regulations_28_01_2022.pdf
Milled food grains,,Sum of benomyl and carbendazim,Pesticide residue,0.1,mg/kg (MRL),Milled food grains,"FSSAI (Contaminants, Toxins and Residues) Regulations, 2011 - Version VI (27.01.2022)",FSSAI,Compendium_Contaminants_Regulations_28_01_2022-FSSAI.pdf,17.0,https://www.fssai.gov.in/upload/uploadfiles/files/Compendium_Packaging_Labelling_Regulations_28_01_2022.pdf
Vegetables,,Sum of benomyl and carbendazim,Pesticide residue,0.5,mg/kg (MRL),Vegetables,"FSSAI (Contaminants, Toxins and Residues) Regulations, 2011 - Version VI (27.01.2022)",FSSAI,Compendium_Contaminants_Regulations_28_01_2022-FSSAI.pdf,17.0,https://www.fssai.gov.in/upload/uploadfiles/files/Compendium_Packaging_Labelling_Regulations_28_01_2022.pdf
Mango,,Sum of benomyl and carbendazim,Pesticide residue,2,mg/kg (MRL),Mango,"FSSAI (Contaminants, Toxins and Residues) Regulations, 2011 - Version VI (27.01.2022)",FSSAI,Compendium_Contaminants_Regulations_28_01_2022-FSSAI.pdf,17.0,https://www.fssai.gov.in/upload/uploadfiles/files/Compendium_Packaging_Labelling_Regulations_28_01_2022.pdf
Banana (whole),,Sum of benomyl and carbendazim,Pesticide residue,1,mg/kg (MRL),Banana (whole),"FSSAI (Contaminants, Toxins and Residues) Regulations, 2011 - Version VI (27.01.2022)",FSSAI,Compendium_Contaminants_Regulations_28_01_2022-FSSAI.pdf,17.0,https://www.fssai.gov.in/upload/uploadfiles/files/Compendium_Packaging_Labelling_Regulations_28_01_2022.pdf
Other fruits,,Sum of benomyl and carbendazim,Pesticide residue,5,mg/kg (MRL),Other fruits,"FSSAI (Contaminants, Toxins and Residues) Regulations, 2011 - Version VI (27.01.2022)",FSSAI,Compendium_Contaminants_Regulations_28_01_2022-FSSAI.pdf,17.0,https://www.fssai.gov.in/upload/uploadfiles/files/Compendium_Packaging_Labelling_Regulations_28_01_2022.pdf
Cottonseed,,Sum of benomyl and carbendazim,Pesticide residue,0.1,mg/kg (MRL),Cottonseed,"FSSAI (Contaminants, Toxins and Residues) Regulations, 2011 - Version VI (27.01.2022)",FSSAI,Compendium_Contaminants_Regulations_28_01_2022-FSSAI.pdf,17.0,https://www.fssai.gov.in/upload/uploadfiles/files/Compendium_Packaging_Labelling_Regulations_28_01_2022.pdf
Groundnut,,Sum of benomyl and carbendazim,Pesticide residue,0.1,mg/kg (MRL),Groundnut,"FSSAI (Contaminants, Toxins and Residues) Regulations, 2011 - Version VI (27.01.2022)",FSSAI,Compendium_Contaminants_Regulations_28_01_2022-FSSAI.pdf,17.0,https://www.fssai.gov.in/upload/uploadfiles/files/Compendium_Packaging_Labelling_Regulations_28_01_2022.pdf
Sugar beet,,Sum of benomyl and carbendazim,Pesticide residue,0.1,mg/kg (MRL),Sugar beet,"FSSAI (Contaminants, Toxins and Residues) Regulations, 2011 - Version VI (27.01.2022)",FSSAI,Compendium_Contaminants_Regulations_28_01_2022-FSSAI.pdf,17.0,https://www.fssai.gov.in/upload/uploadfiles/files/Compendium_Packaging_Labelling_Regulations_28_01_2022.pdf
Dry fruits,,Sum of benomyl and carbendazim,Pesticide residue,0.1,mg/kg (MRL),Dry fruits,"FSSAI (Contaminants, Toxins and Residues) Regulations, 2011 - Version VI (27.01.2022)",FSSAI,Compendium_Contaminants_Regulations_28_01_2022-FSSAI.pdf,17.0,https://www.fssai.gov.in/upload/uploadfiles/files/Compendium_Packaging_Labelling_Regulations_28_01_2022.pdf
Methyl Rice,,Bensulfuron,Pesticide residue,0.01,mg/kg (MRL),Methyl Rice,"FSSAI (Contaminants, Toxins and Residues) Regulations, 2011 - Version VI (27.01.2022)",FSSAI,Compendium_Contaminants_Regulations_28_01_2022-FSSAI.pdf,18.0,https://www.fssai.gov.in/upload/uploadfiles/files/Compendium_Packaging_Labelling_Regulations_28_01_2022.pdf
Cyfluthrin Okra,,Beta,Pesticide residue,0.01*,mg/kg (MRL),Cyfluthrin Okra,"FSSAI (Contaminants, Toxins and Residues) Regulations, 2011 - Version VI (27.01.2022)",FSSAI,Compendium_Contaminants_Regulations_28_01_2022-FSSAI.pdf,18.0,https://www.fssai.gov.in/upload/uploadfiles/files/Compendium_Packaging_Labelling_Regulations_28_01_2022.pdf
Brinjal,,Beta,Pesticide residue,0.2,mg/kg (MRL),Brinjal,"FSSAI (Contaminants, Toxins and Residues) Regulations, 2011 - Version VI (27.01.2022)",FSSAI,Compendium_Contaminants_Regulations_28_01_2022-FSSAI.pdf,18.0,https://www.fssai.gov.in/upload/uploadfiles/files/Compendium_Packaging_Labelling_Regulations_28_01_2022.pdf
Cotton seed,,Beta,Pesticide residue,0.7,mg/kg (MRL),Cotton seed,"FSSAI (Contaminants, Toxins and Residues) Regulations, 2011 - Version VI (27.01.2022)",FSSAI,Compendium_Contaminants_Regulations_28_01_2022-FSSAI.pdf,18.0,https://www.fssai.gov.in/upload/uploadfiles/files/Compendium_Packaging_Labelling_Regulations_28_01_2022.pdf
Soya bean,,Beta,Pesticide residue,0.03,mg/kg (MRL),Soya bean,"FSSAI (Contaminants, Toxins and Residues) Regulations, 2011 - Version VI (27.01.2022)",FSSAI,Compendium_Contaminants_Regulations_28_01_2022-FSSAI.pdf,18.0,https://www.fssai.gov.in/upload/uploadfiles/files/Compendium_Packaging_Labelling_Regulations_28_01_2022.pdf
Soya bean Oil,,Beta,Pesticide residue,0.01*,mg/kg (MRL),Soya bean Oil,"FSSAI (Contaminants, Toxins and Residues) Regulations, 2011 - Version VI (27.01.2022)",FSSAI,Compendium_Contaminants_Regulations_28_01_2022-FSSAI.pdf,18.0,https://www.fssai.gov.in/upload/uploadfiles/files/Compendium_Packaging_Labelling_Regulations_28_01_2022.pdf
Sugarcane,,Bifenthrin,Pesticide residue,0.03,mg/kg (MRL),Sugarcane,"FSSAI (Contaminants, Toxins and Residues) Regulations, 2011 - Version VI (27.01.2022)",FSSAI,Compendium_Contaminants_Regulations_28_01_2022-FSSAI.pdf,18.0,https://www.fssai.gov.in/upload/uploadfiles/files/Compendium_Packaging_Labelling_Regulations_28_01_2022.pdf
Rice,,Bifenthrin,Pesticide residue,0.05,mg/kg (MRL),Rice,"FSSAI (Contaminants, Toxins and Residues) Regulations, 2011 - Version VI (27.01.2022)",FSSAI,Compendium_Contaminants_Regulations_28_01_2022-FSSAI.pdf,18.0,https://www.fssai.gov.in/upload/uploadfiles/files/Compendium_Packaging_Labelling_Regulations_28_01_2022.pdf
Apple,,Bifenthrin,Pesticide residue,0.5,mg/kg (MRL),Apple,"FSSAI (Contaminants, Toxins and Residues) Regulations, 2011 - Version VI (27.01.2022)",FSSAI,Compendium_Contaminants_Regulations_28_01_2022-FSSAI.pdf,18.0,https://www.fssai.gov.in/upload/uploadfiles/files/Compendium_Packaging_Labelling_Regulations_28_01_2022.pdf
Tea,,Bifenthrin,Pesticide residue,30,mg/kg (MRL),Tea,"FSSAI (Contaminants, Toxins and Residues) Regulations, 2011 - Version VI (27.01.2022)",FSSAI,Compendium_Contaminants_Regulations_28_01_2022-FSSAI.pdf,18.0,https://www.fssai.gov.in/upload/uploadfiles/files/Compendium_Packaging_Labelling_Regulations_28_01_2022.pdf
Cotton seed,,Bifenthrin,Pesticide residue,0.5,mg/kg (MRL),Cotton seed,"FSSAI (Contaminants, Toxins and Residues) Regulations, 2011 - Version VI (27.01.2022)",FSSAI,Compendium_Contaminants_Regulations_28_01_2022-FSSAI.pdf,18.0,https://www.fssai.gov.in/upload/uploadfiles/files/Compendium_Packaging_Labelling_Regulations_28_01_2022.pdf
Milk and Milk products,,Bifenthrin,Pesticide residue,0.2,mg/kg (MRL),Milk and Milk products,"FSSAI (Contaminants, Toxins and Residues) Regulations, 2011 - Version VI (27.01.2022)",FSSAI,Compendium_Contaminants_Regulations_28_01_2022-FSSAI.pdf,18.0,https://www.fssai.gov.in/upload/uploadfiles/files/Compendium_Packaging_Labelling_Regulations_28_01_2022.pdf
Sodium Rice,,Bispyribac,Pesticide residue,0.05,mg/kg (MRL),Sodium Rice,"FSSAI (Contaminants, Toxins and Residues) Regulations, 2011 - Version VI (27.01.2022)",FSSAI,Compendium_Contaminants_Regulations_28_01_2022-FSSAI.pdf,18.0,https://www.fssai.gov.in/upload/uploadfiles/files/Compendium_Packaging_Labelling_Regulations_28_01_2022.pdf
Wheat,,Bitertanol,Pesticide residue,0.05,mg/kg (MRL),Wheat,"FSSAI (Contaminants, Toxins and Residues) Regulations, 2011 - Version VI (27.01.2022)",FSSAI,Compendium_Contaminants_Regulations_28_01_2022-FSSAI.pdf,18.0,https://www.fssai.gov.in/upload/uploadfiles/files/Compendium_Packaging_Labelling_Regulations_28_01_2022.pdf
Groundnut,,Bitertanol,Pesticide residue,0.05,mg/kg (MRL),Groundnut,"FSSAI (Contaminants, Toxins and Residues) Regulations, 2011 - Version VI (27.01.2022)",FSSAI,Compendium_Contaminants_Regulations_28_01_2022-FSSAI.pdf,18.0,https://www.fssai.gov.in/upload/uploadfiles/files/Compendium_Packaging_Labelling_Regulations_28_01_2022.pdf
Milk and Milk products,,Bitertanol,Pesticide residue,0.05,mg/kg (MRL),Milk and Milk products,"FSSAI (Contaminants, Toxins and Residues) Regulations, 2011 - Version VI (27.01.2022)",FSSAI,Compendium_Contaminants_Regulations_28_01_2022-FSSAI.pdf,18.0,https://www.fssai.gov.in/upload/uploadfiles/files/Compendium_Packaging_Labelling_Regulations_28_01_2022.pdf
Meat and Meat products,,Bitertanol,Pesticide residue,0.05,mg/kg (MRL),Meat and Meat products,"FSSAI (Contaminants, Toxins and Residues) Regulations, 2011 - Version VI (27.01.2022)",FSSAI,Compendium_Contaminants_Regulations_28_01_2022-FSSAI.pdf,18.0,https://www.fssai.gov.in/upload/uploadfiles/files/Compendium_Packaging_Labelling_Regulations_28_01_2022.pdf
Tea,,Bitertanol,Pesticide residue,0.05*,mg/kg (MRL),Tea,"FSSAI (Contaminants, Toxins and Residues) Regulations, 2011 - Version VI (27.01.2022)",FSSAI,Compendium_Contaminants_Regulations_28_01_2022-FSSAI.pdf,18.0,https://www.fssai.gov.in/upload/uploadfiles/files/Compendium_Packaging_Labelling_Regulations_28_01_2022.pdf
Apple,,Bitertanol,Pesticide residue,0.4,mg/kg (MRL),Apple,"FSSAI (Contaminants, Toxins and Residues) Regulations, 2011 - Version VI (27.01.2022)",FSSAI,Compendium_Contaminants_Regulations_28_01_2022-FSSAI.pdf,18.0,https://www.fssai.gov.in/upload/uploadfiles/files/Compendium_Packaging_Labelling_Regulations_28_01_2022.pdf
Cotton seed Oil,,Buprofezin,Pesticide residue,0.01,mg/kg (MRL),Cotton seed Oil,"FSSAI (Contaminants, Toxins and Residues) Regulations, 2011 - Version VI (27.01.2022)",FSSAI,Compendium_Contaminants_Regulations_28_01_2022-FSSAI.pdf,18.0,https://www.fssai.gov.in/upload/uploadfiles/files/Compendium_Packaging_Labelling_Regulations_28_01_2022.pdf
Chilli,,Buprofezin,Pesticide residue,2,mg/kg (MRL),Chilli,"FSSAI (Contaminants, Toxins and Residues) Regulations, 2011 - Version VI (27.01.2022)",FSSAI,Compendium_Contaminants_Regulations_28_01_2022-FSSAI.pdf,18.0,https://www.fssai.gov.in/upload/uploadfiles/files/Compendium_Packaging_Labelling_Regulations_28_01_2022.pdf
Dried Chilli,,Buprofezin,Pesticide residue,20,mg/kg (MRL),Dried Chilli,"FSSAI (Contaminants, Toxins and Residues) Regulations, 2011 - Version VI (27.01.2022)",FSSAI,Compendium_Contaminants_Regulations_28_01_2022-FSSAI.pdf,18.0,https://www.fssai.gov.in/upload/uploadfiles/files/Compendium_Packaging_Labelling_Regulations_28_01_2022.pdf
Mango,,Buprofezin,Pesticide residue,0.1,mg/kg (MRL),Mango,"FSSAI (Contaminants, Toxins and Residues) Regulations, 2011 - Version VI (27.01.2022)",FSSAI,Compendium_Contaminants_Regulations_28_01_2022-FSSAI.pdf,18.0,https://www.fssai.gov.in/upload/uploadfiles/files/Compendium_Packaging_Labelling_Regulations_28_01_2022.pdf
Grapes,,Buprofezin,Pesticide residue,1,mg/kg (MRL),Grapes,"FSSAI (Contaminants, Toxins and Residues) Regulations, 2011 - Version VI (27.01.2022)",FSSAI,Compendium_Contaminants_Regulations_28_01_2022-FSSAI.pdf,18.0,https://www.fssai.gov.in/upload/uploadfiles/files/Compendium_Packaging_Labelling_Regulations_28_01_2022.pdf
Okra,,Buprofezin,Pesticide residue,0.01*,mg/kg (MRL),Okra,"FSSAI (Contaminants, Toxins and Residues) Regulations, 2011 - Version VI (27.01.2022)",FSSAI,Compendium_Contaminants_Regulations_28_01_2022-FSSAI.pdf,18.0,https://www.fssai.gov.in/upload/uploadfiles/files/Compendium_Packaging_Labelling_Regulations_28_01_2022.pdf
Rice,,Buprofezin,Pesticide residue,0.05,mg/kg (MRL),Rice,"FSSAI (Contaminants, Toxins and Residues) Regulations, 2011 - Version VI (27.01.2022)",FSSAI,Compendium_Contaminants_Regulations_28_01_2022-FSSAI.pdf,18.0,https://www.fssai.gov.in/upload/uploadfiles/files/Compendium_Packaging_Labelling_Regulations_28_01_2022.pdf
Milk and Milk products,,Buprofezin,Pesticide residue,0.01,mg/kg (MRL),Milk and Milk products,"FSSAI (Contaminants, Toxins and Residues) Regulations, 2011 - Version VI (27.01.2022)",FSSAI,Compendium_Contaminants_Regulations_28_01_2022-FSSAI.pdf,18.0,https://www.fssai.gov.in/upload/uploadfiles/files/Compendium_Packaging_Labelling_Regulations_28_01_2022.pdf
Rice,,Butachlor,Pesticide residue,0.05,mg/kg (MRL),Rice,"FSSAI (Contaminants, Toxins and Residues) Regulations, 2011 - Version VI (27.01.2022)",FSSAI,Compendium_Contaminants_Regulations_28_01_2022-FSSAI.pdf,18.0,https://www.fssai.gov.in/upload/uploadfiles/files/Compendium_Packaging_Labelling_Regulations_28_01_2022.pdf
Rice,,Captan,Pesticide residue,0.3,mg/kg (MRL),Rice,"FSSAI (Contaminants, Toxins and Residues) Regulations, 2011 - Version VI (27.01.2022)",FSSAI,Compendium_Contaminants_Regulations_28_01_2022-FSSAI.pdf,18.0,https://www.fssai.gov.in/upload/uploadfiles/files/Compendium_Packaging_Labelling_Regulations_28_01_2022.pdf
"Fruit and Vegetables Cherries-25, Grapes",,Captan,Pesticide residue,25,mg/kg (MRL),"Fruit and Vegetables Cherries-25, Grapes","FSSAI (Contaminants, Toxins and Residues) Regulations, 2011 - Version VI (27.01.2022)",FSSAI,Compendium_Contaminants_Regulations_28_01_2022-FSSAI.pdf,18.0,https://www.fssai.gov.in/upload/uploadfiles/files/Compendium_Packaging_Labelling_Regulations_28_01_2022.pdf
"and Melons-10, other fruits & other vegetables",,Captan,Pesticide residue,15,mg/kg (MRL),"and Melons-10, other fruits & other vegetables","FSSAI (Contaminants, Toxins and Residues) Regulations, 2011 - Version VI (27.01.2022)",FSSAI,Compendium_Contaminants_Regulations_28_01_2022-FSSAI.pdf,18.0,https://www.fssai.gov.in/upload/uploadfiles/files/Compendium_Packaging_Labelling_Regulations_28_01_2022.pdf
Black gram,,Captan,Pesticide residue,0.01*,mg/kg (MRL),Black gram,"FSSAI (Contaminants, Toxins and Residues) Regulations, 2011 - Version VI (27.01.2022)",FSSAI,Compendium_Contaminants_Regulations_28_01_2022-FSSAI.pdf,18.0,https://www.fssai.gov.in/upload/uploadfiles/files/Compendium_Packaging_Labelling_Regulations_28_01_2022.pdf
Sesamum,,Carbaryl,Pesticide residue,0.05,mg/kg (MRL),Sesamum,"FSSAI (Contaminants, Toxins and Residues) Regulations, 2011 - Version VI (27.01.2022)",FSSAI,Compendium_Contaminants_Regulations_28_01_2022-FSSAI.pdf,18.0,https://www.fssai.gov.in/upload/uploadfiles/files/Compendium_Packaging_Labelling_Regulations_28_01_2022.pdf
Fish,,Carbaryl,Pesticide residue,0.2,mg/kg (MRL),Fish,"FSSAI (Contaminants, Toxins and Residues) Regulations, 2011 - Version VI (27.01.2022)",FSSAI,Compendium_Contaminants_Regulations_28_01_2022-FSSAI.pdf,18.0,https://www.fssai.gov.in/upload/uploadfiles/files/Compendium_Packaging_Labelling_Regulations_28_01_2022.pdf
"Food grains Wheat-2.0 and Maize- 0.02, other food grains 1.5 Milled food grains",,Carbaryl,Pesticide residue,0.01,mg/kg (MRL),"Food grains Wheat-2.0 and Maize- 0.02, other food grains 1.5 Milled food grains","FSSAI (Contaminants, Toxins and Residues) Regulations, 2011 - Version VI (27.01.2022)",FSSAI,Compendium_Contaminants_Regulations_28_01_2022-FSSAI.pdf,18.0,https://www.fssai.gov.in/upload/uploadfiles/files/Compendium_Packaging_Labelling_Regulations_28_01_2022.pdf
Okra and leafy vegetables,,Carbaryl,Pesticide residue,10,mg/kg (MRL),Okra and leafy vegetables,"FSSAI (Contaminants, Toxins and Residues) Regulations, 2011 - Version VI (27.01.2022)",FSSAI,Compendium_Contaminants_Regulations_28_01_2022-FSSAI.pdf,18.0,https://www.fssai.gov.in/upload/uploadfiles/files/Compendium_Packaging_Labelling_Regulations_28_01_2022.pdf
Potato,,Carbaryl,Pesticide residue,0.2,mg/kg (MRL),Potato,"FSSAI (Contaminants, Toxins and Residues) Regulations, 2011 - Version VI (27.01.2022)",FSSAI,Compendium_Contaminants_Regulations_28_01_2022-FSSAI.pdf,18.0,https://www.fssai.gov.in/upload/uploadfiles/files/Compendium_Packaging_Labelling_Regulations_28_01_2022.pdf
Other vegetables,,Carbaryl,Pesticide residue,5,mg/kg (MRL),Other vegetables,"FSSAI (Contaminants, Toxins and Residues) Regulations, 2011 - Version VI (27.01.2022)",FSSAI,Compendium_Contaminants_Regulations_28_01_2022-FSSAI.pdf,18.0,https://www.fssai.gov.in/upload/uploadfiles/files/Compendium_Packaging_Labelling_Regulations_28_01_2022.pdf
Cotton seed (whole),,Carbaryl,Pesticide residue,1,mg/kg (MRL),Cotton seed (whole),"FSSAI (Contaminants, Toxins and Residues) Regulations, 2011 - Version VI (27.01.2022)",FSSAI,Compendium_Contaminants_Regulations_28_01_2022-FSSAI.pdf,18.0,https://www.fssai.gov.in/upload/uploadfiles/files/Compendium_Packaging_Labelling_Regulations_28_01_2022.pdf
Maize cob (kernels),,Carbaryl,Pesticide residue,1,mg/kg (MRL),Maize cob (kernels),"FSSAI (Contaminants, Toxins and Residues) Regulations, 2011 - Version VI (27.01.2022)",FSSAI,Compendium_Contaminants_Regulations_28_01_2022-FSSAI.pdf,18.0,https://www.fssai.gov.in/upload/uploadfiles/files/Compendium_Packaging_Labelling_Regulations_28_01_2022.pdf
Rice,,Carbaryl,Pesticide residue,2.5,mg/kg (MRL),Rice,"FSSAI (Contaminants, Toxins and Residues) Regulations, 2011 - Version VI (27.01.2022)",FSSAI,Compendium_Contaminants_Regulations_28_01_2022-FSSAI.pdf,18.0,https://www.fssai.gov.in/upload/uploadfiles/files/Compendium_Packaging_Labelling_Regulations_28_01_2022.pdf
Maize,,Carbaryl,Pesticide residue,0.5,mg/kg (MRL),Maize,"FSSAI (Contaminants, Toxins and Residues) Regulations, 2011 - Version VI (27.01.2022)",FSSAI,Compendium_Contaminants_Regulations_28_01_2022-FSSAI.pdf,18.0,https://www.fssai.gov.in/upload/uploadfiles/files/Compendium_Packaging_Labelling_Regulations_28_01_2022.pdf
Chilli,,Carbaryl,Pesticide residue,5,mg/kg (MRL),Chilli,"FSSAI (Contaminants, Toxins and Residues) Regulations, 2011 - Version VI (27.01.2022)",FSSAI,Compendium_Contaminants_Regulations_28_01_2022-FSSAI.pdf,19.0,https://www.fssai.gov.in/upload/uploadfiles/files/Compendium_Packaging_Labelling_Regulations_28_01_2022.pdf
Dried Chilli,,Carbaryl,Pesticide residue,50,mg/kg (MRL),Dried Chilli,"FSSAI (Contaminants, Toxins and Residues) Regulations, 2011 - Version VI (27.01.2022)",FSSAI,Compendium_Contaminants_Regulations_28_01_2022-FSSAI.pdf,19.0,https://www.fssai.gov.in/upload/uploadfiles/files/Compendium_Packaging_Labelling_Regulations_28_01_2022.pdf
Citrus (Orange),,Carbaryl,Pesticide residue,15,mg/kg (MRL),Citrus (Orange),"FSSAI (Contaminants, Toxins and Residues) Regulations, 2011 - Version VI (27.01.2022)",FSSAI,Compendium_Contaminants_Regulations_28_01_2022-FSSAI.pdf,19.0,https://www.fssai.gov.in/upload/uploadfiles/files/Compendium_Packaging_Labelling_Regulations_28_01_2022.pdf
Milk and Milk products,,Carbaryl,Pesticide residue,0.05,mg/kg (MRL),Milk and Milk products,"FSSAI (Contaminants, Toxins and Residues) Regulations, 2011 - Version VI (27.01.2022)",FSSAI,Compendium_Contaminants_Regulations_28_01_2022-FSSAI.pdf,19.0,https://www.fssai.gov.in/upload/uploadfiles/files/Compendium_Packaging_Labelling_Regulations_28_01_2022.pdf
and other food grains 0.1 Milled food grains,,"Carbendazim Food grains Wheat-0.05, Rice-2.0",Pesticide residue,0.1,mg/kg (MRL),and other food grains 0.1 Milled food grains,"FSSAI (Contaminants, Toxins and Residues) Regulations, 2011 - Version VI (27.01.2022)",FSSAI,Compendium_Contaminants_Regulations_28_01_2022-FSSAI.pdf,19.0,https://www.fssai.gov.in/upload/uploadfiles/files/Compendium_Packaging_Labelling_Regulations_28_01_2022.pdf
Vegetables,,"Carbendazim Food grains Wheat-0.05, Rice-2.0",Pesticide residue,0.5,mg/kg (MRL),Vegetables,"FSSAI (Contaminants, Toxins and Residues) Regulations, 2011 - Version VI (27.01.2022)",FSSAI,Compendium_Contaminants_Regulations_28_01_2022-FSSAI.pdf,19.0,https://www.fssai.gov.in/upload/uploadfiles/files/Compendium_Packaging_Labelling_Regulations_28_01_2022.pdf
Mango,,"Carbendazim Food grains Wheat-0.05, Rice-2.0",Pesticide residue,5,mg/kg (MRL),Mango,"FSSAI (Contaminants, Toxins and Residues) Regulations, 2011 - Version VI (27.01.2022)",FSSAI,Compendium_Contaminants_Regulations_28_01_2022-FSSAI.pdf,19.0,https://www.fssai.gov.in/upload/uploadfiles/files/Compendium_Packaging_Labelling_Regulations_28_01_2022.pdf
Banana (whole),,"Carbendazim Food grains Wheat-0.05, Rice-2.0",Pesticide residue,1,mg/kg (MRL),Banana (whole),"FSSAI (Contaminants, Toxins and Residues) Regulations, 2011 - Version VI (27.01.2022)",FSSAI,Compendium_Contaminants_Regulations_28_01_2022-FSSAI.pdf,19.0,https://www.fssai.gov.in/upload/uploadfiles/files/Compendium_Packaging_Labelling_Regulations_28_01_2022.pdf
Other fruits,,"Carbendazim Food grains Wheat-0.05, Rice-2.0",Pesticide residue,5,mg/kg (MRL),Other fruits,"FSSAI (Contaminants, Toxins and Residues) Regulations, 2011 - Version VI (27.01.2022)",FSSAI,Compendium_Contaminants_Regulations_28_01_2022-FSSAI.pdf,19.0,https://www.fssai.gov.in/upload/uploadfiles/files/Compendium_Packaging_Labelling_Regulations_28_01_2022.pdf
Cotton seed,,"Carbendazim Food grains Wheat-0.05, Rice-2.0",Pesticide residue,0.1,mg/kg (MRL),Cotton seed,"FSSAI (Contaminants, Toxins and Residues) Regulations, 2011 - Version VI (27.01.2022)",FSSAI,Compendium_Contaminants_Regulations_28_01_2022-FSSAI.pdf,19.0,https://www.fssai.gov.in/upload/uploadfiles/files/Compendium_Packaging_Labelling_Regulations_28_01_2022.pdf
Groundnut,,"Carbendazim Food grains Wheat-0.05, Rice-2.0",Pesticide residue,0.1,mg/kg (MRL),Groundnut,"FSSAI (Contaminants, Toxins and Residues) Regulations, 2011 - Version VI (27.01.2022)",FSSAI,Compendium_Contaminants_Regulations_28_01_2022-FSSAI.pdf,19.0,https://www.fssai.gov.in/upload/uploadfiles/files/Compendium_Packaging_Labelling_Regulations_28_01_2022.pdf
Sugar beet,,"Carbendazim Food grains Wheat-0.05, Rice-2.0",Pesticide residue,0.1,mg/kg (MRL),Sugar beet,"FSSAI (Contaminants, Toxins and Residues) Regulations, 2011 - Version VI (27.01.2022)",FSSAI,Compendium_Contaminants_Regulations_28_01_2022-FSSAI.pdf,19.0,https://www.fssai.gov.in/upload/uploadfiles/files/Compendium_Packaging_Labelling_Regulations_28_01_2022.pdf
Dry fruits,,"Carbendazim Food grains Wheat-0.05, Rice-2.0",Pesticide residue,0.1,mg/kg (MRL),Dry fruits,"FSSAI (Contaminants, Toxins and Residues) Regulations, 2011 - Version VI (27.01.2022)",FSSAI,Compendium_Contaminants_Regulations_28_01_2022-FSSAI.pdf,19.0,https://www.fssai.gov.in/upload/uploadfiles/files/Compendium_Packaging_Labelling_Regulations_28_01_2022.pdf
Eggs 0.1(shell free basis) Meat & Poultry 0.1(Carcass fat basis) Milk and Milk products 0.1 (F) Potato,,"Carbendazim Food grains Wheat-0.05, Rice-2.0",Pesticide residue,0.01*,mg/kg (MRL),Eggs 0.1(shell free basis) Meat & Poultry 0.1(Carcass fat basis) Milk and Milk products 0.1 (F) Potato,"FSSAI (Contaminants, Toxins and Residues) Regulations, 2011 - Version VI (27.01.2022)",FSSAI,Compendium_Contaminants_Regulations_28_01_2022-FSSAI.pdf,19.0,https://www.fssai.gov.in/upload/uploadfiles/files/Compendium_Packaging_Labelling_Regulations_28_01_2022.pdf
Tea,,"Carbendazim Food grains Wheat-0.05, Rice-2.0",Pesticide residue,0.5,mg/kg (MRL),Tea,"FSSAI (Contaminants, Toxins and Residues) Regulations, 2011 - Version VI (27.01.2022)",FSSAI,Compendium_Contaminants_Regulations_28_01_2022-FSSAI.pdf,19.0,https://www.fssai.gov.in/upload/uploadfiles/files/Compendium_Packaging_Labelling_Regulations_28_01_2022.pdf
Grapes,,"Carbendazim Food grains Wheat-0.05, Rice-2.0",Pesticide residue,3,mg/kg (MRL),Grapes,"FSSAI (Contaminants, Toxins and Residues) Regulations, 2011 - Version VI (27.01.2022)",FSSAI,Compendium_Contaminants_Regulations_28_01_2022-FSSAI.pdf,19.0,https://www.fssai.gov.in/upload/uploadfiles/files/Compendium_Packaging_Labelling_Regulations_28_01_2022.pdf
Rice,,"Carbendazim Food grains Wheat-0.05, Rice-2.0",Pesticide residue,2*,mg/kg (MRL),Rice,"FSSAI (Contaminants, Toxins and Residues) Regulations, 2011 - Version VI (27.01.2022)",FSSAI,Compendium_Contaminants_Regulations_28_01_2022-FSSAI.pdf,19.0,https://www.fssai.gov.in/upload/uploadfiles/files/Compendium_Packaging_Labelling_Regulations_28_01_2022.pdf
and 3-hydroxy carbofuran expressed as carbofuran) Food grains,,Carbofuran (sum of carbofuran,Pesticide residue,0.10,mg/kg (MRL),and 3-hydroxy carbofuran expressed as carbofuran) Food grains,"FSSAI (Contaminants, Toxins and Residues) Regulations, 2011 - Version VI (27.01.2022)",FSSAI,Compendium_Contaminants_Regulations_28_01_2022-FSSAI.pdf,19.0,https://www.fssai.gov.in/upload/uploadfiles/files/Compendium_Packaging_Labelling_Regulations_28_01_2022.pdf
Milled food grains,,Carbofuran (sum of carbofuran,Pesticide residue,0.03,mg/kg (MRL),Milled food grains,"FSSAI (Contaminants, Toxins and Residues) Regulations, 2011 - Version VI (27.01.2022)",FSSAI,Compendium_Contaminants_Regulations_28_01_2022-FSSAI.pdf,19.0,https://www.fssai.gov.in/upload/uploadfiles/files/Compendium_Packaging_Labelling_Regulations_28_01_2022.pdf
Fruits & Vegetables,,Carbofuran (sum of carbofuran,Pesticide residue,0.10,mg/kg (MRL),Fruits & Vegetables,"FSSAI (Contaminants, Toxins and Residues) Regulations, 2011 - Version VI (27.01.2022)",FSSAI,Compendium_Contaminants_Regulations_28_01_2022-FSSAI.pdf,19.0,https://www.fssai.gov.in/upload/uploadfiles/files/Compendium_Packaging_Labelling_Regulations_28_01_2022.pdf
Oil seeds,,Carbofuran (sum of carbofuran,Pesticide residue,0.10,mg/kg (MRL),Oil seeds,"FSSAI (Contaminants, Toxins and Residues) Regulations, 2011 - Version VI (27.01.2022)",FSSAI,Compendium_Contaminants_Regulations_28_01_2022-FSSAI.pdf,19.0,https://www.fssai.gov.in/upload/uploadfiles/files/Compendium_Packaging_Labelling_Regulations_28_01_2022.pdf
Sugarcane,,Carbofuran (sum of carbofuran,Pesticide residue,0.10,mg/kg (MRL),Sugarcane,"FSSAI (Contaminants, Toxins and Residues) Regulations, 2011 - Version VI (27.01.2022)",FSSAI,Compendium_Contaminants_Regulations_28_01_2022-FSSAI.pdf,19.0,https://www.fssai.gov.in/upload/uploadfiles/files/Compendium_Packaging_Labelling_Regulations_28_01_2022.pdf
Chilli,,Carbosulfan,Pesticide residue,2,mg/kg (MRL),Chilli,"FSSAI (Contaminants, Toxins and Residues) Regulations, 2011 - Version VI (27.01.2022)",FSSAI,Compendium_Contaminants_Regulations_28_01_2022-FSSAI.pdf,19.0,https://www.fssai.gov.in/upload/uploadfiles/files/Compendium_Packaging_Labelling_Regulations_28_01_2022.pdf
Dried Chilli,,Carbosulfan,Pesticide residue,20,mg/kg (MRL),Dried Chilli,"FSSAI (Contaminants, Toxins and Residues) Regulations, 2011 - Version VI (27.01.2022)",FSSAI,Compendium_Contaminants_Regulations_28_01_2022-FSSAI.pdf,19.0,https://www.fssai.gov.in/upload/uploadfiles/files/Compendium_Packaging_Labelling_Regulations_28_01_2022.pdf
Rice,,Carbosulfan,Pesticide residue,0.2,mg/kg (MRL),Rice,"FSSAI (Contaminants, Toxins and Residues) Regulations, 2011 - Version VI (27.01.2022)",FSSAI,Compendium_Contaminants_Regulations_28_01_2022-FSSAI.pdf,19.0,https://www.fssai.gov.in/upload/uploadfiles/files/Compendium_Packaging_Labelling_Regulations_28_01_2022.pdf
Ethyl Wheat,,Carfentrazone,Pesticide residue,0.01,mg/kg (MRL),Ethyl Wheat,"FSSAI (Contaminants, Toxins and Residues) Regulations, 2011 - Version VI (27.01.2022)",FSSAI,Compendium_Contaminants_Regulations_28_01_2022-FSSAI.pdf,19.0,https://www.fssai.gov.in/upload/uploadfiles/files/Compendium_Packaging_Labelling_Regulations_28_01_2022.pdf
Rice,,Carfentrazone,Pesticide residue,0.1*,mg/kg (MRL),Rice,"FSSAI (Contaminants, Toxins and Residues) Regulations, 2011 - Version VI (27.01.2022)",FSSAI,Compendium_Contaminants_Regulations_28_01_2022-FSSAI.pdf,19.0,https://www.fssai.gov.in/upload/uploadfiles/files/Compendium_Packaging_Labelling_Regulations_28_01_2022.pdf
Tea,,Carfentrazone,Pesticide residue,0.02*,mg/kg (MRL),Tea,"FSSAI (Contaminants, Toxins and Residues) Regulations, 2011 - Version VI (27.01.2022)",FSSAI,Compendium_Contaminants_Regulations_28_01_2022-FSSAI.pdf,19.0,https://www.fssai.gov.in/upload/uploadfiles/files/Compendium_Packaging_Labelling_Regulations_28_01_2022.pdf
Rice,,Carpropamid,Pesticide residue,1,mg/kg (MRL),Rice,"FSSAI (Contaminants, Toxins and Residues) Regulations, 2011 - Version VI (27.01.2022)",FSSAI,Compendium_Contaminants_Regulations_28_01_2022-FSSAI.pdf,19.0,https://www.fssai.gov.in/upload/uploadfiles/files/Compendium_Packaging_Labelling_Regulations_28_01_2022.pdf
Hydrochloride Rice,,Cartap,Pesticide residue,0.5,mg/kg (MRL),Hydrochloride Rice,"FSSAI (Contaminants, Toxins and Residues) Regulations, 2011 - Version VI (27.01.2022)",FSSAI,Compendium_Contaminants_Regulations_28_01_2022-FSSAI.pdf,19.0,https://www.fssai.gov.in/upload/uploadfiles/files/Compendium_Packaging_Labelling_Regulations_28_01_2022.pdf
Bengal Gram,,Chlorantraniliprole,Pesticide residue,0.03*,mg/kg (MRL),Bengal Gram,"FSSAI (Contaminants, Toxins and Residues) Regulations, 2011 - Version VI (27.01.2022)",FSSAI,Compendium_Contaminants_Regulations_28_01_2022-FSSAI.pdf,19.0,https://www.fssai.gov.in/upload/uploadfiles/files/Compendium_Packaging_Labelling_Regulations_28_01_2022.pdf
Black Gram,,Chlorantraniliprole,Pesticide residue,0.03*,mg/kg (MRL),Black Gram,"FSSAI (Contaminants, Toxins and Residues) Regulations, 2011 - Version VI (27.01.2022)",FSSAI,Compendium_Contaminants_Regulations_28_01_2022-FSSAI.pdf,19.0,https://www.fssai.gov.in/upload/uploadfiles/files/Compendium_Packaging_Labelling_Regulations_28_01_2022.pdf
Bitter Gourd,,Chlorantraniliprole,Pesticide residue,0.03*,mg/kg (MRL),Bitter Gourd,"FSSAI (Contaminants, Toxins and Residues) Regulations, 2011 - Version VI (27.01.2022)",FSSAI,Compendium_Contaminants_Regulations_28_01_2022-FSSAI.pdf,19.0,https://www.fssai.gov.in/upload/uploadfiles/files/Compendium_Packaging_Labelling_Regulations_28_01_2022.pdf
Okra,,Chlorantraniliprole,Pesticide residue,0.3,mg/kg (MRL),Okra,"FSSAI (Contaminants, Toxins and Residues) Regulations, 2011 - Version VI (27.01.2022)",FSSAI,Compendium_Contaminants_Regulations_28_01_2022-FSSAI.pdf,19.0,https://www.fssai.gov.in/upload/uploadfiles/files/Compendium_Packaging_Labelling_Regulations_28_01_2022.pdf
Soya bean,,Chlorantraniliprole,Pesticide residue,0.03*,mg/kg (MRL),Soya bean,"FSSAI (Contaminants, Toxins and Residues) Regulations, 2011 - Version VI (27.01.2022)",FSSAI,Compendium_Contaminants_Regulations_28_01_2022-FSSAI.pdf,19.0,https://www.fssai.gov.in/upload/uploadfiles/files/Compendium_Packaging_Labelling_Regulations_28_01_2022.pdf
Pigeon pea,,Chlorantraniliprole,Pesticide residue,0.03*,mg/kg (MRL),Pigeon pea,"FSSAI (Contaminants, Toxins and Residues) Regulations, 2011 - Version VI (27.01.2022)",FSSAI,Compendium_Contaminants_Regulations_28_01_2022-FSSAI.pdf,19.0,https://www.fssai.gov.in/upload/uploadfiles/files/Compendium_Packaging_Labelling_Regulations_28_01_2022.pdf
Tomato,,Chlorantraniliprole,Pesticide residue,0.6,mg/kg (MRL),Tomato,"FSSAI (Contaminants, Toxins and Residues) Regulations, 2011 - Version VI (27.01.2022)",FSSAI,Compendium_Contaminants_Regulations_28_01_2022-FSSAI.pdf,19.0,https://www.fssai.gov.in/upload/uploadfiles/files/Compendium_Packaging_Labelling_Regulations_28_01_2022.pdf
Chilli,,Chlorantraniliprole,Pesticide residue,0.6,mg/kg (MRL),Chilli,"FSSAI (Contaminants, Toxins and Residues) Regulations, 2011 - Version VI (27.01.2022)",FSSAI,Compendium_Contaminants_Regulations_28_01_2022-FSSAI.pdf,19.0,https://www.fssai.gov.in/upload/uploadfiles/files/Compendium_Packaging_Labelling_Regulations_28_01_2022.pdf
Dried Chilli,,Chlorantraniliprole,Pesticide residue,6,mg/kg (MRL),Dried Chilli,"FSSAI (Contaminants, Toxins and Residues) Regulations, 2011 - Version VI (27.01.2022)",FSSAI,Compendium_Contaminants_Regulations_28_01_2022-FSSAI.pdf,19.0,https://www.fssai.gov.in/upload/uploadfiles/files/Compendium_Packaging_Labelling_Regulations_28_01_2022.pdf
Brinjal,,Chlorantraniliprole,Pesticide residue,0.6,mg/kg (MRL),Brinjal,"FSSAI (Contaminants, Toxins and Residues) Regulations, 2011 - Version VI (27.01.2022)",FSSAI,Compendium_Contaminants_Regulations_28_01_2022-FSSAI.pdf,19.0,https://www.fssai.gov.in/upload/uploadfiles/files/Compendium_Packaging_Labelling_Regulations_28_01_2022.pdf
Rice,,Chlorantraniliprole,Pesticide residue,0.4,mg/kg (MRL),Rice,"FSSAI (Contaminants, Toxins and Residues) Regulations, 2011 - Version VI (27.01.2022)",FSSAI,Compendium_Contaminants_Regulations_28_01_2022-FSSAI.pdf,20.0,https://www.fssai.gov.in/upload/uploadfiles/files/Compendium_Packaging_Labelling_Regulations_28_01_2022.pdf
Cabbage,,Chlorantraniliprole,Pesticide residue,2,mg/kg (MRL),Cabbage,"FSSAI (Contaminants, Toxins and Residues) Regulations, 2011 - Version VI (27.01.2022)",FSSAI,Compendium_Contaminants_Regulations_28_01_2022-FSSAI.pdf,20.0,https://www.fssai.gov.in/upload/uploadfiles/files/Compendium_Packaging_Labelling_Regulations_28_01_2022.pdf
Sugarcane,,Chlorantraniliprole,Pesticide residue,0.5,mg/kg (MRL),Sugarcane,"FSSAI (Contaminants, Toxins and Residues) Regulations, 2011 - Version VI (27.01.2022)",FSSAI,Compendium_Contaminants_Regulations_28_01_2022-FSSAI.pdf,20.0,https://www.fssai.gov.in/upload/uploadfiles/files/Compendium_Packaging_Labelling_Regulations_28_01_2022.pdf
Cotton,,Chlorantraniliprole,Pesticide residue,0.3,mg/kg (MRL),Cotton,"FSSAI (Contaminants, Toxins and Residues) Regulations, 2011 - Version VI (27.01.2022)",FSSAI,Compendium_Contaminants_Regulations_28_01_2022-FSSAI.pdf,20.0,https://www.fssai.gov.in/upload/uploadfiles/files/Compendium_Packaging_Labelling_Regulations_28_01_2022.pdf
Milk and Milk products,,Chlorantraniliprole,Pesticide residue,0.05,mg/kg (MRL),Milk and Milk products,"FSSAI (Contaminants, Toxins and Residues) Regulations, 2011 - Version VI (27.01.2022)",FSSAI,Compendium_Contaminants_Regulations_28_01_2022-FSSAI.pdf,20.0,https://www.fssai.gov.in/upload/uploadfiles/files/Compendium_Packaging_Labelling_Regulations_28_01_2022.pdf
Meat and Meat products,,Chlorantraniliprole,Pesticide residue,0.2,mg/kg (MRL),Meat and Meat products,"FSSAI (Contaminants, Toxins and Residues) Regulations, 2011 - Version VI (27.01.2022)",FSSAI,Compendium_Contaminants_Regulations_28_01_2022-FSSAI.pdf,20.0,https://www.fssai.gov.in/upload/uploadfiles/files/Compendium_Packaging_Labelling_Regulations_28_01_2022.pdf
Groundnut,,Chlorantraniliprole,Pesticide residue,0.03*,mg/kg (MRL),Groundnut,"FSSAI (Contaminants, Toxins and Residues) Regulations, 2011 - Version VI (27.01.2022)",FSSAI,Compendium_Contaminants_Regulations_28_01_2022-FSSAI.pdf,20.0,https://www.fssai.gov.in/upload/uploadfiles/files/Compendium_Packaging_Labelling_Regulations_28_01_2022.pdf
Groundnut Oil,,Chlorantraniliprole,Pesticide residue,0.03*,mg/kg (MRL),Groundnut Oil,"FSSAI (Contaminants, Toxins and Residues) Regulations, 2011 - Version VI (27.01.2022)",FSSAI,Compendium_Contaminants_Regulations_28_01_2022-FSSAI.pdf,20.0,https://www.fssai.gov.in/upload/uploadfiles/files/Compendium_Packaging_Labelling_Regulations_28_01_2022.pdf
Maize,,Chlorantraniliprole,Pesticide residue,0.03*,mg/kg (MRL),Maize,"FSSAI (Contaminants, Toxins and Residues) Regulations, 2011 - Version VI (27.01.2022)",FSSAI,Compendium_Contaminants_Regulations_28_01_2022-FSSAI.pdf,20.0,https://www.fssai.gov.in/upload/uploadfiles/files/Compendium_Packaging_Labelling_Regulations_28_01_2022.pdf
Chilli,,Chlorfenapyr,Pesticide residue,0.05,mg/kg (MRL),Chilli,"FSSAI (Contaminants, Toxins and Residues) Regulations, 2011 - Version VI (27.01.2022)",FSSAI,Compendium_Contaminants_Regulations_28_01_2022-FSSAI.pdf,20.0,https://www.fssai.gov.in/upload/uploadfiles/files/Compendium_Packaging_Labelling_Regulations_28_01_2022.pdf
Dried Chilli,,Chlorfenapyr,Pesticide residue,0.5,mg/kg (MRL),Dried Chilli,"FSSAI (Contaminants, Toxins and Residues) Regulations, 2011 - Version VI (27.01.2022)",FSSAI,Compendium_Contaminants_Regulations_28_01_2022-FSSAI.pdf,20.0,https://www.fssai.gov.in/upload/uploadfiles/files/Compendium_Packaging_Labelling_Regulations_28_01_2022.pdf
Cabbage,,Chlorfenapyr,Pesticide residue,0.05,mg/kg (MRL),Cabbage,"FSSAI (Contaminants, Toxins and Residues) Regulations, 2011 - Version VI (27.01.2022)",FSSAI,Compendium_Contaminants_Regulations_28_01_2022-FSSAI.pdf,20.0,https://www.fssai.gov.in/upload/uploadfiles/files/Compendium_Packaging_Labelling_Regulations_28_01_2022.pdf
Cabbage,,Chlorfluazuron,Pesticide residue,0.1*,mg/kg (MRL),Cabbage,"FSSAI (Contaminants, Toxins and Residues) Regulations, 2011 - Version VI (27.01.2022)",FSSAI,Compendium_Contaminants_Regulations_28_01_2022-FSSAI.pdf,20.0,https://www.fssai.gov.in/upload/uploadfiles/files/Compendium_Packaging_Labelling_Regulations_28_01_2022.pdf
Cotton seed,,Chlorfluazuron,Pesticide residue,0.01*,mg/kg (MRL),Cotton seed,"FSSAI (Contaminants, Toxins and Residues) Regulations, 2011 - Version VI (27.01.2022)",FSSAI,Compendium_Contaminants_Regulations_28_01_2022-FSSAI.pdf,20.0,https://www.fssai.gov.in/upload/uploadfiles/files/Compendium_Packaging_Labelling_Regulations_28_01_2022.pdf
Rice,,Chlorimuron ethyl,Pesticide residue,0.01,mg/kg (MRL),Rice,"FSSAI (Contaminants, Toxins and Residues) Regulations, 2011 - Version VI (27.01.2022)",FSSAI,Compendium_Contaminants_Regulations_28_01_2022-FSSAI.pdf,20.0,https://www.fssai.gov.in/upload/uploadfiles/files/Compendium_Packaging_Labelling_Regulations_28_01_2022.pdf
Soya bean seed,,Chlorimuron ethyl,Pesticide residue,0.01,mg/kg (MRL),Soya bean seed,"FSSAI (Contaminants, Toxins and Residues) Regulations, 2011 - Version VI (27.01.2022)",FSSAI,Compendium_Contaminants_Regulations_28_01_2022-FSSAI.pdf,20.0,https://www.fssai.gov.in/upload/uploadfiles/files/Compendium_Packaging_Labelling_Regulations_28_01_2022.pdf
Wheat,,Chlorimuron ethyl,Pesticide residue,0.05,mg/kg (MRL),Wheat,"FSSAI (Contaminants, Toxins and Residues) Regulations, 2011 - Version VI (27.01.2022)",FSSAI,Compendium_Contaminants_Regulations_28_01_2022-FSSAI.pdf,20.0,https://www.fssai.gov.in/upload/uploadfiles/files/Compendium_Packaging_Labelling_Regulations_28_01_2022.pdf
Chloride (CCC) Potato,,Chlormequat,Pesticide residue,0.1,mg/kg (MRL),Chloride (CCC) Potato,"FSSAI (Contaminants, Toxins and Residues) Regulations, 2011 - Version VI (27.01.2022)",FSSAI,Compendium_Contaminants_Regulations_28_01_2022-FSSAI.pdf,20.0,https://www.fssai.gov.in/upload/uploadfiles/files/Compendium_Packaging_Labelling_Regulations_28_01_2022.pdf
Brinjal,,Chlormequat,Pesticide residue,0.1,mg/kg (MRL),Brinjal,"FSSAI (Contaminants, Toxins and Residues) Regulations, 2011 - Version VI (27.01.2022)",FSSAI,Compendium_Contaminants_Regulations_28_01_2022-FSSAI.pdf,20.0,https://www.fssai.gov.in/upload/uploadfiles/files/Compendium_Packaging_Labelling_Regulations_28_01_2022.pdf
Grape,,Chlormequat,Pesticide residue,0.05*,mg/kg (MRL),Grape,"FSSAI (Contaminants, Toxins and Residues) Regulations, 2011 - Version VI (27.01.2022)",FSSAI,Compendium_Contaminants_Regulations_28_01_2022-FSSAI.pdf,20.0,https://www.fssai.gov.in/upload/uploadfiles/files/Compendium_Packaging_Labelling_Regulations_28_01_2022.pdf
Cotton seed,,Chlormequat,Pesticide residue,1,mg/kg (MRL),Cotton seed,"FSSAI (Contaminants, Toxins and Residues) Regulations, 2011 - Version VI (27.01.2022)",FSSAI,Compendium_Contaminants_Regulations_28_01_2022-FSSAI.pdf,20.0,https://www.fssai.gov.in/upload/uploadfiles/files/Compendium_Packaging_Labelling_Regulations_28_01_2022.pdf
Groundnut,,Chlorothalonil,Pesticide residue,0.1,mg/kg (MRL),Groundnut,"FSSAI (Contaminants, Toxins and Residues) Regulations, 2011 - Version VI (27.01.2022)",FSSAI,Compendium_Contaminants_Regulations_28_01_2022-FSSAI.pdf,20.0,https://www.fssai.gov.in/upload/uploadfiles/files/Compendium_Packaging_Labelling_Regulations_28_01_2022.pdf
Potato,,Chlorothalonil,Pesticide residue,0.1,mg/kg (MRL),Potato,"FSSAI (Contaminants, Toxins and Residues) Regulations, 2011 - Version VI (27.01.2022)",FSSAI,Compendium_Contaminants_Regulations_28_01_2022-FSSAI.pdf,20.0,https://www.fssai.gov.in/upload/uploadfiles/files/Compendium_Packaging_Labelling_Regulations_28_01_2022.pdf
Milk and Milk products,,Chlorothalonil,Pesticide residue,0.07,mg/kg (MRL),Milk and Milk products,"FSSAI (Contaminants, Toxins and Residues) Regulations, 2011 - Version VI (27.01.2022)",FSSAI,Compendium_Contaminants_Regulations_28_01_2022-FSSAI.pdf,20.0,https://www.fssai.gov.in/upload/uploadfiles/files/Compendium_Packaging_Labelling_Regulations_28_01_2022.pdf
Meat and Meat products,,Chlorothalonil,Pesticide residue,0.02,mg/kg (MRL),Meat and Meat products,"FSSAI (Contaminants, Toxins and Residues) Regulations, 2011 - Version VI (27.01.2022)",FSSAI,Compendium_Contaminants_Regulations_28_01_2022-FSSAI.pdf,20.0,https://www.fssai.gov.in/upload/uploadfiles/files/Compendium_Packaging_Labelling_Regulations_28_01_2022.pdf
Potato,,Chlorpropham,Pesticide residue,30,mg/kg (MRL),Potato,"FSSAI (Contaminants, Toxins and Residues) Regulations, 2011 - Version VI (27.01.2022)",FSSAI,Compendium_Contaminants_Regulations_28_01_2022-FSSAI.pdf,20.0,https://www.fssai.gov.in/upload/uploadfiles/files/Compendium_Packaging_Labelling_Regulations_28_01_2022.pdf
Tea,,Chlorpyriphos,Pesticide residue,2,mg/kg (MRL),Tea,"FSSAI (Contaminants, Toxins and Residues) Regulations, 2011 - Version VI (27.01.2022)",FSSAI,Compendium_Contaminants_Regulations_28_01_2022-FSSAI.pdf,20.0,https://www.fssai.gov.in/upload/uploadfiles/files/Compendium_Packaging_Labelling_Regulations_28_01_2022.pdf
"Food grains Wheat-0.5, Rice-0.5 and Food grains",,Chlorpyriphos,Pesticide residue,0.05,mg/kg (MRL),"Food grains Wheat-0.5, Rice-0.5 and Food grains","FSSAI (Contaminants, Toxins and Residues) Regulations, 2011 - Version VI (27.01.2022)",FSSAI,Compendium_Contaminants_Regulations_28_01_2022-FSSAI.pdf,20.0,https://www.fssai.gov.in/upload/uploadfiles/files/Compendium_Packaging_Labelling_Regulations_28_01_2022.pdf
Milled food grains,,Chlorpyriphos,Pesticide residue,0.01,mg/kg (MRL),Milled food grains,"FSSAI (Contaminants, Toxins and Residues) Regulations, 2011 - Version VI (27.01.2022)",FSSAI,Compendium_Contaminants_Regulations_28_01_2022-FSSAI.pdf,20.0,https://www.fssai.gov.in/upload/uploadfiles/files/Compendium_Packaging_Labelling_Regulations_28_01_2022.pdf
"Fruits Stawberry-0.03, Plum- 0.5, Pomefruit-1.0 and other Fruits",,Chlorpyriphos,Pesticide residue,0.5,mg/kg (MRL),"Fruits Stawberry-0.03, Plum- 0.5, Pomefruit-1.0 and other Fruits","FSSAI (Contaminants, Toxins and Residues) Regulations, 2011 - Version VI (27.01.2022)",FSSAI,Compendium_Contaminants_Regulations_28_01_2022-FSSAI.pdf,20.0,https://www.fssai.gov.in/upload/uploadfiles/files/Compendium_Packaging_Labelling_Regulations_28_01_2022.pdf
"Potatoes and Onions Potato-2.0, Onions",,Chlorpyriphos,Pesticide residue,0.01,mg/kg (MRL),"Potatoes and Onions Potato-2.0, Onions","FSSAI (Contaminants, Toxins and Residues) Regulations, 2011 - Version VI (27.01.2022)",FSSAI,Compendium_Contaminants_Regulations_28_01_2022-FSSAI.pdf,20.0,https://www.fssai.gov.in/upload/uploadfiles/files/Compendium_Packaging_Labelling_Regulations_28_01_2022.pdf
Cauliflower and Cabbage,,Chlorpyriphos,Pesticide residue,1,mg/kg (MRL),Cauliflower and Cabbage,"FSSAI (Contaminants, Toxins and Residues) Regulations, 2011 - Version VI (27.01.2022)",FSSAI,Compendium_Contaminants_Regulations_28_01_2022-FSSAI.pdf,20.0,https://www.fssai.gov.in/upload/uploadfiles/files/Compendium_Packaging_Labelling_Regulations_28_01_2022.pdf
Other vegetables,,Chlorpyriphos,Pesticide residue,0.2,mg/kg (MRL),Other vegetables,"FSSAI (Contaminants, Toxins and Residues) Regulations, 2011 - Version VI (27.01.2022)",FSSAI,Compendium_Contaminants_Regulations_28_01_2022-FSSAI.pdf,20.0,https://www.fssai.gov.in/upload/uploadfiles/files/Compendium_Packaging_Labelling_Regulations_28_01_2022.pdf
Meat and Poultry (carcass fat) 0.1 Milk and Milk products,,Chlorpyriphos,Pesticide residue,0.02,mg/kg (MRL),Meat and Poultry (carcass fat) 0.1 Milk and Milk products,"FSSAI (Contaminants, Toxins and Residues) Regulations, 2011 - Version VI (27.01.2022)",FSSAI,Compendium_Contaminants_Regulations_28_01_2022-FSSAI.pdf,20.0,https://www.fssai.gov.in/upload/uploadfiles/files/Compendium_Packaging_Labelling_Regulations_28_01_2022.pdf
Cotton seed,,Chlorpyriphos,Pesticide residue,0.3,mg/kg (MRL),Cotton seed,"FSSAI (Contaminants, Toxins and Residues) Regulations, 2011 - Version VI (27.01.2022)",FSSAI,Compendium_Contaminants_Regulations_28_01_2022-FSSAI.pdf,20.0,https://www.fssai.gov.in/upload/uploadfiles/files/Compendium_Packaging_Labelling_Regulations_28_01_2022.pdf
Cotton seed oil (crude),,Chlorpyriphos,Pesticide residue,0.05,mg/kg (MRL),Cotton seed oil (crude),"FSSAI (Contaminants, Toxins and Residues) Regulations, 2011 - Version VI (27.01.2022)",FSSAI,Compendium_Contaminants_Regulations_28_01_2022-FSSAI.pdf,20.0,https://www.fssai.gov.in/upload/uploadfiles/files/Compendium_Packaging_Labelling_Regulations_28_01_2022.pdf
Carbonated Water,,Chlorpyriphos,Pesticide residue,0.001,mg/kg (MRL),Carbonated Water,"FSSAI (Contaminants, Toxins and Residues) Regulations, 2011 - Version VI (27.01.2022)",FSSAI,Compendium_Contaminants_Regulations_28_01_2022-FSSAI.pdf,20.0,https://www.fssai.gov.in/upload/uploadfiles/files/Compendium_Packaging_Labelling_Regulations_28_01_2022.pdf
"its metabolites Thiazolymethylguanidine (TMG), Thiazolymethylurea (TZMU), Methylnitroguanidine (MNG) TMG) Sugarcane",,Chlothianidin (Chlothianidin and,Pesticide residue,0.4,mg/kg (MRL),"its metabolites Thiazolymethylguanidine (TMG), Thiazolymethylurea (TZMU), Methylnitroguanidine (MNG) TMG) Sugarcane","FSSAI (Contaminants, Toxins and Residues) Regulations, 2011 - Version VI (27.01.2022)",FSSAI,Compendium_Contaminants_Regulations_28_01_2022-FSSAI.pdf,20.0,https://www.fssai.gov.in/upload/uploadfiles/files/Compendium_Packaging_Labelling_Regulations_28_01_2022.pdf
Cotton seed,,Chlothianidin (Chlothianidin and,Pesticide residue,0.02,mg/kg (MRL),Cotton seed,"FSSAI (Contaminants, Toxins and Residues) Regulations, 2011 - Version VI (27.01.2022)",FSSAI,Compendium_Contaminants_Regulations_28_01_2022-FSSAI.pdf,20.0,https://www.fssai.gov.in/upload/uploadfiles/files/Compendium_Packaging_Labelling_Regulations_28_01_2022.pdf
Cotton seed Oil,,Chlothianidin (Chlothianidin and,Pesticide residue,0.02,mg/kg (MRL),Cotton seed Oil,"FSSAI (Contaminants, Toxins and Residues) Regulations, 2011 - Version VI (27.01.2022)",FSSAI,Compendium_Contaminants_Regulations_28_01_2022-FSSAI.pdf,20.0,https://www.fssai.gov.in/upload/uploadfiles/files/Compendium_Packaging_Labelling_Regulations_28_01_2022.pdf
Rice,,Chlothianidin (Chlothianidin and,Pesticide residue,0.5,mg/kg (MRL),Rice,"FSSAI (Contaminants, Toxins and Residues) Regulations, 2011 - Version VI (27.01.2022)",FSSAI,Compendium_Contaminants_Regulations_28_01_2022-FSSAI.pdf,20.0,https://www.fssai.gov.in/upload/uploadfiles/files/Compendium_Packaging_Labelling_Regulations_28_01_2022.pdf
Tea,,Chlothianidin (Chlothianidin and,Pesticide residue,0.7,mg/kg (MRL),Tea,"FSSAI (Contaminants, Toxins and Residues) Regulations, 2011 - Version VI (27.01.2022)",FSSAI,Compendium_Contaminants_Regulations_28_01_2022-FSSAI.pdf,20.0,https://www.fssai.gov.in/upload/uploadfiles/files/Compendium_Packaging_Labelling_Regulations_28_01_2022.pdf
Milk and Milk products,,Chlothianidin (Chlothianidin and,Pesticide residue,0.02,mg/kg (MRL),Milk and Milk products,"FSSAI (Contaminants, Toxins and Residues) Regulations, 2011 - Version VI (27.01.2022)",FSSAI,Compendium_Contaminants_Regulations_28_01_2022-FSSAI.pdf,20.0,https://www.fssai.gov.in/upload/uploadfiles/files/Compendium_Packaging_Labelling_Regulations_28_01_2022.pdf
Meat and Meat products,,Chlothianidin (Chlothianidin and,Pesticide residue,0.02,mg/kg (MRL),Meat and Meat products,"FSSAI (Contaminants, Toxins and Residues) Regulations, 2011 - Version VI (27.01.2022)",FSSAI,Compendium_Contaminants_Regulations_28_01_2022-FSSAI.pdf,21.0,https://www.fssai.gov.in/upload/uploadfiles/files/Compendium_Packaging_Labelling_Regulations_28_01_2022.pdf
Rice,,Chromafenozide,Pesticide residue,0.03*,mg/kg (MRL),Rice,"FSSAI (Contaminants, Toxins and Residues) Regulations, 2011 - Version VI (27.01.2022)",FSSAI,Compendium_Contaminants_Regulations_28_01_2022-FSSAI.pdf,21.0,https://www.fssai.gov.in/upload/uploadfiles/files/Compendium_Packaging_Labelling_Regulations_28_01_2022.pdf
Rice,,Cinmethylene,Pesticide residue,0.05,mg/kg (MRL),Rice,"FSSAI (Contaminants, Toxins and Residues) Regulations, 2011 - Version VI (27.01.2022)",FSSAI,Compendium_Contaminants_Regulations_28_01_2022-FSSAI.pdf,21.0,https://www.fssai.gov.in/upload/uploadfiles/files/Compendium_Packaging_Labelling_Regulations_28_01_2022.pdf
Soya bean,,Clodinafop-propargyl,Pesticide residue,0.05*,mg/kg (MRL),Soya bean,"FSSAI (Contaminants, Toxins and Residues) Regulations, 2011 - Version VI (27.01.2022)",FSSAI,Compendium_Contaminants_Regulations_28_01_2022-FSSAI.pdf,21.0,https://www.fssai.gov.in/upload/uploadfiles/files/Compendium_Packaging_Labelling_Regulations_28_01_2022.pdf
Wheat,,Clodinafop-propargyl,Pesticide residue,0.1,mg/kg (MRL),Wheat,"FSSAI (Contaminants, Toxins and Residues) Regulations, 2011 - Version VI (27.01.2022)",FSSAI,Compendium_Contaminants_Regulations_28_01_2022-FSSAI.pdf,21.0,https://www.fssai.gov.in/upload/uploadfiles/files/Compendium_Packaging_Labelling_Regulations_28_01_2022.pdf
Rice,,Clomazone,Pesticide residue,0.01,mg/kg (MRL),Rice,"FSSAI (Contaminants, Toxins and Residues) Regulations, 2011 - Version VI (27.01.2022)",FSSAI,Compendium_Contaminants_Regulations_28_01_2022-FSSAI.pdf,21.0,https://www.fssai.gov.in/upload/uploadfiles/files/Compendium_Packaging_Labelling_Regulations_28_01_2022.pdf
Soya bean seed,,Clomazone,Pesticide residue,0.01,mg/kg (MRL),Soya bean seed,"FSSAI (Contaminants, Toxins and Residues) Regulations, 2011 - Version VI (27.01.2022)",FSSAI,Compendium_Contaminants_Regulations_28_01_2022-FSSAI.pdf,21.0,https://www.fssai.gov.in/upload/uploadfiles/files/Compendium_Packaging_Labelling_Regulations_28_01_2022.pdf
Soya bean seed oil,,Clomazone,Pesticide residue,0.01,mg/kg (MRL),Soya bean seed oil,"FSSAI (Contaminants, Toxins and Residues) Regulations, 2011 - Version VI (27.01.2022)",FSSAI,Compendium_Contaminants_Regulations_28_01_2022-FSSAI.pdf,21.0,https://www.fssai.gov.in/upload/uploadfiles/files/Compendium_Packaging_Labelling_Regulations_28_01_2022.pdf
Grapes,,Cyantranilipole,Pesticide residue,0.01,mg/kg (MRL),Grapes,"FSSAI (Contaminants, Toxins and Residues) Regulations, 2011 - Version VI (27.01.2022)",FSSAI,Compendium_Contaminants_Regulations_28_01_2022-FSSAI.pdf,21.0,https://www.fssai.gov.in/upload/uploadfiles/files/Compendium_Packaging_Labelling_Regulations_28_01_2022.pdf
Pomegranate seed,,Cyantranilipole,Pesticide residue,0.01,mg/kg (MRL),Pomegranate seed,"FSSAI (Contaminants, Toxins and Residues) Regulations, 2011 - Version VI (27.01.2022)",FSSAI,Compendium_Contaminants_Regulations_28_01_2022-FSSAI.pdf,21.0,https://www.fssai.gov.in/upload/uploadfiles/files/Compendium_Packaging_Labelling_Regulations_28_01_2022.pdf
Pomegranate Juice,,Cyantranilipole,Pesticide residue,0.01,mg/kg (MRL),Pomegranate Juice,"FSSAI (Contaminants, Toxins and Residues) Regulations, 2011 - Version VI (27.01.2022)",FSSAI,Compendium_Contaminants_Regulations_28_01_2022-FSSAI.pdf,21.0,https://www.fssai.gov.in/upload/uploadfiles/files/Compendium_Packaging_Labelling_Regulations_28_01_2022.pdf
Cabbage,,Cyantranilipole,Pesticide residue,2,mg/kg (MRL),Cabbage,"FSSAI (Contaminants, Toxins and Residues) Regulations, 2011 - Version VI (27.01.2022)",FSSAI,Compendium_Contaminants_Regulations_28_01_2022-FSSAI.pdf,21.0,https://www.fssai.gov.in/upload/uploadfiles/files/Compendium_Packaging_Labelling_Regulations_28_01_2022.pdf
Chilli,,Cyantranilipole,Pesticide residue,0.5,mg/kg (MRL),Chilli,"FSSAI (Contaminants, Toxins and Residues) Regulations, 2011 - Version VI (27.01.2022)",FSSAI,Compendium_Contaminants_Regulations_28_01_2022-FSSAI.pdf,21.0,https://www.fssai.gov.in/upload/uploadfiles/files/Compendium_Packaging_Labelling_Regulations_28_01_2022.pdf
Dried Chilli,,Cyantranilipole,Pesticide residue,5,mg/kg (MRL),Dried Chilli,"FSSAI (Contaminants, Toxins and Residues) Regulations, 2011 - Version VI (27.01.2022)",FSSAI,Compendium_Contaminants_Regulations_28_01_2022-FSSAI.pdf,21.0,https://www.fssai.gov.in/upload/uploadfiles/files/Compendium_Packaging_Labelling_Regulations_28_01_2022.pdf
Tomato,,Cyantranilipole,Pesticide residue,0.5,mg/kg (MRL),Tomato,"FSSAI (Contaminants, Toxins and Residues) Regulations, 2011 - Version VI (27.01.2022)",FSSAI,Compendium_Contaminants_Regulations_28_01_2022-FSSAI.pdf,21.0,https://www.fssai.gov.in/upload/uploadfiles/files/Compendium_Packaging_Labelling_Regulations_28_01_2022.pdf
Gherkin,,Cyantranilipole,Pesticide residue,0.3,mg/kg (MRL),Gherkin,"FSSAI (Contaminants, Toxins and Residues) Regulations, 2011 - Version VI (27.01.2022)",FSSAI,Compendium_Contaminants_Regulations_28_01_2022-FSSAI.pdf,21.0,https://www.fssai.gov.in/upload/uploadfiles/files/Compendium_Packaging_Labelling_Regulations_28_01_2022.pdf
Okra,,Cyantranilipole,Pesticide residue,0.5,mg/kg (MRL),Okra,"FSSAI (Contaminants, Toxins and Residues) Regulations, 2011 - Version VI (27.01.2022)",FSSAI,Compendium_Contaminants_Regulations_28_01_2022-FSSAI.pdf,21.0,https://www.fssai.gov.in/upload/uploadfiles/files/Compendium_Packaging_Labelling_Regulations_28_01_2022.pdf
Brinjal,,Cyantranilipole,Pesticide residue,0.06,mg/kg (MRL),Brinjal,"FSSAI (Contaminants, Toxins and Residues) Regulations, 2011 - Version VI (27.01.2022)",FSSAI,Compendium_Contaminants_Regulations_28_01_2022-FSSAI.pdf,21.0,https://www.fssai.gov.in/upload/uploadfiles/files/Compendium_Packaging_Labelling_Regulations_28_01_2022.pdf
Potato,,Cyazofamid,Pesticide residue,0.02*,mg/kg (MRL),Potato,"FSSAI (Contaminants, Toxins and Residues) Regulations, 2011 - Version VI (27.01.2022)",FSSAI,Compendium_Contaminants_Regulations_28_01_2022-FSSAI.pdf,21.0,https://www.fssai.gov.in/upload/uploadfiles/files/Compendium_Packaging_Labelling_Regulations_28_01_2022.pdf
Tomato,,Cyazofamid,Pesticide residue,0.01*,mg/kg (MRL),Tomato,"FSSAI (Contaminants, Toxins and Residues) Regulations, 2011 - Version VI (27.01.2022)",FSSAI,Compendium_Contaminants_Regulations_28_01_2022-FSSAI.pdf,22.0,https://www.fssai.gov.in/upload/uploadfiles/files/Compendium_Packaging_Labelling_Regulations_28_01_2022.pdf
Grapes,,Cyazofamid,Pesticide residue,1,mg/kg (MRL),Grapes,"FSSAI (Contaminants, Toxins and Residues) Regulations, 2011 - Version VI (27.01.2022)",FSSAI,Compendium_Contaminants_Regulations_28_01_2022-FSSAI.pdf,22.0,https://www.fssai.gov.in/upload/uploadfiles/files/Compendium_Packaging_Labelling_Regulations_28_01_2022.pdf
Rice,,Cyhalofop-butyl,Pesticide residue,0.5,mg/kg (MRL),Rice,"FSSAI (Contaminants, Toxins and Residues) Regulations, 2011 - Version VI (27.01.2022)",FSSAI,Compendium_Contaminants_Regulations_28_01_2022-FSSAI.pdf,22.0,https://www.fssai.gov.in/upload/uploadfiles/files/Compendium_Packaging_Labelling_Regulations_28_01_2022.pdf
Tomato,,Cymoxanil,Pesticide residue,0.01*,mg/kg (MRL),Tomato,"FSSAI (Contaminants, Toxins and Residues) Regulations, 2011 - Version VI (27.01.2022)",FSSAI,Compendium_Contaminants_Regulations_28_01_2022-FSSAI.pdf,22.0,https://www.fssai.gov.in/upload/uploadfiles/files/Compendium_Packaging_Labelling_Regulations_28_01_2022.pdf
Potato,,Cymoxanil,Pesticide residue,0.01,mg/kg (MRL),Potato,"FSSAI (Contaminants, Toxins and Residues) Regulations, 2011 - Version VI (27.01.2022)",FSSAI,Compendium_Contaminants_Regulations_28_01_2022-FSSAI.pdf,22.0,https://www.fssai.gov.in/upload/uploadfiles/files/Compendium_Packaging_Labelling_Regulations_28_01_2022.pdf
Grapes,,Cymoxanil,Pesticide residue,0.1,mg/kg (MRL),Grapes,"FSSAI (Contaminants, Toxins and Residues) Regulations, 2011 - Version VI (27.01.2022)",FSSAI,Compendium_Contaminants_Regulations_28_01_2022-FSSAI.pdf,22.0,https://www.fssai.gov.in/upload/uploadfiles/files/Compendium_Packaging_Labelling_Regulations_28_01_2022.pdf
Citrus,,Cymoxanil,Pesticide residue,0.05*,mg/kg (MRL),Citrus,"FSSAI (Contaminants, Toxins and Residues) Regulations, 2011 - Version VI (27.01.2022)",FSSAI,Compendium_Contaminants_Regulations_28_01_2022-FSSAI.pdf,22.0,https://www.fssai.gov.in/upload/uploadfiles/files/Compendium_Packaging_Labelling_Regulations_28_01_2022.pdf
Gherkin,,Cymoxanil,Pesticide residue,0.05*,mg/kg (MRL),Gherkin,"FSSAI (Contaminants, Toxins and Residues) Regulations, 2011 - Version VI (27.01.2022)",FSSAI,Compendium_Contaminants_Regulations_28_01_2022-FSSAI.pdf,22.0,https://www.fssai.gov.in/upload/uploadfiles/files/Compendium_Packaging_Labelling_Regulations_28_01_2022.pdf
Cucumber,,Cymoxanil,Pesticide residue,0.1,mg/kg (MRL),Cucumber,"FSSAI (Contaminants, Toxins and Residues) Regulations, 2011 - Version VI (27.01.2022)",FSSAI,Compendium_Contaminants_Regulations_28_01_2022-FSSAI.pdf,22.0,https://www.fssai.gov.in/upload/uploadfiles/files/Compendium_Packaging_Labelling_Regulations_28_01_2022.pdf
(Fat soluble residue) Rice,,Cypermethrin (sum of isomers),Pesticide residue,2,mg/kg (MRL),(Fat soluble residue) Rice,"FSSAI (Contaminants, Toxins and Residues) Regulations, 2011 - Version VI (27.01.2022)",FSSAI,Compendium_Contaminants_Regulations_28_01_2022-FSSAI.pdf,22.0,https://www.fssai.gov.in/upload/uploadfiles/files/Compendium_Packaging_Labelling_Regulations_28_01_2022.pdf
Cottonseed Oil,,Cypermethrin (sum of isomers),Pesticide residue,0.01,mg/kg (MRL),Cottonseed Oil,"FSSAI (Contaminants, Toxins and Residues) Regulations, 2011 - Version VI (27.01.2022)",FSSAI,Compendium_Contaminants_Regulations_28_01_2022-FSSAI.pdf,22.0,https://www.fssai.gov.in/upload/uploadfiles/files/Compendium_Packaging_Labelling_Regulations_28_01_2022.pdf
Wheat grains,,Cypermethrin (sum of isomers),Pesticide residue,2,mg/kg (MRL),Wheat grains,"FSSAI (Contaminants, Toxins and Residues) Regulations, 2011 - Version VI (27.01.2022)",FSSAI,Compendium_Contaminants_Regulations_28_01_2022-FSSAI.pdf,22.0,https://www.fssai.gov.in/upload/uploadfiles/files/Compendium_Packaging_Labelling_Regulations_28_01_2022.pdf
Milled wheat grains,,Cypermethrin (sum of isomers),Pesticide residue,0.01,mg/kg (MRL),Milled wheat grains,"FSSAI (Contaminants, Toxins and Residues) Regulations, 2011 - Version VI (27.01.2022)",FSSAI,Compendium_Contaminants_Regulations_28_01_2022-FSSAI.pdf,22.0,https://www.fssai.gov.in/upload/uploadfiles/files/Compendium_Packaging_Labelling_Regulations_28_01_2022.pdf
Brinjal,,Cypermethrin (sum of isomers),Pesticide residue,0.2,mg/kg (MRL),Brinjal,"FSSAI (Contaminants, Toxins and Residues) Regulations, 2011 - Version VI (27.01.2022)",FSSAI,Compendium_Contaminants_Regulations_28_01_2022-FSSAI.pdf,22.0,https://www.fssai.gov.in/upload/uploadfiles/files/Compendium_Packaging_Labelling_Regulations_28_01_2022.pdf
Cabbage,,Cypermethrin (sum of isomers),Pesticide residue,2,mg/kg (MRL),Cabbage,"FSSAI (Contaminants, Toxins and Residues) Regulations, 2011 - Version VI (27.01.2022)",FSSAI,Compendium_Contaminants_Regulations_28_01_2022-FSSAI.pdf,22.0,https://www.fssai.gov.in/upload/uploadfiles/files/Compendium_Packaging_Labelling_Regulations_28_01_2022.pdf
Okra,,Cypermethrin (sum of isomers),Pesticide residue,0.5,mg/kg (MRL),Okra,"FSSAI (Contaminants, Toxins and Residues) Regulations, 2011 - Version VI (27.01.2022)",FSSAI,Compendium_Contaminants_Regulations_28_01_2022-FSSAI.pdf,22.0,https://www.fssai.gov.in/upload/uploadfiles/files/Compendium_Packaging_Labelling_Regulations_28_01_2022.pdf
Oil seeds except groundnut,,Cypermethrin (sum of isomers),Pesticide residue,0.2,mg/kg (MRL),Oil seeds except groundnut,"FSSAI (Contaminants, Toxins and Residues) Regulations, 2011 - Version VI (27.01.2022)",FSSAI,Compendium_Contaminants_Regulations_28_01_2022-FSSAI.pdf,22.0,https://www.fssai.gov.in/upload/uploadfiles/files/Compendium_Packaging_Labelling_Regulations_28_01_2022.pdf
Meat and Poultry,,Cypermethrin (sum of isomers),Pesticide residue,2,mg/kg (MRL),Meat and Poultry,"FSSAI (Contaminants, Toxins and Residues) Regulations, 2011 - Version VI (27.01.2022)",FSSAI,Compendium_Contaminants_Regulations_28_01_2022-FSSAI.pdf,22.0,https://www.fssai.gov.in/upload/uploadfiles/files/Compendium_Packaging_Labelling_Regulations_28_01_2022.pdf
Milk and Milk products,,Cypermethrin (sum of isomers),Pesticide residue,0.05,mg/kg (MRL),Milk and Milk products,"FSSAI (Contaminants, Toxins and Residues) Regulations, 2011 - Version VI (27.01.2022)",FSSAI,Compendium_Contaminants_Regulations_28_01_2022-FSSAI.pdf,22.0,https://www.fssai.gov.in/upload/uploadfiles/files/Compendium_Packaging_Labelling_Regulations_28_01_2022.pdf
(a) Alpha Cypermethrin Cotton seed Oil,,Cypermethrin (sum of isomers),Pesticide residue,0.05,mg/kg (MRL),(a) Alpha Cypermethrin Cotton seed Oil,"FSSAI (Contaminants, Toxins and Residues) Regulations, 2011 - Version VI (27.01.2022)",FSSAI,Compendium_Contaminants_Regulations_28_01_2022-FSSAI.pdf,22.0,https://www.fssai.gov.in/upload/uploadfiles/files/Compendium_Packaging_Labelling_Regulations_28_01_2022.pdf
Chilli,,Deltamethrin (Decamethrin),Pesticide residue,0.05,mg/kg (MRL),Chilli,"FSSAI (Contaminants, Toxins and Residues) Regulations, 2011 - Version VI (27.01.2022)",FSSAI,Compendium_Contaminants_Regulations_28_01_2022-FSSAI.pdf,22.0,https://www.fssai.gov.in/upload/uploadfiles/files/Compendium_Packaging_Labelling_Regulations_28_01_2022.pdf
Dried Chilli,,Deltamethrin (Decamethrin),Pesticide residue,0.5,mg/kg (MRL),Dried Chilli,"FSSAI (Contaminants, Toxins and Residues) Regulations, 2011 - Version VI (27.01.2022)",FSSAI,Compendium_Contaminants_Regulations_28_01_2022-FSSAI.pdf,22.0,https://www.fssai.gov.in/upload/uploadfiles/files/Compendium_Packaging_Labelling_Regulations_28_01_2022.pdf
Red gram,,Deltamethrin (Decamethrin),Pesticide residue,0.01,mg/kg (MRL),Red gram,"FSSAI (Contaminants, Toxins and Residues) Regulations, 2011 - Version VI (27.01.2022)",FSSAI,Compendium_Contaminants_Regulations_28_01_2022-FSSAI.pdf,22.0,https://www.fssai.gov.in/upload/uploadfiles/files/Compendium_Packaging_Labelling_Regulations_28_01_2022.pdf
Mango,,Deltamethrin (Decamethrin),Pesticide residue,0.01,mg/kg (MRL),Mango,"FSSAI (Contaminants, Toxins and Residues) Regulations, 2011 - Version VI (27.01.2022)",FSSAI,Compendium_Contaminants_Regulations_28_01_2022-FSSAI.pdf,22.0,https://www.fssai.gov.in/upload/uploadfiles/files/Compendium_Packaging_Labelling_Regulations_28_01_2022.pdf
Tea,,Deltamethrin (Decamethrin),Pesticide residue,5,mg/kg (MRL),Tea,"FSSAI (Contaminants, Toxins and Residues) Regulations, 2011 - Version VI (27.01.2022)",FSSAI,Compendium_Contaminants_Regulations_28_01_2022-FSSAI.pdf,22.0,https://www.fssai.gov.in/upload/uploadfiles/files/Compendium_Packaging_Labelling_Regulations_28_01_2022.pdf
Okra,,Deltamethrin (Decamethrin),Pesticide residue,0.05,mg/kg (MRL),Okra,"FSSAI (Contaminants, Toxins and Residues) Regulations, 2011 - Version VI (27.01.2022)",FSSAI,Compendium_Contaminants_Regulations_28_01_2022-FSSAI.pdf,22.0,https://www.fssai.gov.in/upload/uploadfiles/files/Compendium_Packaging_Labelling_Regulations_28_01_2022.pdf
Tomato,,Deltamethrin (Decamethrin),Pesticide residue,0.3,mg/kg (MRL),Tomato,"FSSAI (Contaminants, Toxins and Residues) Regulations, 2011 - Version VI (27.01.2022)",FSSAI,Compendium_Contaminants_Regulations_28_01_2022-FSSAI.pdf,22.0,https://www.fssai.gov.in/upload/uploadfiles/files/Compendium_Packaging_Labelling_Regulations_28_01_2022.pdf
Brinjal,,Deltamethrin (Decamethrin),Pesticide residue,0.3,mg/kg (MRL),Brinjal,"FSSAI (Contaminants, Toxins and Residues) Regulations, 2011 - Version VI (27.01.2022)",FSSAI,Compendium_Contaminants_Regulations_28_01_2022-FSSAI.pdf,22.0,https://www.fssai.gov.in/upload/uploadfiles/files/Compendium_Packaging_Labelling_Regulations_28_01_2022.pdf
Groundnut,,Deltamethrin (Decamethrin),Pesticide residue,0.01*,mg/kg (MRL),Groundnut,"FSSAI (Contaminants, Toxins and Residues) Regulations, 2011 - Version VI (27.01.2022)",FSSAI,Compendium_Contaminants_Regulations_28_01_2022-FSSAI.pdf,22.0,https://www.fssai.gov.in/upload/uploadfiles/files/Compendium_Packaging_Labelling_Regulations_28_01_2022.pdf
Cotton seed,,Deltamethrin (Decamethrin),Pesticide residue,0.1,mg/kg (MRL),Cotton seed,"FSSAI (Contaminants, Toxins and Residues) Regulations, 2011 - Version VI (27.01.2022)",FSSAI,Compendium_Contaminants_Regulations_28_01_2022-FSSAI.pdf,22.0,https://www.fssai.gov.in/upload/uploadfiles/files/Compendium_Packaging_Labelling_Regulations_28_01_2022.pdf
Food grains,,Deltamethrin (Decamethrin),Pesticide residue,2.0,mg/kg (MRL),Food grains,"FSSAI (Contaminants, Toxins and Residues) Regulations, 2011 - Version VI (27.01.2022)",FSSAI,Compendium_Contaminants_Regulations_28_01_2022-FSSAI.pdf,22.0,https://www.fssai.gov.in/upload/uploadfiles/files/Compendium_Packaging_Labelling_Regulations_28_01_2022.pdf
Milled food grains Milled Food grains,,Deltamethrin (Decamethrin),Pesticide residue,0.2,mg/kg (MRL),Milled food grains Milled Food grains,"FSSAI (Contaminants, Toxins and Residues) Regulations, 2011 - Version VI (27.01.2022)",FSSAI,Compendium_Contaminants_Regulations_28_01_2022-FSSAI.pdf,22.0,https://www.fssai.gov.in/upload/uploadfiles/files/Compendium_Packaging_Labelling_Regulations_28_01_2022.pdf
and Wheat Flour,,Deltamethrin (Decamethrin),Pesticide residue,0.3,mg/kg (MRL),and Wheat Flour,"FSSAI (Contaminants, Toxins and Residues) Regulations, 2011 - Version VI (27.01.2022)",FSSAI,Compendium_Contaminants_Regulations_28_01_2022-FSSAI.pdf,22.0,https://www.fssai.gov.in/upload/uploadfiles/files/Compendium_Packaging_Labelling_Regulations_28_01_2022.pdf
Rice,,Deltamethrin (Decamethrin),Pesticide residue,2.0,mg/kg (MRL),Rice,"FSSAI (Contaminants, Toxins and Residues) Regulations, 2011 - Version VI (27.01.2022)",FSSAI,Compendium_Contaminants_Regulations_28_01_2022-FSSAI.pdf,22.0,https://www.fssai.gov.in/upload/uploadfiles/files/Compendium_Packaging_Labelling_Regulations_28_01_2022.pdf
Wheat,,Deltamethrin (Decamethrin),Pesticide residue,2.0,mg/kg (MRL),Wheat,"FSSAI (Contaminants, Toxins and Residues) Regulations, 2011 - Version VI (27.01.2022)",FSSAI,Compendium_Contaminants_Regulations_28_01_2022-FSSAI.pdf,22.0,https://www.fssai.gov.in/upload/uploadfiles/files/Compendium_Packaging_Labelling_Regulations_28_01_2022.pdf
Milk and Milk products,,Deltamethrin (Decamethrin),Pesticide residue,0.05,mg/kg (MRL),Milk and Milk products,"FSSAI (Contaminants, Toxins and Residues) Regulations, 2011 - Version VI (27.01.2022)",FSSAI,Compendium_Contaminants_Regulations_28_01_2022-FSSAI.pdf,22.0,https://www.fssai.gov.in/upload/uploadfiles/files/Compendium_Packaging_Labelling_Regulations_28_01_2022.pdf
Meat and Meat products,,Deltamethrin (Decamethrin),Pesticide residue,0.5,mg/kg (MRL),Meat and Meat products,"FSSAI (Contaminants, Toxins and Residues) Regulations, 2011 - Version VI (27.01.2022)",FSSAI,Compendium_Contaminants_Regulations_28_01_2022-FSSAI.pdf,22.0,https://www.fssai.gov.in/upload/uploadfiles/files/Compendium_Packaging_Labelling_Regulations_28_01_2022.pdf
Cardamom,,Diafenthiuron,Pesticide residue,0.5,mg/kg (MRL),Cardamom,"FSSAI (Contaminants, Toxins and Residues) Regulations, 2011 - Version VI (27.01.2022)",FSSAI,Compendium_Contaminants_Regulations_28_01_2022-FSSAI.pdf,22.0,https://www.fssai.gov.in/upload/uploadfiles/files/Compendium_Packaging_Labelling_Regulations_28_01_2022.pdf
Brinjal,,Diafenthiuron,Pesticide residue,1,mg/kg (MRL),Brinjal,"FSSAI (Contaminants, Toxins and Residues) Regulations, 2011 - Version VI (27.01.2022)",FSSAI,Compendium_Contaminants_Regulations_28_01_2022-FSSAI.pdf,22.0,https://www.fssai.gov.in/upload/uploadfiles/files/Compendium_Packaging_Labelling_Regulations_28_01_2022.pdf
Chilli,,Diafenthiuron,Pesticide residue,0.05,mg/kg (MRL),Chilli,"FSSAI (Contaminants, Toxins and Residues) Regulations, 2011 - Version VI (27.01.2022)",FSSAI,Compendium_Contaminants_Regulations_28_01_2022-FSSAI.pdf,22.0,https://www.fssai.gov.in/upload/uploadfiles/files/Compendium_Packaging_Labelling_Regulations_28_01_2022.pdf
Dried Chilli,,Diafenthiuron,Pesticide residue,0.5,mg/kg (MRL),Dried Chilli,"FSSAI (Contaminants, Toxins and Residues) Regulations, 2011 - Version VI (27.01.2022)",FSSAI,Compendium_Contaminants_Regulations_28_01_2022-FSSAI.pdf,22.0,https://www.fssai.gov.in/upload/uploadfiles/files/Compendium_Packaging_Labelling_Regulations_28_01_2022.pdf
Cotton seed Oil,,Diafenthiuron,Pesticide residue,1,mg/kg (MRL),Cotton seed Oil,"FSSAI (Contaminants, Toxins and Residues) Regulations, 2011 - Version VI (27.01.2022)",FSSAI,Compendium_Contaminants_Regulations_28_01_2022-FSSAI.pdf,22.0,https://www.fssai.gov.in/upload/uploadfiles/files/Compendium_Packaging_Labelling_Regulations_28_01_2022.pdf
Cabbage,,Diafenthiuron,Pesticide residue,1,mg/kg (MRL),Cabbage,"FSSAI (Contaminants, Toxins and Residues) Regulations, 2011 - Version VI (27.01.2022)",FSSAI,Compendium_Contaminants_Regulations_28_01_2022-FSSAI.pdf,22.0,https://www.fssai.gov.in/upload/uploadfiles/files/Compendium_Packaging_Labelling_Regulations_28_01_2022.pdf
Citrus,,Diafenthiuron,Pesticide residue,0.2,mg/kg (MRL),Citrus,"FSSAI (Contaminants, Toxins and Residues) Regulations, 2011 - Version VI (27.01.2022)",FSSAI,Compendium_Contaminants_Regulations_28_01_2022-FSSAI.pdf,22.0,https://www.fssai.gov.in/upload/uploadfiles/files/Compendium_Packaging_Labelling_Regulations_28_01_2022.pdf
"chloroacetaldehyde (D.C.A.) be reported where possible) Food grains Wheat-7.0, Rice-7.0 and other Food grains",,Dichlorvos (DDVP) (content of di-,Pesticide residue,1,mg/kg (MRL),"chloroacetaldehyde (D.C.A.) be reported where possible) Food grains Wheat-7.0, Rice-7.0 and other Food grains","FSSAI (Contaminants, Toxins and Residues) Regulations, 2011 - Version VI (27.01.2022)",FSSAI,Compendium_Contaminants_Regulations_28_01_2022-FSSAI.pdf,22.0,https://www.fssai.gov.in/upload/uploadfiles/files/Compendium_Packaging_Labelling_Regulations_28_01_2022.pdf
Milled food grains,,Dichlorvos (DDVP) (content of di-,Pesticide residue,0.25,mg/kg (MRL),Milled food grains,"FSSAI (Contaminants, Toxins and Residues) Regulations, 2011 - Version VI (27.01.2022)",FSSAI,Compendium_Contaminants_Regulations_28_01_2022-FSSAI.pdf,22.0,https://www.fssai.gov.in/upload/uploadfiles/files/Compendium_Packaging_Labelling_Regulations_28_01_2022.pdf
Vegetables,,Dichlorvos (DDVP) (content of di-,Pesticide residue,0.15,mg/kg (MRL),Vegetables,"FSSAI (Contaminants, Toxins and Residues) Regulations, 2011 - Version VI (27.01.2022)",FSSAI,Compendium_Contaminants_Regulations_28_01_2022-FSSAI.pdf,22.0,https://www.fssai.gov.in/upload/uploadfiles/files/Compendium_Packaging_Labelling_Regulations_28_01_2022.pdf
Fruits,,Dichlorvos (DDVP) (content of di-,Pesticide residue,0.1,mg/kg (MRL),Fruits,"FSSAI (Contaminants, Toxins and Residues) Regulations, 2011 - Version VI (27.01.2022)",FSSAI,Compendium_Contaminants_Regulations_28_01_2022-FSSAI.pdf,23.0,https://www.fssai.gov.in/upload/uploadfiles/files/Compendium_Packaging_Labelling_Regulations_28_01_2022.pdf
Milk and Milk products,,Dichlorvos (DDVP) (content of di-,Pesticide residue,0.01,mg/kg (MRL),Milk and Milk products,"FSSAI (Contaminants, Toxins and Residues) Regulations, 2011 - Version VI (27.01.2022)",FSSAI,Compendium_Contaminants_Regulations_28_01_2022-FSSAI.pdf,23.0,https://www.fssai.gov.in/upload/uploadfiles/files/Compendium_Packaging_Labelling_Regulations_28_01_2022.pdf
Groundnut seeds,,Dichlorvos (DDVP) (content of di-,Pesticide residue,0.05,mg/kg (MRL),Groundnut seeds,"FSSAI (Contaminants, Toxins and Residues) Regulations, 2011 - Version VI (27.01.2022)",FSSAI,Compendium_Contaminants_Regulations_28_01_2022-FSSAI.pdf,23.0,https://www.fssai.gov.in/upload/uploadfiles/files/Compendium_Packaging_Labelling_Regulations_28_01_2022.pdf
Groundnut Oil,,Dichlorvos (DDVP) (content of di-,Pesticide residue,0.2,mg/kg (MRL),Groundnut Oil,"FSSAI (Contaminants, Toxins and Residues) Regulations, 2011 - Version VI (27.01.2022)",FSSAI,Compendium_Contaminants_Regulations_28_01_2022-FSSAI.pdf,23.0,https://www.fssai.gov.in/upload/uploadfiles/files/Compendium_Packaging_Labelling_Regulations_28_01_2022.pdf
diclofop acid expressed as diclofop-methyl)” Wheat,,Diclofop (sum diclofop-methyl and,Pesticide residue,0.1,mg/kg (MRL),diclofop acid expressed as diclofop-methyl)” Wheat,"FSSAI (Contaminants, Toxins and Residues) Regulations, 2011 - Version VI (27.01.2022)",FSSAI,Compendium_Contaminants_Regulations_28_01_2022-FSSAI.pdf,23.0,https://www.fssai.gov.in/upload/uploadfiles/files/Compendium_Packaging_Labelling_Regulations_28_01_2022.pdf
Soya bean,,Diclosulam,Pesticide residue,0.05*,mg/kg (MRL),Soya bean,"FSSAI (Contaminants, Toxins and Residues) Regulations, 2011 - Version VI (27.01.2022)",FSSAI,Compendium_Contaminants_Regulations_28_01_2022-FSSAI.pdf,23.0,https://www.fssai.gov.in/upload/uploadfiles/files/Compendium_Packaging_Labelling_Regulations_28_01_2022.pdf
isomers)” Fruits and Vegetables,,"Dicofol (sum of o,p' and p,p'",Pesticide residue,5,mg/kg (MRL),isomers)” Fruits and Vegetables,"FSSAI (Contaminants, Toxins and Residues) Regulations, 2011 - Version VI (27.01.2022)",FSSAI,Compendium_Contaminants_Regulations_28_01_2022-FSSAI.pdf,23.0,https://www.fssai.gov.in/upload/uploadfiles/files/Compendium_Packaging_Labelling_Regulations_28_01_2022.pdf
Tea,,"Dicofol (sum of o,p' and p,p'",Pesticide residue,40,mg/kg (MRL),Tea,"FSSAI (Contaminants, Toxins and Residues) Regulations, 2011 - Version VI (27.01.2022)",FSSAI,Compendium_Contaminants_Regulations_28_01_2022-FSSAI.pdf,23.0,https://www.fssai.gov.in/upload/uploadfiles/files/Compendium_Packaging_Labelling_Regulations_28_01_2022.pdf
Chilli,,"Dicofol (sum of o,p' and p,p'",Pesticide residue,1,mg/kg (MRL),Chilli,"FSSAI (Contaminants, Toxins and Residues) Regulations, 2011 - Version VI (27.01.2022)",FSSAI,Compendium_Contaminants_Regulations_28_01_2022-FSSAI.pdf,23.0,https://www.fssai.gov.in/upload/uploadfiles/files/Compendium_Packaging_Labelling_Regulations_28_01_2022.pdf
Dried Chilli,,"Dicofol (sum of o,p' and p,p'",Pesticide residue,10,mg/kg (MRL),Dried Chilli,"FSSAI (Contaminants, Toxins and Residues) Regulations, 2011 - Version VI (27.01.2022)",FSSAI,Compendium_Contaminants_Regulations_28_01_2022-FSSAI.pdf,23.0,https://www.fssai.gov.in/upload/uploadfiles/files/Compendium_Packaging_Labelling_Regulations_28_01_2022.pdf
Chilli,,Difenoconazole,Pesticide residue,0.01,mg/kg (MRL),Chilli,"FSSAI (Contaminants, Toxins and Residues) Regulations, 2011 - Version VI (27.01.2022)",FSSAI,Compendium_Contaminants_Regulations_28_01_2022-FSSAI.pdf,23.0,https://www.fssai.gov.in/upload/uploadfiles/files/Compendium_Packaging_Labelling_Regulations_28_01_2022.pdf
Dried Chilli,,Difenoconazole,Pesticide residue,0.1,mg/kg (MRL),Dried Chilli,"FSSAI (Contaminants, Toxins and Residues) Regulations, 2011 - Version VI (27.01.2022)",FSSAI,Compendium_Contaminants_Regulations_28_01_2022-FSSAI.pdf,23.0,https://www.fssai.gov.in/upload/uploadfiles/files/Compendium_Packaging_Labelling_Regulations_28_01_2022.pdf
Rice,,Difenoconazole,Pesticide residue,0.01,mg/kg (MRL),Rice,"FSSAI (Contaminants, Toxins and Residues) Regulations, 2011 - Version VI (27.01.2022)",FSSAI,Compendium_Contaminants_Regulations_28_01_2022-FSSAI.pdf,23.0,https://www.fssai.gov.in/upload/uploadfiles/files/Compendium_Packaging_Labelling_Regulations_28_01_2022.pdf
Pomegranate,,Difenoconazole,Pesticide residue,0.8,mg/kg (MRL),Pomegranate,"FSSAI (Contaminants, Toxins and Residues) Regulations, 2011 - Version VI (27.01.2022)",FSSAI,Compendium_Contaminants_Regulations_28_01_2022-FSSAI.pdf,23.0,https://www.fssai.gov.in/upload/uploadfiles/files/Compendium_Packaging_Labelling_Regulations_28_01_2022.pdf
Milk and Milk products,,Difenoconazole,Pesticide residue,0.02,mg/kg (MRL),Milk and Milk products,"FSSAI (Contaminants, Toxins and Residues) Regulations, 2011 - Version VI (27.01.2022)",FSSAI,Compendium_Contaminants_Regulations_28_01_2022-FSSAI.pdf,23.0,https://www.fssai.gov.in/upload/uploadfiles/files/Compendium_Packaging_Labelling_Regulations_28_01_2022.pdf
Meat and Meat products,,Difenoconazole,Pesticide residue,0.2,mg/kg (MRL),Meat and Meat products,"FSSAI (Contaminants, Toxins and Residues) Regulations, 2011 - Version VI (27.01.2022)",FSSAI,Compendium_Contaminants_Regulations_28_01_2022-FSSAI.pdf,23.0,https://www.fssai.gov.in/upload/uploadfiles/files/Compendium_Packaging_Labelling_Regulations_28_01_2022.pdf
Apple,,Difenoconazole,Pesticide residue,0.01,mg/kg (MRL),Apple,"FSSAI (Contaminants, Toxins and Residues) Regulations, 2011 - Version VI (27.01.2022)",FSSAI,Compendium_Contaminants_Regulations_28_01_2022-FSSAI.pdf,23.0,https://www.fssai.gov.in/upload/uploadfiles/files/Compendium_Packaging_Labelling_Regulations_28_01_2022.pdf
Grapes,,Difenoconazole,Pesticide residue,3,mg/kg (MRL),Grapes,"FSSAI (Contaminants, Toxins and Residues) Regulations, 2011 - Version VI (27.01.2022)",FSSAI,Compendium_Contaminants_Regulations_28_01_2022-FSSAI.pdf,23.0,https://www.fssai.gov.in/upload/uploadfiles/files/Compendium_Packaging_Labelling_Regulations_28_01_2022.pdf
Maize,,Difenoconazole,Pesticide residue,0.01*,mg/kg (MRL),Maize,"FSSAI (Contaminants, Toxins and Residues) Regulations, 2011 - Version VI (27.01.2022)",FSSAI,Compendium_Contaminants_Regulations_28_01_2022-FSSAI.pdf,23.0,https://www.fssai.gov.in/upload/uploadfiles/files/Compendium_Packaging_Labelling_Regulations_28_01_2022.pdf
Wheat,,Difenoconazole,Pesticide residue,0.02,mg/kg (MRL),Wheat,"FSSAI (Contaminants, Toxins and Residues) Regulations, 2011 - Version VI (27.01.2022)",FSSAI,Compendium_Contaminants_Regulations_28_01_2022-FSSAI.pdf,23.0,https://www.fssai.gov.in/upload/uploadfiles/files/Compendium_Packaging_Labelling_Regulations_28_01_2022.pdf
Tomato,,Difenoconazole,Pesticide residue,0.2,mg/kg (MRL),Tomato,"FSSAI (Contaminants, Toxins and Residues) Regulations, 2011 - Version VI (27.01.2022)",FSSAI,Compendium_Contaminants_Regulations_28_01_2022-FSSAI.pdf,23.0,https://www.fssai.gov.in/upload/uploadfiles/files/Compendium_Packaging_Labelling_Regulations_28_01_2022.pdf
Cotton seed,,Diflubenzuron,Pesticide residue,0.2,mg/kg (MRL),Cotton seed,"FSSAI (Contaminants, Toxins and Residues) Regulations, 2011 - Version VI (27.01.2022)",FSSAI,Compendium_Contaminants_Regulations_28_01_2022-FSSAI.pdf,23.0,https://www.fssai.gov.in/upload/uploadfiles/files/Compendium_Packaging_Labelling_Regulations_28_01_2022.pdf
Mustard,,Dimethoate,Pesticide residue,0.01,mg/kg (MRL),Mustard,"FSSAI (Contaminants, Toxins and Residues) Regulations, 2011 - Version VI (27.01.2022)",FSSAI,Compendium_Contaminants_Regulations_28_01_2022-FSSAI.pdf,23.0,https://www.fssai.gov.in/upload/uploadfiles/files/Compendium_Packaging_Labelling_Regulations_28_01_2022.pdf
Fruits and Vegetables,,Dimethoate,Pesticide residue,2,mg/kg (MRL),Fruits and Vegetables,"FSSAI (Contaminants, Toxins and Residues) Regulations, 2011 - Version VI (27.01.2022)",FSSAI,Compendium_Contaminants_Regulations_28_01_2022-FSSAI.pdf,23.0,https://www.fssai.gov.in/upload/uploadfiles/files/Compendium_Packaging_Labelling_Regulations_28_01_2022.pdf
Chilli,,Dimethoate,Pesticide residue,0.5,mg/kg (MRL),Chilli,"FSSAI (Contaminants, Toxins and Residues) Regulations, 2011 - Version VI (27.01.2022)",FSSAI,Compendium_Contaminants_Regulations_28_01_2022-FSSAI.pdf,23.0,https://www.fssai.gov.in/upload/uploadfiles/files/Compendium_Packaging_Labelling_Regulations_28_01_2022.pdf
Dried Chilli,,Dimethoate,Pesticide residue,5,mg/kg (MRL),Dried Chilli,"FSSAI (Contaminants, Toxins and Residues) Regulations, 2011 - Version VI (27.01.2022)",FSSAI,Compendium_Contaminants_Regulations_28_01_2022-FSSAI.pdf,23.0,https://www.fssai.gov.in/upload/uploadfiles/files/Compendium_Packaging_Labelling_Regulations_28_01_2022.pdf
Milk and Milk products,,Dimethoate,Pesticide residue,0.05,mg/kg (MRL),Milk and Milk products,"FSSAI (Contaminants, Toxins and Residues) Regulations, 2011 - Version VI (27.01.2022)",FSSAI,Compendium_Contaminants_Regulations_28_01_2022-FSSAI.pdf,23.0,https://www.fssai.gov.in/upload/uploadfiles/files/Compendium_Packaging_Labelling_Regulations_28_01_2022.pdf
Meat and Meat products,,Dimethoate,Pesticide residue,0.05,mg/kg (MRL),Meat and Meat products,"FSSAI (Contaminants, Toxins and Residues) Regulations, 2011 - Version VI (27.01.2022)",FSSAI,Compendium_Contaminants_Regulations_28_01_2022-FSSAI.pdf,23.0,https://www.fssai.gov.in/upload/uploadfiles/files/Compendium_Packaging_Labelling_Regulations_28_01_2022.pdf
Grapes,,Dimethomorph,Pesticide residue,2,mg/kg (MRL),Grapes,"FSSAI (Contaminants, Toxins and Residues) Regulations, 2011 - Version VI (27.01.2022)",FSSAI,Compendium_Contaminants_Regulations_28_01_2022-FSSAI.pdf,23.0,https://www.fssai.gov.in/upload/uploadfiles/files/Compendium_Packaging_Labelling_Regulations_28_01_2022.pdf
Potato,,Dimethomorph,Pesticide residue,0.05,mg/kg (MRL),Potato,"FSSAI (Contaminants, Toxins and Residues) Regulations, 2011 - Version VI (27.01.2022)",FSSAI,Compendium_Contaminants_Regulations_28_01_2022-FSSAI.pdf,23.0,https://www.fssai.gov.in/upload/uploadfiles/files/Compendium_Packaging_Labelling_Regulations_28_01_2022.pdf
Cucumber,,Dimethomorph,Pesticide residue,0.2,mg/kg (MRL),Cucumber,"FSSAI (Contaminants, Toxins and Residues) Regulations, 2011 - Version VI (27.01.2022)",FSSAI,Compendium_Contaminants_Regulations_28_01_2022-FSSAI.pdf,23.0,https://www.fssai.gov.in/upload/uploadfiles/files/Compendium_Packaging_Labelling_Regulations_28_01_2022.pdf
Tomato,,Dimethomorph,Pesticide residue,0.2,mg/kg (MRL),Tomato,"FSSAI (Contaminants, Toxins and Residues) Regulations, 2011 - Version VI (27.01.2022)",FSSAI,Compendium_Contaminants_Regulations_28_01_2022-FSSAI.pdf,23.0,https://www.fssai.gov.in/upload/uploadfiles/files/Compendium_Packaging_Labelling_Regulations_28_01_2022.pdf
Mango,,Dinocap,Pesticide residue,0.1,mg/kg (MRL),Mango,"FSSAI (Contaminants, Toxins and Residues) Regulations, 2011 - Version VI (27.01.2022)",FSSAI,Compendium_Contaminants_Regulations_28_01_2022-FSSAI.pdf,23.0,https://www.fssai.gov.in/upload/uploadfiles/files/Compendium_Packaging_Labelling_Regulations_28_01_2022.pdf
Rice,,Dinotefuran,Pesticide residue,8,mg/kg (MRL),Rice,"FSSAI (Contaminants, Toxins and Residues) Regulations, 2011 - Version VI (27.01.2022)",FSSAI,Compendium_Contaminants_Regulations_28_01_2022-FSSAI.pdf,23.0,https://www.fssai.gov.in/upload/uploadfiles/files/Compendium_Packaging_Labelling_Regulations_28_01_2022.pdf
Cotton seed Oil,,Dinotefuran,Pesticide residue,0.05*,mg/kg (MRL),Cotton seed Oil,"FSSAI (Contaminants, Toxins and Residues) Regulations, 2011 - Version VI (27.01.2022)",FSSAI,Compendium_Contaminants_Regulations_28_01_2022-FSSAI.pdf,23.0,https://www.fssai.gov.in/upload/uploadfiles/files/Compendium_Packaging_Labelling_Regulations_28_01_2022.pdf
Milk and Milk products,,Dinotefuran,Pesticide residue,0.1,mg/kg (MRL),Milk and Milk products,"FSSAI (Contaminants, Toxins and Residues) Regulations, 2011 - Version VI (27.01.2022)",FSSAI,Compendium_Contaminants_Regulations_28_01_2022-FSSAI.pdf,23.0,https://www.fssai.gov.in/upload/uploadfiles/files/Compendium_Packaging_Labelling_Regulations_28_01_2022.pdf
Apple,,Dithianon,Pesticide residue,0.1,mg/kg (MRL),Apple,"FSSAI (Contaminants, Toxins and Residues) Regulations, 2011 - Version VI (27.01.2022)",FSSAI,Compendium_Contaminants_Regulations_28_01_2022-FSSAI.pdf,23.0,https://www.fssai.gov.in/upload/uploadfiles/files/Compendium_Packaging_Labelling_Regulations_28_01_2022.pdf
tolerance limit are determined and expressed as mg/CS2/kg and refer separately to the residues arising from any or each group of dithiocarbamates) Chilli,,Dithiocarbamates(the residue,Pesticide residue,1,mg/kg (MRL),tolerance limit are determined and expressed as mg/CS2/kg and refer separately to the residues arising from any or each group of dithiocarbamates) Chilli,"FSSAI (Contaminants, Toxins and Residues) Regulations, 2011 - Version VI (27.01.2022)",FSSAI,Compendium_Contaminants_Regulations_28_01_2022-FSSAI.pdf,23.0,https://www.fssai.gov.in/upload/uploadfiles/files/Compendium_Packaging_Labelling_Regulations_28_01_2022.pdf
Dry chilli,,Dithiocarbamates(the residue,Pesticide residue,10,mg/kg (MRL),Dry chilli,"FSSAI (Contaminants, Toxins and Residues) Regulations, 2011 - Version VI (27.01.2022)",FSSAI,Compendium_Contaminants_Regulations_28_01_2022-FSSAI.pdf,23.0,https://www.fssai.gov.in/upload/uploadfiles/files/Compendium_Packaging_Labelling_Regulations_28_01_2022.pdf
Food grains Wheat-1.0 and other Food Grains,,Dithiocarbamates(the residue,Pesticide residue,0.2,mg/kg (MRL),Food grains Wheat-1.0 and other Food Grains,"FSSAI (Contaminants, Toxins and Residues) Regulations, 2011 - Version VI (27.01.2022)",FSSAI,Compendium_Contaminants_Regulations_28_01_2022-FSSAI.pdf,23.0,https://www.fssai.gov.in/upload/uploadfiles/files/Compendium_Packaging_Labelling_Regulations_28_01_2022.pdf
Milled food grains,,Dithiocarbamates(the residue,Pesticide residue,0.05,mg/kg (MRL),Milled food grains,"FSSAI (Contaminants, Toxins and Residues) Regulations, 2011 - Version VI (27.01.2022)",FSSAI,Compendium_Contaminants_Regulations_28_01_2022-FSSAI.pdf,23.0,https://www.fssai.gov.in/upload/uploadfiles/files/Compendium_Packaging_Labelling_Regulations_28_01_2022.pdf
Potato,,Dithiocarbamates(the residue,Pesticide residue,0.2,mg/kg (MRL),Potato,"FSSAI (Contaminants, Toxins and Residues) Regulations, 2011 - Version VI (27.01.2022)",FSSAI,Compendium_Contaminants_Regulations_28_01_2022-FSSAI.pdf,23.0,https://www.fssai.gov.in/upload/uploadfiles/files/Compendium_Packaging_Labelling_Regulations_28_01_2022.pdf
(b) Ethylene bis- dithiocarbamates Cherries,,Dithiocarbamates(the residue,Pesticide residue,1,mg/kg (MRL),(b) Ethylene bis- dithiocarbamates Cherries,"FSSAI (Contaminants, Toxins and Residues) Regulations, 2011 - Version VI (27.01.2022)",FSSAI,Compendium_Contaminants_Regulations_28_01_2022-FSSAI.pdf,23.0,https://www.fssai.gov.in/upload/uploadfiles/files/Compendium_Packaging_Labelling_Regulations_28_01_2022.pdf
"resulting from the use of mancozeb, maneb or zineb (including zineb derived from nabam plus zinc sulphate) Other fruits 3 (c) Mancozeb Chilli",,Dithiocarbamates(the residue,Pesticide residue,1,mg/kg (MRL),"resulting from the use of mancozeb, maneb or zineb (including zineb derived from nabam plus zinc sulphate) Other fruits 3 (c) Mancozeb Chilli","FSSAI (Contaminants, Toxins and Residues) Regulations, 2011 - Version VI (27.01.2022)",FSSAI,Compendium_Contaminants_Regulations_28_01_2022-FSSAI.pdf,24.0,https://www.fssai.gov.in/upload/uploadfiles/files/Compendium_Packaging_Labelling_Regulations_28_01_2022.pdf
Dried Chilli,,Dithiocarbamates(the residue,Pesticide residue,10,mg/kg (MRL),Dried Chilli,"FSSAI (Contaminants, Toxins and Residues) Regulations, 2011 - Version VI (27.01.2022)",FSSAI,Compendium_Contaminants_Regulations_28_01_2022-FSSAI.pdf,24.0,https://www.fssai.gov.in/upload/uploadfiles/files/Compendium_Packaging_Labelling_Regulations_28_01_2022.pdf
Cauliflower,,Dithiocarbamates(the residue,Pesticide residue,0.02,mg/kg (MRL),Cauliflower,"FSSAI (Contaminants, Toxins and Residues) Regulations, 2011 - Version VI (27.01.2022)",FSSAI,Compendium_Contaminants_Regulations_28_01_2022-FSSAI.pdf,24.0,https://www.fssai.gov.in/upload/uploadfiles/files/Compendium_Packaging_Labelling_Regulations_28_01_2022.pdf
Groundnut,,Dithiocarbamates(the residue,Pesticide residue,0.1,mg/kg (MRL),Groundnut,"FSSAI (Contaminants, Toxins and Residues) Regulations, 2011 - Version VI (27.01.2022)",FSSAI,Compendium_Contaminants_Regulations_28_01_2022-FSSAI.pdf,24.0,https://www.fssai.gov.in/upload/uploadfiles/files/Compendium_Packaging_Labelling_Regulations_28_01_2022.pdf
Cumin,,Dithiocarbamates(the residue,Pesticide residue,10,mg/kg (MRL),Cumin,"FSSAI (Contaminants, Toxins and Residues) Regulations, 2011 - Version VI (27.01.2022)",FSSAI,Compendium_Contaminants_Regulations_28_01_2022-FSSAI.pdf,24.0,https://www.fssai.gov.in/upload/uploadfiles/files/Compendium_Packaging_Labelling_Regulations_28_01_2022.pdf
Black pepper,,Dithiocarbamates(the residue,Pesticide residue,2,mg/kg (MRL),Black pepper,"FSSAI (Contaminants, Toxins and Residues) Regulations, 2011 - Version VI (27.01.2022)",FSSAI,Compendium_Contaminants_Regulations_28_01_2022-FSSAI.pdf,24.0,https://www.fssai.gov.in/upload/uploadfiles/files/Compendium_Packaging_Labelling_Regulations_28_01_2022.pdf
Mustard seed,,Dithiocarbamates(the residue,Pesticide residue,0.1,mg/kg (MRL),Mustard seed,"FSSAI (Contaminants, Toxins and Residues) Regulations, 2011 - Version VI (27.01.2022)",FSSAI,Compendium_Contaminants_Regulations_28_01_2022-FSSAI.pdf,24.0,https://www.fssai.gov.in/upload/uploadfiles/files/Compendium_Packaging_Labelling_Regulations_28_01_2022.pdf
Gherkin,,Dithiocarbamates(the residue,Pesticide residue,0.1*,mg/kg (MRL),Gherkin,"FSSAI (Contaminants, Toxins and Residues) Regulations, 2011 - Version VI (27.01.2022)",FSSAI,Compendium_Contaminants_Regulations_28_01_2022-FSSAI.pdf,24.0,https://www.fssai.gov.in/upload/uploadfiles/files/Compendium_Packaging_Labelling_Regulations_28_01_2022.pdf
Onion,,Dithiocarbamates(the residue,Pesticide residue,4,mg/kg (MRL),Onion,"FSSAI (Contaminants, Toxins and Residues) Regulations, 2011 - Version VI (27.01.2022)",FSSAI,Compendium_Contaminants_Regulations_28_01_2022-FSSAI.pdf,24.0,https://www.fssai.gov.in/upload/uploadfiles/files/Compendium_Packaging_Labelling_Regulations_28_01_2022.pdf
Milk and Milk products,,Dithiocarbamates(the residue,Pesticide residue,0.05,mg/kg (MRL),Milk and Milk products,"FSSAI (Contaminants, Toxins and Residues) Regulations, 2011 - Version VI (27.01.2022)",FSSAI,Compendium_Contaminants_Regulations_28_01_2022-FSSAI.pdf,24.0,https://www.fssai.gov.in/upload/uploadfiles/files/Compendium_Packaging_Labelling_Regulations_28_01_2022.pdf
Meat and Meat products,,Dithiocarbamates(the residue,Pesticide residue,0.1,mg/kg (MRL),Meat and Meat products,"FSSAI (Contaminants, Toxins and Residues) Regulations, 2011 - Version VI (27.01.2022)",FSSAI,Compendium_Contaminants_Regulations_28_01_2022-FSSAI.pdf,24.0,https://www.fssai.gov.in/upload/uploadfiles/files/Compendium_Packaging_Labelling_Regulations_28_01_2022.pdf
Mango,,Dithiocarbamates(the residue,Pesticide residue,2,mg/kg (MRL),Mango,"FSSAI (Contaminants, Toxins and Residues) Regulations, 2011 - Version VI (27.01.2022)",FSSAI,Compendium_Contaminants_Regulations_28_01_2022-FSSAI.pdf,24.0,https://www.fssai.gov.in/upload/uploadfiles/files/Compendium_Packaging_Labelling_Regulations_28_01_2022.pdf
Grapes,,Dithiocarbamates(the residue,Pesticide residue,5,mg/kg (MRL),Grapes,"FSSAI (Contaminants, Toxins and Residues) Regulations, 2011 - Version VI (27.01.2022)",FSSAI,Compendium_Contaminants_Regulations_28_01_2022-FSSAI.pdf,24.0,https://www.fssai.gov.in/upload/uploadfiles/files/Compendium_Packaging_Labelling_Regulations_28_01_2022.pdf
Citrus,,Dithiocarbamates(the residue,Pesticide residue,0.05*,mg/kg (MRL),Citrus,"FSSAI (Contaminants, Toxins and Residues) Regulations, 2011 - Version VI (27.01.2022)",FSSAI,Compendium_Contaminants_Regulations_28_01_2022-FSSAI.pdf,24.0,https://www.fssai.gov.in/upload/uploadfiles/files/Compendium_Packaging_Labelling_Regulations_28_01_2022.pdf
Cucumber,,Dithiocarbamates(the residue,Pesticide residue,0.4,mg/kg (MRL),Cucumber,"FSSAI (Contaminants, Toxins and Residues) Regulations, 2011 - Version VI (27.01.2022)",FSSAI,Compendium_Contaminants_Regulations_28_01_2022-FSSAI.pdf,24.0,https://www.fssai.gov.in/upload/uploadfiles/files/Compendium_Packaging_Labelling_Regulations_28_01_2022.pdf
Tea,,Dithiocarbamates(the residue,Pesticide residue,3,mg/kg (MRL),Tea,"FSSAI (Contaminants, Toxins and Residues) Regulations, 2011 - Version VI (27.01.2022)",FSSAI,Compendium_Contaminants_Regulations_28_01_2022-FSSAI.pdf,24.0,https://www.fssai.gov.in/upload/uploadfiles/files/Compendium_Packaging_Labelling_Regulations_28_01_2022.pdf
Rice,,Dithiocarbamates(the residue,Pesticide residue,0.5*,mg/kg (MRL),Rice,"FSSAI (Contaminants, Toxins and Residues) Regulations, 2011 - Version VI (27.01.2022)",FSSAI,Compendium_Contaminants_Regulations_28_01_2022-FSSAI.pdf,24.0,https://www.fssai.gov.in/upload/uploadfiles/files/Compendium_Packaging_Labelling_Regulations_28_01_2022.pdf
(d) Metiram as CS2 Chilli,,Dithiocarbamates(the residue,Pesticide residue,1,mg/kg (MRL),(d) Metiram as CS2 Chilli,"FSSAI (Contaminants, Toxins and Residues) Regulations, 2011 - Version VI (27.01.2022)",FSSAI,Compendium_Contaminants_Regulations_28_01_2022-FSSAI.pdf,24.0,https://www.fssai.gov.in/upload/uploadfiles/files/Compendium_Packaging_Labelling_Regulations_28_01_2022.pdf
Dry chilli,,Dithiocarbamates(the residue,Pesticide residue,10,mg/kg (MRL),Dry chilli,"FSSAI (Contaminants, Toxins and Residues) Regulations, 2011 - Version VI (27.01.2022)",FSSAI,Compendium_Contaminants_Regulations_28_01_2022-FSSAI.pdf,24.0,https://www.fssai.gov.in/upload/uploadfiles/files/Compendium_Packaging_Labelling_Regulations_28_01_2022.pdf
Grapes,,Dithiocarbamates(the residue,Pesticide residue,5,mg/kg (MRL),Grapes,"FSSAI (Contaminants, Toxins and Residues) Regulations, 2011 - Version VI (27.01.2022)",FSSAI,Compendium_Contaminants_Regulations_28_01_2022-FSSAI.pdf,24.0,https://www.fssai.gov.in/upload/uploadfiles/files/Compendium_Packaging_Labelling_Regulations_28_01_2022.pdf
Potato,,Dithiocarbamates(the residue,Pesticide residue,0.2,mg/kg (MRL),Potato,"FSSAI (Contaminants, Toxins and Residues) Regulations, 2011 - Version VI (27.01.2022)",FSSAI,Compendium_Contaminants_Regulations_28_01_2022-FSSAI.pdf,24.0,https://www.fssai.gov.in/upload/uploadfiles/files/Compendium_Packaging_Labelling_Regulations_28_01_2022.pdf
Tomato,,Dithiocarbamates(the residue,Pesticide residue,5,mg/kg (MRL),Tomato,"FSSAI (Contaminants, Toxins and Residues) Regulations, 2011 - Version VI (27.01.2022)",FSSAI,Compendium_Contaminants_Regulations_28_01_2022-FSSAI.pdf,24.0,https://www.fssai.gov.in/upload/uploadfiles/files/Compendium_Packaging_Labelling_Regulations_28_01_2022.pdf
Groundnut seed,,Dithiocarbamates(the residue,Pesticide residue,0.1,mg/kg (MRL),Groundnut seed,"FSSAI (Contaminants, Toxins and Residues) Regulations, 2011 - Version VI (27.01.2022)",FSSAI,Compendium_Contaminants_Regulations_28_01_2022-FSSAI.pdf,24.0,https://www.fssai.gov.in/upload/uploadfiles/files/Compendium_Packaging_Labelling_Regulations_28_01_2022.pdf
Groundnut seed oil,,Dithiocarbamates(the residue,Pesticide residue,0.1,mg/kg (MRL),Groundnut seed oil,"FSSAI (Contaminants, Toxins and Residues) Regulations, 2011 - Version VI (27.01.2022)",FSSAI,Compendium_Contaminants_Regulations_28_01_2022-FSSAI.pdf,24.0,https://www.fssai.gov.in/upload/uploadfiles/files/Compendium_Packaging_Labelling_Regulations_28_01_2022.pdf
Milk and Milk products,,Dithiocarbamates(the residue,Pesticide residue,0.05,mg/kg (MRL),Milk and Milk products,"FSSAI (Contaminants, Toxins and Residues) Regulations, 2011 - Version VI (27.01.2022)",FSSAI,Compendium_Contaminants_Regulations_28_01_2022-FSSAI.pdf,24.0,https://www.fssai.gov.in/upload/uploadfiles/files/Compendium_Packaging_Labelling_Regulations_28_01_2022.pdf
Onion,,Dithiocarbamates(the residue,Pesticide residue,0.05*,mg/kg (MRL),Onion,"FSSAI (Contaminants, Toxins and Residues) Regulations, 2011 - Version VI (27.01.2022)",FSSAI,Compendium_Contaminants_Regulations_28_01_2022-FSSAI.pdf,24.0,https://www.fssai.gov.in/upload/uploadfiles/files/Compendium_Packaging_Labelling_Regulations_28_01_2022.pdf
Apple,,Dithiocarbamates(the residue,Pesticide residue,0.05*,mg/kg (MRL),Apple,"FSSAI (Contaminants, Toxins and Residues) Regulations, 2011 - Version VI (27.01.2022)",FSSAI,Compendium_Contaminants_Regulations_28_01_2022-FSSAI.pdf,24.0,https://www.fssai.gov.in/upload/uploadfiles/files/Compendium_Packaging_Labelling_Regulations_28_01_2022.pdf
Cotton seed,,Dithiocarbamates(the residue,Pesticide residue,0.05*,mg/kg (MRL),Cotton seed,"FSSAI (Contaminants, Toxins and Residues) Regulations, 2011 - Version VI (27.01.2022)",FSSAI,Compendium_Contaminants_Regulations_28_01_2022-FSSAI.pdf,24.0,https://www.fssai.gov.in/upload/uploadfiles/files/Compendium_Packaging_Labelling_Regulations_28_01_2022.pdf
Cotton seed Oil,,Dithiocarbamates(the residue,Pesticide residue,0.05*,mg/kg (MRL),Cotton seed Oil,"FSSAI (Contaminants, Toxins and Residues) Regulations, 2011 - Version VI (27.01.2022)",FSSAI,Compendium_Contaminants_Regulations_28_01_2022-FSSAI.pdf,24.0,https://www.fssai.gov.in/upload/uploadfiles/files/Compendium_Packaging_Labelling_Regulations_28_01_2022.pdf
Cumin,,Dithiocarbamates(the residue,Pesticide residue,10,mg/kg (MRL),Cumin,"FSSAI (Contaminants, Toxins and Residues) Regulations, 2011 - Version VI (27.01.2022)",FSSAI,Compendium_Contaminants_Regulations_28_01_2022-FSSAI.pdf,24.0,https://www.fssai.gov.in/upload/uploadfiles/files/Compendium_Packaging_Labelling_Regulations_28_01_2022.pdf
Banana,,Dithiocarbamates(the residue,Pesticide residue,2,mg/kg (MRL),Banana,"FSSAI (Contaminants, Toxins and Residues) Regulations, 2011 - Version VI (27.01.2022)",FSSAI,Compendium_Contaminants_Regulations_28_01_2022-FSSAI.pdf,24.0,https://www.fssai.gov.in/upload/uploadfiles/files/Compendium_Packaging_Labelling_Regulations_28_01_2022.pdf
Black gram,,Dithiocarbamates(the residue,Pesticide residue,0.05*,mg/kg (MRL),Black gram,"FSSAI (Contaminants, Toxins and Residues) Regulations, 2011 - Version VI (27.01.2022)",FSSAI,Compendium_Contaminants_Regulations_28_01_2022-FSSAI.pdf,24.0,https://www.fssai.gov.in/upload/uploadfiles/files/Compendium_Packaging_Labelling_Regulations_28_01_2022.pdf
Cucumber,,Dithiocarbamates(the residue,Pesticide residue,2,mg/kg (MRL),Cucumber,"FSSAI (Contaminants, Toxins and Residues) Regulations, 2011 - Version VI (27.01.2022)",FSSAI,Compendium_Contaminants_Regulations_28_01_2022-FSSAI.pdf,24.0,https://www.fssai.gov.in/upload/uploadfiles/files/Compendium_Packaging_Labelling_Regulations_28_01_2022.pdf
Pomegranate,,Dithiocarbamates(the residue,Pesticide residue,0.05*,mg/kg (MRL),Pomegranate,"FSSAI (Contaminants, Toxins and Residues) Regulations, 2011 - Version VI (27.01.2022)",FSSAI,Compendium_Contaminants_Regulations_28_01_2022-FSSAI.pdf,24.0,https://www.fssai.gov.in/upload/uploadfiles/files/Compendium_Packaging_Labelling_Regulations_28_01_2022.pdf
Green gram,,Dithiocarbamates(the residue,Pesticide residue,0.05*,mg/kg (MRL),Green gram,"FSSAI (Contaminants, Toxins and Residues) Regulations, 2011 - Version VI (27.01.2022)",FSSAI,Compendium_Contaminants_Regulations_28_01_2022-FSSAI.pdf,24.0,https://www.fssai.gov.in/upload/uploadfiles/files/Compendium_Packaging_Labelling_Regulations_28_01_2022.pdf
(e) Zineb as CS2 Turmeric,,Dithiocarbamates(the residue,Pesticide residue,2,mg/kg (MRL),(e) Zineb as CS2 Turmeric,"FSSAI (Contaminants, Toxins and Residues) Regulations, 2011 - Version VI (27.01.2022)",FSSAI,Compendium_Contaminants_Regulations_28_01_2022-FSSAI.pdf,24.0,https://www.fssai.gov.in/upload/uploadfiles/files/Compendium_Packaging_Labelling_Regulations_28_01_2022.pdf
Tea,,Dithiocarbamates(the residue,Pesticide residue,0.1*,mg/kg (MRL),Tea,"FSSAI (Contaminants, Toxins and Residues) Regulations, 2011 - Version VI (27.01.2022)",FSSAI,Compendium_Contaminants_Regulations_28_01_2022-FSSAI.pdf,24.0,https://www.fssai.gov.in/upload/uploadfiles/files/Compendium_Packaging_Labelling_Regulations_28_01_2022.pdf
Sugarcane,,Diuron,Pesticide residue,0.02,mg/kg (MRL),Sugarcane,"FSSAI (Contaminants, Toxins and Residues) Regulations, 2011 - Version VI (27.01.2022)",FSSAI,Compendium_Contaminants_Regulations_28_01_2022-FSSAI.pdf,24.0,https://www.fssai.gov.in/upload/uploadfiles/files/Compendium_Packaging_Labelling_Regulations_28_01_2022.pdf
Cottonseed,,Diuron,Pesticide residue,1,mg/kg (MRL),Cottonseed,"FSSAI (Contaminants, Toxins and Residues) Regulations, 2011 - Version VI (27.01.2022)",FSSAI,Compendium_Contaminants_Regulations_28_01_2022-FSSAI.pdf,24.0,https://www.fssai.gov.in/upload/uploadfiles/files/Compendium_Packaging_Labelling_Regulations_28_01_2022.pdf
Banana,,Diuron,Pesticide residue,0.1,mg/kg (MRL),Banana,"FSSAI (Contaminants, Toxins and Residues) Regulations, 2011 - Version VI (27.01.2022)",FSSAI,Compendium_Contaminants_Regulations_28_01_2022-FSSAI.pdf,24.0,https://www.fssai.gov.in/upload/uploadfiles/files/Compendium_Packaging_Labelling_Regulations_28_01_2022.pdf
Maize,,Diuron,Pesticide residue,0.5,mg/kg (MRL),Maize,"FSSAI (Contaminants, Toxins and Residues) Regulations, 2011 - Version VI (27.01.2022)",FSSAI,Compendium_Contaminants_Regulations_28_01_2022-FSSAI.pdf,24.0,https://www.fssai.gov.in/upload/uploadfiles/files/Compendium_Packaging_Labelling_Regulations_28_01_2022.pdf
Citrus (Sweet Orange),,Diuron,Pesticide residue,1,mg/kg (MRL),Citrus (Sweet Orange),"FSSAI (Contaminants, Toxins and Residues) Regulations, 2011 - Version VI (27.01.2022)",FSSAI,Compendium_Contaminants_Regulations_28_01_2022-FSSAI.pdf,24.0,https://www.fssai.gov.in/upload/uploadfiles/files/Compendium_Packaging_Labelling_Regulations_28_01_2022.pdf
Grapes,,Diuron,Pesticide residue,1,mg/kg (MRL),Grapes,"FSSAI (Contaminants, Toxins and Residues) Regulations, 2011 - Version VI (27.01.2022)",FSSAI,Compendium_Contaminants_Regulations_28_01_2022-FSSAI.pdf,24.0,https://www.fssai.gov.in/upload/uploadfiles/files/Compendium_Packaging_Labelling_Regulations_28_01_2022.pdf
Apple,,Dodine,Pesticide residue,5,mg/kg (MRL),Apple,"FSSAI (Contaminants, Toxins and Residues) Regulations, 2011 - Version VI (27.01.2022)",FSSAI,Compendium_Contaminants_Regulations_28_01_2022-FSSAI.pdf,24.0,https://www.fssai.gov.in/upload/uploadfiles/files/Compendium_Packaging_Labelling_Regulations_28_01_2022.pdf
Rice,,Edifenphos,Pesticide residue,0.02,mg/kg (MRL),Rice,"FSSAI (Contaminants, Toxins and Residues) Regulations, 2011 - Version VI (27.01.2022)",FSSAI,Compendium_Contaminants_Regulations_28_01_2022-FSSAI.pdf,25.0,https://www.fssai.gov.in/upload/uploadfiles/files/Compendium_Packaging_Labelling_Regulations_28_01_2022.pdf
Rice bran,,Edifenphos,Pesticide residue,1,mg/kg (MRL),Rice bran,"FSSAI (Contaminants, Toxins and Residues) Regulations, 2011 - Version VI (27.01.2022)",FSSAI,Compendium_Contaminants_Regulations_28_01_2022-FSSAI.pdf,25.0,https://www.fssai.gov.in/upload/uploadfiles/files/Compendium_Packaging_Labelling_Regulations_28_01_2022.pdf
Benzoate Cotton seed,,Emamectin,Pesticide residue,0.02,mg/kg (MRL),Benzoate Cotton seed,"FSSAI (Contaminants, Toxins and Residues) Regulations, 2011 - Version VI (27.01.2022)",FSSAI,Compendium_Contaminants_Regulations_28_01_2022-FSSAI.pdf,25.0,https://www.fssai.gov.in/upload/uploadfiles/files/Compendium_Packaging_Labelling_Regulations_28_01_2022.pdf
Cotton seed oil,,Emamectin,Pesticide residue,0.02,mg/kg (MRL),Cotton seed oil,"FSSAI (Contaminants, Toxins and Residues) Regulations, 2011 - Version VI (27.01.2022)",FSSAI,Compendium_Contaminants_Regulations_28_01_2022-FSSAI.pdf,25.0,https://www.fssai.gov.in/upload/uploadfiles/files/Compendium_Packaging_Labelling_Regulations_28_01_2022.pdf
Okra,,Emamectin,Pesticide residue,0.05,mg/kg (MRL),Okra,"FSSAI (Contaminants, Toxins and Residues) Regulations, 2011 - Version VI (27.01.2022)",FSSAI,Compendium_Contaminants_Regulations_28_01_2022-FSSAI.pdf,25.0,https://www.fssai.gov.in/upload/uploadfiles/files/Compendium_Packaging_Labelling_Regulations_28_01_2022.pdf
Groundnut oil,,Emamectin,Pesticide residue,0.05,mg/kg (MRL),Groundnut oil,"FSSAI (Contaminants, Toxins and Residues) Regulations, 2011 - Version VI (27.01.2022)",FSSAI,Compendium_Contaminants_Regulations_28_01_2022-FSSAI.pdf,25.0,https://www.fssai.gov.in/upload/uploadfiles/files/Compendium_Packaging_Labelling_Regulations_28_01_2022.pdf
Milk and Milk products,,Emamectin,Pesticide residue,0.01*,mg/kg (MRL),Milk and Milk products,"FSSAI (Contaminants, Toxins and Residues) Regulations, 2011 - Version VI (27.01.2022)",FSSAI,Compendium_Contaminants_Regulations_28_01_2022-FSSAI.pdf,25.0,https://www.fssai.gov.in/upload/uploadfiles/files/Compendium_Packaging_Labelling_Regulations_28_01_2022.pdf
Tea,,Emamectin,Pesticide residue,0.01*,mg/kg (MRL),Tea,"FSSAI (Contaminants, Toxins and Residues) Regulations, 2011 - Version VI (27.01.2022)",FSSAI,Compendium_Contaminants_Regulations_28_01_2022-FSSAI.pdf,25.0,https://www.fssai.gov.in/upload/uploadfiles/files/Compendium_Packaging_Labelling_Regulations_28_01_2022.pdf
Ground nut oil,,Epoxyconazole,Pesticide residue,0.05*,mg/kg (MRL),Ground nut oil,"FSSAI (Contaminants, Toxins and Residues) Regulations, 2011 - Version VI (27.01.2022)",FSSAI,Compendium_Contaminants_Regulations_28_01_2022-FSSAI.pdf,25.0,https://www.fssai.gov.in/upload/uploadfiles/files/Compendium_Packaging_Labelling_Regulations_28_01_2022.pdf
Groundnut cake,,Epoxyconazole,Pesticide residue,0.05*,mg/kg (MRL),Groundnut cake,"FSSAI (Contaminants, Toxins and Residues) Regulations, 2011 - Version VI (27.01.2022)",FSSAI,Compendium_Contaminants_Regulations_28_01_2022-FSSAI.pdf,25.0,https://www.fssai.gov.in/upload/uploadfiles/files/Compendium_Packaging_Labelling_Regulations_28_01_2022.pdf
Maize,,Epoxyconazole,Pesticide residue,0.01*,mg/kg (MRL),Maize,"FSSAI (Contaminants, Toxins and Residues) Regulations, 2011 - Version VI (27.01.2022)",FSSAI,Compendium_Contaminants_Regulations_28_01_2022-FSSAI.pdf,25.0,https://www.fssai.gov.in/upload/uploadfiles/files/Compendium_Packaging_Labelling_Regulations_28_01_2022.pdf
Cumin,,Epoxyconazole,Pesticide residue,0.01*,mg/kg (MRL),Cumin,"FSSAI (Contaminants, Toxins and Residues) Regulations, 2011 - Version VI (27.01.2022)",FSSAI,Compendium_Contaminants_Regulations_28_01_2022-FSSAI.pdf,25.0,https://www.fssai.gov.in/upload/uploadfiles/files/Compendium_Packaging_Labelling_Regulations_28_01_2022.pdf
coffee,,Epoxyconazole,Pesticide residue,0.05*,mg/kg (MRL),coffee,"FSSAI (Contaminants, Toxins and Residues) Regulations, 2011 - Version VI (27.01.2022)",FSSAI,Compendium_Contaminants_Regulations_28_01_2022-FSSAI.pdf,25.0,https://www.fssai.gov.in/upload/uploadfiles/files/Compendium_Packaging_Labelling_Regulations_28_01_2022.pdf
wheat,,Epoxyconazole,Pesticide residue,0.01*,mg/kg (MRL),wheat,"FSSAI (Contaminants, Toxins and Residues) Regulations, 2011 - Version VI (27.01.2022)",FSSAI,Compendium_Contaminants_Regulations_28_01_2022-FSSAI.pdf,25.0,https://www.fssai.gov.in/upload/uploadfiles/files/Compendium_Packaging_Labelling_Regulations_28_01_2022.pdf
Soya bean,,Epoxyconazole,Pesticide residue,0.05*,mg/kg (MRL),Soya bean,"FSSAI (Contaminants, Toxins and Residues) Regulations, 2011 - Version VI (27.01.2022)",FSSAI,Compendium_Contaminants_Regulations_28_01_2022-FSSAI.pdf,25.0,https://www.fssai.gov.in/upload/uploadfiles/files/Compendium_Packaging_Labelling_Regulations_28_01_2022.pdf
Soya bean Oil,,Epoxyconazole,Pesticide residue,0.05*,mg/kg (MRL),Soya bean Oil,"FSSAI (Contaminants, Toxins and Residues) Regulations, 2011 - Version VI (27.01.2022)",FSSAI,Compendium_Contaminants_Regulations_28_01_2022-FSSAI.pdf,25.0,https://www.fssai.gov.in/upload/uploadfiles/files/Compendium_Packaging_Labelling_Regulations_28_01_2022.pdf
Rice,,Epoxyconazole,Pesticide residue,0.05*,mg/kg (MRL),Rice,"FSSAI (Contaminants, Toxins and Residues) Regulations, 2011 - Version VI (27.01.2022)",FSSAI,Compendium_Contaminants_Regulations_28_01_2022-FSSAI.pdf,25.0,https://www.fssai.gov.in/upload/uploadfiles/files/Compendium_Packaging_Labelling_Regulations_28_01_2022.pdf
Pomegranate,,Ethephon,Pesticide residue,0.05,mg/kg (MRL),Pomegranate,"FSSAI (Contaminants, Toxins and Residues) Regulations, 2011 - Version VI (27.01.2022)",FSSAI,Compendium_Contaminants_Regulations_28_01_2022-FSSAI.pdf,25.0,https://www.fssai.gov.in/upload/uploadfiles/files/Compendium_Packaging_Labelling_Regulations_28_01_2022.pdf
Pine apple,,Ethephon,Pesticide residue,2,mg/kg (MRL),Pine apple,"FSSAI (Contaminants, Toxins and Residues) Regulations, 2011 - Version VI (27.01.2022)",FSSAI,Compendium_Contaminants_Regulations_28_01_2022-FSSAI.pdf,25.0,https://www.fssai.gov.in/upload/uploadfiles/files/Compendium_Packaging_Labelling_Regulations_28_01_2022.pdf
Coffee,,Ethephon,Pesticide residue,0.1,mg/kg (MRL),Coffee,"FSSAI (Contaminants, Toxins and Residues) Regulations, 2011 - Version VI (27.01.2022)",FSSAI,Compendium_Contaminants_Regulations_28_01_2022-FSSAI.pdf,25.0,https://www.fssai.gov.in/upload/uploadfiles/files/Compendium_Packaging_Labelling_Regulations_28_01_2022.pdf
Tomato,,Ethephon,Pesticide residue,2,mg/kg (MRL),Tomato,"FSSAI (Contaminants, Toxins and Residues) Regulations, 2011 - Version VI (27.01.2022)",FSSAI,Compendium_Contaminants_Regulations_28_01_2022-FSSAI.pdf,25.0,https://www.fssai.gov.in/upload/uploadfiles/files/Compendium_Packaging_Labelling_Regulations_28_01_2022.pdf
Mango,,Ethephon,Pesticide residue,2,mg/kg (MRL),Mango,"FSSAI (Contaminants, Toxins and Residues) Regulations, 2011 - Version VI (27.01.2022)",FSSAI,Compendium_Contaminants_Regulations_28_01_2022-FSSAI.pdf,25.0,https://www.fssai.gov.in/upload/uploadfiles/files/Compendium_Packaging_Labelling_Regulations_28_01_2022.pdf
as ethion and its oxygen analogue and expressed as ethion) Gram,,Ethion(Residues to be determined,Pesticide residue,0.01,mg/kg (MRL),as ethion and its oxygen analogue and expressed as ethion) Gram,"FSSAI (Contaminants, Toxins and Residues) Regulations, 2011 - Version VI (27.01.2022)",FSSAI,Compendium_Contaminants_Regulations_28_01_2022-FSSAI.pdf,25.0,https://www.fssai.gov.in/upload/uploadfiles/files/Compendium_Packaging_Labelling_Regulations_28_01_2022.pdf
Pigeon Pea,,Ethion(Residues to be determined,Pesticide residue,0.01,mg/kg (MRL),Pigeon Pea,"FSSAI (Contaminants, Toxins and Residues) Regulations, 2011 - Version VI (27.01.2022)",FSSAI,Compendium_Contaminants_Regulations_28_01_2022-FSSAI.pdf,25.0,https://www.fssai.gov.in/upload/uploadfiles/files/Compendium_Packaging_Labelling_Regulations_28_01_2022.pdf
Soya bean Seed,,Ethion(Residues to be determined,Pesticide residue,0.01,mg/kg (MRL),Soya bean Seed,"FSSAI (Contaminants, Toxins and Residues) Regulations, 2011 - Version VI (27.01.2022)",FSSAI,Compendium_Contaminants_Regulations_28_01_2022-FSSAI.pdf,25.0,https://www.fssai.gov.in/upload/uploadfiles/files/Compendium_Packaging_Labelling_Regulations_28_01_2022.pdf
Tea,,Ethion(Residues to be determined,Pesticide residue,5,mg/kg (MRL),Tea,"FSSAI (Contaminants, Toxins and Residues) Regulations, 2011 - Version VI (27.01.2022)",FSSAI,Compendium_Contaminants_Regulations_28_01_2022-FSSAI.pdf,25.0,https://www.fssai.gov.in/upload/uploadfiles/files/Compendium_Packaging_Labelling_Regulations_28_01_2022.pdf
Cucumber and Squash,,Ethion(Residues to be determined,Pesticide residue,0.5,mg/kg (MRL),Cucumber and Squash,"FSSAI (Contaminants, Toxins and Residues) Regulations, 2011 - Version VI (27.01.2022)",FSSAI,Compendium_Contaminants_Regulations_28_01_2022-FSSAI.pdf,25.0,https://www.fssai.gov.in/upload/uploadfiles/files/Compendium_Packaging_Labelling_Regulations_28_01_2022.pdf
Other Vegetables,,Ethion(Residues to be determined,Pesticide residue,1,mg/kg (MRL),Other Vegetables,"FSSAI (Contaminants, Toxins and Residues) Regulations, 2011 - Version VI (27.01.2022)",FSSAI,Compendium_Contaminants_Regulations_28_01_2022-FSSAI.pdf,25.0,https://www.fssai.gov.in/upload/uploadfiles/files/Compendium_Packaging_Labelling_Regulations_28_01_2022.pdf
Cottonseed,,Ethion(Residues to be determined,Pesticide residue,0.5,mg/kg (MRL),Cottonseed,"FSSAI (Contaminants, Toxins and Residues) Regulations, 2011 - Version VI (27.01.2022)",FSSAI,Compendium_Contaminants_Regulations_28_01_2022-FSSAI.pdf,25.0,https://www.fssai.gov.in/upload/uploadfiles/files/Compendium_Packaging_Labelling_Regulations_28_01_2022.pdf
Milk and Milk products 0.5 (F) Meat and Poultry 0.2 (carcass fat basis) Eggs 0.2 (shell free basis) Dry fruits 0.1 (shell free basis) Food grains,,Ethion(Residues to be determined,Pesticide residue,0.03,mg/kg (MRL),Milk and Milk products 0.5 (F) Meat and Poultry 0.2 (carcass fat basis) Eggs 0.2 (shell free basis) Dry fruits 0.1 (shell free basis) Food grains,"FSSAI (Contaminants, Toxins and Residues) Regulations, 2011 - Version VI (27.01.2022)",FSSAI,Compendium_Contaminants_Regulations_28_01_2022-FSSAI.pdf,25.0,https://www.fssai.gov.in/upload/uploadfiles/files/Compendium_Packaging_Labelling_Regulations_28_01_2022.pdf
Milled food grains,,Ethion(Residues to be determined,Pesticide residue,0.01,mg/kg (MRL),Milled food grains,"FSSAI (Contaminants, Toxins and Residues) Regulations, 2011 - Version VI (27.01.2022)",FSSAI,Compendium_Contaminants_Regulations_28_01_2022-FSSAI.pdf,25.0,https://www.fssai.gov.in/upload/uploadfiles/files/Compendium_Packaging_Labelling_Regulations_28_01_2022.pdf
Peaches,,Ethion(Residues to be determined,Pesticide residue,1,mg/kg (MRL),Peaches,"FSSAI (Contaminants, Toxins and Residues) Regulations, 2011 - Version VI (27.01.2022)",FSSAI,Compendium_Contaminants_Regulations_28_01_2022-FSSAI.pdf,25.0,https://www.fssai.gov.in/upload/uploadfiles/files/Compendium_Packaging_Labelling_Regulations_28_01_2022.pdf
Other fruits,,Ethion(Residues to be determined,Pesticide residue,2,mg/kg (MRL),Other fruits,"FSSAI (Contaminants, Toxins and Residues) Regulations, 2011 - Version VI (27.01.2022)",FSSAI,Compendium_Contaminants_Regulations_28_01_2022-FSSAI.pdf,25.0,https://www.fssai.gov.in/upload/uploadfiles/files/Compendium_Packaging_Labelling_Regulations_28_01_2022.pdf
Rice,,Ethofenprox (Etofenprox),Pesticide residue,0.01,mg/kg (MRL),Rice,"FSSAI (Contaminants, Toxins and Residues) Regulations, 2011 - Version VI (27.01.2022)",FSSAI,Compendium_Contaminants_Regulations_28_01_2022-FSSAI.pdf,25.0,https://www.fssai.gov.in/upload/uploadfiles/files/Compendium_Packaging_Labelling_Regulations_28_01_2022.pdf
Milk and Milk products,,Ethofenprox (Etofenprox),Pesticide residue,0.02,mg/kg (MRL),Milk and Milk products,"FSSAI (Contaminants, Toxins and Residues) Regulations, 2011 - Version VI (27.01.2022)",FSSAI,Compendium_Contaminants_Regulations_28_01_2022-FSSAI.pdf,25.0,https://www.fssai.gov.in/upload/uploadfiles/files/Compendium_Packaging_Labelling_Regulations_28_01_2022.pdf
Meat and Meat products,,Ethofenprox (Etofenprox),Pesticide residue,0.5,mg/kg (MRL),Meat and Meat products,"FSSAI (Contaminants, Toxins and Residues) Regulations, 2011 - Version VI (27.01.2022)",FSSAI,Compendium_Contaminants_Regulations_28_01_2022-FSSAI.pdf,25.0,https://www.fssai.gov.in/upload/uploadfiles/files/Compendium_Packaging_Labelling_Regulations_28_01_2022.pdf
Rice,,Ethoxysulfuron,Pesticide residue,0.01,mg/kg (MRL),Rice,"FSSAI (Contaminants, Toxins and Residues) Regulations, 2011 - Version VI (27.01.2022)",FSSAI,Compendium_Contaminants_Regulations_28_01_2022-FSSAI.pdf,25.0,https://www.fssai.gov.in/upload/uploadfiles/files/Compendium_Packaging_Labelling_Regulations_28_01_2022.pdf
Brinjal,,Etoxazole,Pesticide residue,0.2,mg/kg (MRL),Brinjal,"FSSAI (Contaminants, Toxins and Residues) Regulations, 2011 - Version VI (27.01.2022)",FSSAI,Compendium_Contaminants_Regulations_28_01_2022-FSSAI.pdf,25.0,https://www.fssai.gov.in/upload/uploadfiles/files/Compendium_Packaging_Labelling_Regulations_28_01_2022.pdf
Tea,,Etoxazole,Pesticide residue,15,mg/kg (MRL),Tea,"FSSAI (Contaminants, Toxins and Residues) Regulations, 2011 - Version VI (27.01.2022)",FSSAI,Compendium_Contaminants_Regulations_28_01_2022-FSSAI.pdf,25.0,https://www.fssai.gov.in/upload/uploadfiles/files/Compendium_Packaging_Labelling_Regulations_28_01_2022.pdf
Grapes,,Famoxadone,Pesticide residue,2,mg/kg (MRL),Grapes,"FSSAI (Contaminants, Toxins and Residues) Regulations, 2011 - Version VI (27.01.2022)",FSSAI,Compendium_Contaminants_Regulations_28_01_2022-FSSAI.pdf,25.0,https://www.fssai.gov.in/upload/uploadfiles/files/Compendium_Packaging_Labelling_Regulations_28_01_2022.pdf
Potato,,Famoxadone,Pesticide residue,0.05,mg/kg (MRL),Potato,"FSSAI (Contaminants, Toxins and Residues) Regulations, 2011 - Version VI (27.01.2022)",FSSAI,Compendium_Contaminants_Regulations_28_01_2022-FSSAI.pdf,25.0,https://www.fssai.gov.in/upload/uploadfiles/files/Compendium_Packaging_Labelling_Regulations_28_01_2022.pdf
Tomato,,Famoxadone,Pesticide residue,2,mg/kg (MRL),Tomato,"FSSAI (Contaminants, Toxins and Residues) Regulations, 2011 - Version VI (27.01.2022)",FSSAI,Compendium_Contaminants_Regulations_28_01_2022-FSSAI.pdf,26.0,https://www.fssai.gov.in/upload/uploadfiles/files/Compendium_Packaging_Labelling_Regulations_28_01_2022.pdf
Gherkin,,Famoxadone,Pesticide residue,0.3,mg/kg (MRL),Gherkin,"FSSAI (Contaminants, Toxins and Residues) Regulations, 2011 - Version VI (27.01.2022)",FSSAI,Compendium_Contaminants_Regulations_28_01_2022-FSSAI.pdf,26.0,https://www.fssai.gov.in/upload/uploadfiles/files/Compendium_Packaging_Labelling_Regulations_28_01_2022.pdf
Potato,,Fenamidone,Pesticide residue,0.02,mg/kg (MRL),Potato,"FSSAI (Contaminants, Toxins and Residues) Regulations, 2011 - Version VI (27.01.2022)",FSSAI,Compendium_Contaminants_Regulations_28_01_2022-FSSAI.pdf,26.0,https://www.fssai.gov.in/upload/uploadfiles/files/Compendium_Packaging_Labelling_Regulations_28_01_2022.pdf
Grapes,,Fenamidone,Pesticide residue,0.6,mg/kg (MRL),Grapes,"FSSAI (Contaminants, Toxins and Residues) Regulations, 2011 - Version VI (27.01.2022)",FSSAI,Compendium_Contaminants_Regulations_28_01_2022-FSSAI.pdf,26.0,https://www.fssai.gov.in/upload/uploadfiles/files/Compendium_Packaging_Labelling_Regulations_28_01_2022.pdf
Gherkin,,Fenamidone,Pesticide residue,0.2,mg/kg (MRL),Gherkin,"FSSAI (Contaminants, Toxins and Residues) Regulations, 2011 - Version VI (27.01.2022)",FSSAI,Compendium_Contaminants_Regulations_28_01_2022-FSSAI.pdf,26.0,https://www.fssai.gov.in/upload/uploadfiles/files/Compendium_Packaging_Labelling_Regulations_28_01_2022.pdf
Tomato,,Fenamidone,Pesticide residue,1.5,mg/kg (MRL),Tomato,"FSSAI (Contaminants, Toxins and Residues) Regulations, 2011 - Version VI (27.01.2022)",FSSAI,Compendium_Contaminants_Regulations_28_01_2022-FSSAI.pdf,26.0,https://www.fssai.gov.in/upload/uploadfiles/files/Compendium_Packaging_Labelling_Regulations_28_01_2022.pdf
Apple,,Fenarimol,Pesticide residue,5,mg/kg (MRL),Apple,"FSSAI (Contaminants, Toxins and Residues) Regulations, 2011 - Version VI (27.01.2022)",FSSAI,Compendium_Contaminants_Regulations_28_01_2022-FSSAI.pdf,26.0,https://www.fssai.gov.in/upload/uploadfiles/files/Compendium_Packaging_Labelling_Regulations_28_01_2022.pdf
Apple,,Fenazaquin,Pesticide residue,0.2,mg/kg (MRL),Apple,"FSSAI (Contaminants, Toxins and Residues) Regulations, 2011 - Version VI (27.01.2022)",FSSAI,Compendium_Contaminants_Regulations_28_01_2022-FSSAI.pdf,26.0,https://www.fssai.gov.in/upload/uploadfiles/files/Compendium_Packaging_Labelling_Regulations_28_01_2022.pdf
Chilli,,Fenazaquin,Pesticide residue,0.5,mg/kg (MRL),Chilli,"FSSAI (Contaminants, Toxins and Residues) Regulations, 2011 - Version VI (27.01.2022)",FSSAI,Compendium_Contaminants_Regulations_28_01_2022-FSSAI.pdf,26.0,https://www.fssai.gov.in/upload/uploadfiles/files/Compendium_Packaging_Labelling_Regulations_28_01_2022.pdf
Dried Chilli,,Fenazaquin,Pesticide residue,5,mg/kg (MRL),Dried Chilli,"FSSAI (Contaminants, Toxins and Residues) Regulations, 2011 - Version VI (27.01.2022)",FSSAI,Compendium_Contaminants_Regulations_28_01_2022-FSSAI.pdf,26.0,https://www.fssai.gov.in/upload/uploadfiles/files/Compendium_Packaging_Labelling_Regulations_28_01_2022.pdf
Okra,,Fenazaquin,Pesticide residue,0.01,mg/kg (MRL),Okra,"FSSAI (Contaminants, Toxins and Residues) Regulations, 2011 - Version VI (27.01.2022)",FSSAI,Compendium_Contaminants_Regulations_28_01_2022-FSSAI.pdf,26.0,https://www.fssai.gov.in/upload/uploadfiles/files/Compendium_Packaging_Labelling_Regulations_28_01_2022.pdf
Brinjal,,Fenazaquin,Pesticide residue,0.01,mg/kg (MRL),Brinjal,"FSSAI (Contaminants, Toxins and Residues) Regulations, 2011 - Version VI (27.01.2022)",FSSAI,Compendium_Contaminants_Regulations_28_01_2022-FSSAI.pdf,26.0,https://www.fssai.gov.in/upload/uploadfiles/files/Compendium_Packaging_Labelling_Regulations_28_01_2022.pdf
Tomato,,Fenazaquin,Pesticide residue,0.01,mg/kg (MRL),Tomato,"FSSAI (Contaminants, Toxins and Residues) Regulations, 2011 - Version VI (27.01.2022)",FSSAI,Compendium_Contaminants_Regulations_28_01_2022-FSSAI.pdf,26.0,https://www.fssai.gov.in/upload/uploadfiles/files/Compendium_Packaging_Labelling_Regulations_28_01_2022.pdf
Tea,,Fenazaquin,Pesticide residue,3,mg/kg (MRL),Tea,"FSSAI (Contaminants, Toxins and Residues) Regulations, 2011 - Version VI (27.01.2022)",FSSAI,Compendium_Contaminants_Regulations_28_01_2022-FSSAI.pdf,26.0,https://www.fssai.gov.in/upload/uploadfiles/files/Compendium_Packaging_Labelling_Regulations_28_01_2022.pdf
Rice,,Fenobucarb (BPMC),Pesticide residue,0.01,mg/kg (MRL),Rice,"FSSAI (Contaminants, Toxins and Residues) Regulations, 2011 - Version VI (27.01.2022)",FSSAI,Compendium_Contaminants_Regulations_28_01_2022-FSSAI.pdf,26.0,https://www.fssai.gov.in/upload/uploadfiles/files/Compendium_Packaging_Labelling_Regulations_28_01_2022.pdf
Cotton seed,,Fenoxaprop-p-ethyl,Pesticide residue,0.02,mg/kg (MRL),Cotton seed,"FSSAI (Contaminants, Toxins and Residues) Regulations, 2011 - Version VI (27.01.2022)",FSSAI,Compendium_Contaminants_Regulations_28_01_2022-FSSAI.pdf,26.0,https://www.fssai.gov.in/upload/uploadfiles/files/Compendium_Packaging_Labelling_Regulations_28_01_2022.pdf
Black gram,,Fenoxaprop-p-ethyl,Pesticide residue,0.01,mg/kg (MRL),Black gram,"FSSAI (Contaminants, Toxins and Residues) Regulations, 2011 - Version VI (27.01.2022)",FSSAI,Compendium_Contaminants_Regulations_28_01_2022-FSSAI.pdf,26.0,https://www.fssai.gov.in/upload/uploadfiles/files/Compendium_Packaging_Labelling_Regulations_28_01_2022.pdf
Rice,,Fenoxaprop-p-ethyl,Pesticide residue,0.02*,mg/kg (MRL),Rice,"FSSAI (Contaminants, Toxins and Residues) Regulations, 2011 - Version VI (27.01.2022)",FSSAI,Compendium_Contaminants_Regulations_28_01_2022-FSSAI.pdf,26.0,https://www.fssai.gov.in/upload/uploadfiles/files/Compendium_Packaging_Labelling_Regulations_28_01_2022.pdf
Wheat,,Fenoxaprop-p-ethyl,Pesticide residue,0.02,mg/kg (MRL),Wheat,"FSSAI (Contaminants, Toxins and Residues) Regulations, 2011 - Version VI (27.01.2022)",FSSAI,Compendium_Contaminants_Regulations_28_01_2022-FSSAI.pdf,26.0,https://www.fssai.gov.in/upload/uploadfiles/files/Compendium_Packaging_Labelling_Regulations_28_01_2022.pdf
Soya bean seed,,Fenoxaprop-p-ethyl,Pesticide residue,0.02,mg/kg (MRL),Soya bean seed,"FSSAI (Contaminants, Toxins and Residues) Regulations, 2011 - Version VI (27.01.2022)",FSSAI,Compendium_Contaminants_Regulations_28_01_2022-FSSAI.pdf,26.0,https://www.fssai.gov.in/upload/uploadfiles/files/Compendium_Packaging_Labelling_Regulations_28_01_2022.pdf
Onion,,Fenoxaprop-p-ethyl,Pesticide residue,0.05*,mg/kg (MRL),Onion,"FSSAI (Contaminants, Toxins and Residues) Regulations, 2011 - Version VI (27.01.2022)",FSSAI,Compendium_Contaminants_Regulations_28_01_2022-FSSAI.pdf,26.0,https://www.fssai.gov.in/upload/uploadfiles/files/Compendium_Packaging_Labelling_Regulations_28_01_2022.pdf
Groundnut,,Fenoxaprop-p-ethyl,Pesticide residue,0.01*,mg/kg (MRL),Groundnut,"FSSAI (Contaminants, Toxins and Residues) Regulations, 2011 - Version VI (27.01.2022)",FSSAI,Compendium_Contaminants_Regulations_28_01_2022-FSSAI.pdf,26.0,https://www.fssai.gov.in/upload/uploadfiles/files/Compendium_Packaging_Labelling_Regulations_28_01_2022.pdf
Brinjal,,Fenpropathrin,Pesticide residue,0.2,mg/kg (MRL),Brinjal,"FSSAI (Contaminants, Toxins and Residues) Regulations, 2011 - Version VI (27.01.2022)",FSSAI,Compendium_Contaminants_Regulations_28_01_2022-FSSAI.pdf,26.0,https://www.fssai.gov.in/upload/uploadfiles/files/Compendium_Packaging_Labelling_Regulations_28_01_2022.pdf
Okra,,Fenpropathrin,Pesticide residue,0.5,mg/kg (MRL),Okra,"FSSAI (Contaminants, Toxins and Residues) Regulations, 2011 - Version VI (27.01.2022)",FSSAI,Compendium_Contaminants_Regulations_28_01_2022-FSSAI.pdf,26.0,https://www.fssai.gov.in/upload/uploadfiles/files/Compendium_Packaging_Labelling_Regulations_28_01_2022.pdf
Chilli,,Fenpropathrin,Pesticide residue,0.2,mg/kg (MRL),Chilli,"FSSAI (Contaminants, Toxins and Residues) Regulations, 2011 - Version VI (27.01.2022)",FSSAI,Compendium_Contaminants_Regulations_28_01_2022-FSSAI.pdf,26.0,https://www.fssai.gov.in/upload/uploadfiles/files/Compendium_Packaging_Labelling_Regulations_28_01_2022.pdf
Tea,,Fenpropathrin,Pesticide residue,2,mg/kg (MRL),Tea,"FSSAI (Contaminants, Toxins and Residues) Regulations, 2011 - Version VI (27.01.2022)",FSSAI,Compendium_Contaminants_Regulations_28_01_2022-FSSAI.pdf,26.0,https://www.fssai.gov.in/upload/uploadfiles/files/Compendium_Packaging_Labelling_Regulations_28_01_2022.pdf
Green tea,,Fenpropathrin,Pesticide residue,2,mg/kg (MRL),Green tea,"FSSAI (Contaminants, Toxins and Residues) Regulations, 2011 - Version VI (27.01.2022)",FSSAI,Compendium_Contaminants_Regulations_28_01_2022-FSSAI.pdf,26.0,https://www.fssai.gov.in/upload/uploadfiles/files/Compendium_Packaging_Labelling_Regulations_28_01_2022.pdf
Rice,,Fenpropathrin,Pesticide residue,0.03*,mg/kg (MRL),Rice,"FSSAI (Contaminants, Toxins and Residues) Regulations, 2011 - Version VI (27.01.2022)",FSSAI,Compendium_Contaminants_Regulations_28_01_2022-FSSAI.pdf,26.0,https://www.fssai.gov.in/upload/uploadfiles/files/Compendium_Packaging_Labelling_Regulations_28_01_2022.pdf
Cottonseed oil,,Fenpropathrin,Pesticide residue,3,mg/kg (MRL),Cottonseed oil,"FSSAI (Contaminants, Toxins and Residues) Regulations, 2011 - Version VI (27.01.2022)",FSSAI,Compendium_Contaminants_Regulations_28_01_2022-FSSAI.pdf,26.0,https://www.fssai.gov.in/upload/uploadfiles/files/Compendium_Packaging_Labelling_Regulations_28_01_2022.pdf
Milk and Milk products,,Fenpropathrin,Pesticide residue,0.1,mg/kg (MRL),Milk and Milk products,"FSSAI (Contaminants, Toxins and Residues) Regulations, 2011 - Version VI (27.01.2022)",FSSAI,Compendium_Contaminants_Regulations_28_01_2022-FSSAI.pdf,26.0,https://www.fssai.gov.in/upload/uploadfiles/files/Compendium_Packaging_Labelling_Regulations_28_01_2022.pdf
Meat and Meat products,,Fenpropathrin,Pesticide residue,0.02,mg/kg (MRL),Meat and Meat products,"FSSAI (Contaminants, Toxins and Residues) Regulations, 2011 - Version VI (27.01.2022)",FSSAI,Compendium_Contaminants_Regulations_28_01_2022-FSSAI.pdf,26.0,https://www.fssai.gov.in/upload/uploadfiles/files/Compendium_Packaging_Labelling_Regulations_28_01_2022.pdf
Chilli,,Fenpyroximate,Pesticide residue,1,mg/kg (MRL),Chilli,"FSSAI (Contaminants, Toxins and Residues) Regulations, 2011 - Version VI (27.01.2022)",FSSAI,Compendium_Contaminants_Regulations_28_01_2022-FSSAI.pdf,26.0,https://www.fssai.gov.in/upload/uploadfiles/files/Compendium_Packaging_Labelling_Regulations_28_01_2022.pdf
Dried Chilli,,Fenpyroximate,Pesticide residue,10,mg/kg (MRL),Dried Chilli,"FSSAI (Contaminants, Toxins and Residues) Regulations, 2011 - Version VI (27.01.2022)",FSSAI,Compendium_Contaminants_Regulations_28_01_2022-FSSAI.pdf,26.0,https://www.fssai.gov.in/upload/uploadfiles/files/Compendium_Packaging_Labelling_Regulations_28_01_2022.pdf
Green Tea,,Fenpyroximate,Pesticide residue,2,mg/kg (MRL),Green Tea,"FSSAI (Contaminants, Toxins and Residues) Regulations, 2011 - Version VI (27.01.2022)",FSSAI,Compendium_Contaminants_Regulations_28_01_2022-FSSAI.pdf,26.0,https://www.fssai.gov.in/upload/uploadfiles/files/Compendium_Packaging_Labelling_Regulations_28_01_2022.pdf
Coconut Water,,Fenpyroximate,Pesticide residue,0.02,mg/kg (MRL),Coconut Water,"FSSAI (Contaminants, Toxins and Residues) Regulations, 2011 - Version VI (27.01.2022)",FSSAI,Compendium_Contaminants_Regulations_28_01_2022-FSSAI.pdf,26.0,https://www.fssai.gov.in/upload/uploadfiles/files/Compendium_Packaging_Labelling_Regulations_28_01_2022.pdf
Tea,,Fenpyroximate,Pesticide residue,2,mg/kg (MRL),Tea,"FSSAI (Contaminants, Toxins and Residues) Regulations, 2011 - Version VI (27.01.2022)",FSSAI,Compendium_Contaminants_Regulations_28_01_2022-FSSAI.pdf,26.0,https://www.fssai.gov.in/upload/uploadfiles/files/Compendium_Packaging_Labelling_Regulations_28_01_2022.pdf
Cauliflower,,Fenvalerate (Fat soluble residue),Pesticide residue,2,mg/kg (MRL),Cauliflower,"FSSAI (Contaminants, Toxins and Residues) Regulations, 2011 - Version VI (27.01.2022)",FSSAI,Compendium_Contaminants_Regulations_28_01_2022-FSSAI.pdf,26.0,https://www.fssai.gov.in/upload/uploadfiles/files/Compendium_Packaging_Labelling_Regulations_28_01_2022.pdf
Brinjal,,Fenvalerate (Fat soluble residue),Pesticide residue,2,mg/kg (MRL),Brinjal,"FSSAI (Contaminants, Toxins and Residues) Regulations, 2011 - Version VI (27.01.2022)",FSSAI,Compendium_Contaminants_Regulations_28_01_2022-FSSAI.pdf,26.0,https://www.fssai.gov.in/upload/uploadfiles/files/Compendium_Packaging_Labelling_Regulations_28_01_2022.pdf
Okra,,Fenvalerate (Fat soluble residue),Pesticide residue,2,mg/kg (MRL),Okra,"FSSAI (Contaminants, Toxins and Residues) Regulations, 2011 - Version VI (27.01.2022)",FSSAI,Compendium_Contaminants_Regulations_28_01_2022-FSSAI.pdf,26.0,https://www.fssai.gov.in/upload/uploadfiles/files/Compendium_Packaging_Labelling_Regulations_28_01_2022.pdf
Cotton seed,,Fenvalerate (Fat soluble residue),Pesticide residue,0.2,mg/kg (MRL),Cotton seed,"FSSAI (Contaminants, Toxins and Residues) Regulations, 2011 - Version VI (27.01.2022)",FSSAI,Compendium_Contaminants_Regulations_28_01_2022-FSSAI.pdf,26.0,https://www.fssai.gov.in/upload/uploadfiles/files/Compendium_Packaging_Labelling_Regulations_28_01_2022.pdf
Cottonseed Oil,,Fenvalerate (Fat soluble residue),Pesticide residue,0.1,mg/kg (MRL),Cottonseed Oil,"FSSAI (Contaminants, Toxins and Residues) Regulations, 2011 - Version VI (27.01.2022)",FSSAI,Compendium_Contaminants_Regulations_28_01_2022-FSSAI.pdf,26.0,https://www.fssai.gov.in/upload/uploadfiles/files/Compendium_Packaging_Labelling_Regulations_28_01_2022.pdf
Cotton seed Oil,,Fipronil,Pesticide residue,0.01,mg/kg (MRL),Cotton seed Oil,"FSSAI (Contaminants, Toxins and Residues) Regulations, 2011 - Version VI (27.01.2022)",FSSAI,Compendium_Contaminants_Regulations_28_01_2022-FSSAI.pdf,26.0,https://www.fssai.gov.in/upload/uploadfiles/files/Compendium_Packaging_Labelling_Regulations_28_01_2022.pdf
Rice,,Fipronil,Pesticide residue,0.01,mg/kg (MRL),Rice,"FSSAI (Contaminants, Toxins and Residues) Regulations, 2011 - Version VI (27.01.2022)",FSSAI,Compendium_Contaminants_Regulations_28_01_2022-FSSAI.pdf,26.0,https://www.fssai.gov.in/upload/uploadfiles/files/Compendium_Packaging_Labelling_Regulations_28_01_2022.pdf
Chilli,,Fipronil,Pesticide residue,0.01,mg/kg (MRL),Chilli,"FSSAI (Contaminants, Toxins and Residues) Regulations, 2011 - Version VI (27.01.2022)",FSSAI,Compendium_Contaminants_Regulations_28_01_2022-FSSAI.pdf,26.0,https://www.fssai.gov.in/upload/uploadfiles/files/Compendium_Packaging_Labelling_Regulations_28_01_2022.pdf
Dried Chilli,,Fipronil,Pesticide residue,0.1,mg/kg (MRL),Dried Chilli,"FSSAI (Contaminants, Toxins and Residues) Regulations, 2011 - Version VI (27.01.2022)",FSSAI,Compendium_Contaminants_Regulations_28_01_2022-FSSAI.pdf,26.0,https://www.fssai.gov.in/upload/uploadfiles/files/Compendium_Packaging_Labelling_Regulations_28_01_2022.pdf
Sugarcane,,Fipronil,Pesticide residue,0.01,mg/kg (MRL),Sugarcane,"FSSAI (Contaminants, Toxins and Residues) Regulations, 2011 - Version VI (27.01.2022)",FSSAI,Compendium_Contaminants_Regulations_28_01_2022-FSSAI.pdf,26.0,https://www.fssai.gov.in/upload/uploadfiles/files/Compendium_Packaging_Labelling_Regulations_28_01_2022.pdf
Cabbage,,Fipronil,Pesticide residue,0.02,mg/kg (MRL),Cabbage,"FSSAI (Contaminants, Toxins and Residues) Regulations, 2011 - Version VI (27.01.2022)",FSSAI,Compendium_Contaminants_Regulations_28_01_2022-FSSAI.pdf,27.0,https://www.fssai.gov.in/upload/uploadfiles/files/Compendium_Packaging_Labelling_Regulations_28_01_2022.pdf
Grapes,,Fipronil,Pesticide residue,0.01*,mg/kg (MRL),Grapes,"FSSAI (Contaminants, Toxins and Residues) Regulations, 2011 - Version VI (27.01.2022)",FSSAI,Compendium_Contaminants_Regulations_28_01_2022-FSSAI.pdf,27.0,https://www.fssai.gov.in/upload/uploadfiles/files/Compendium_Packaging_Labelling_Regulations_28_01_2022.pdf
Milk and Milk products,,Fipronil,Pesticide residue,0.02,mg/kg (MRL),Milk and Milk products,"FSSAI (Contaminants, Toxins and Residues) Regulations, 2011 - Version VI (27.01.2022)",FSSAI,Compendium_Contaminants_Regulations_28_01_2022-FSSAI.pdf,27.0,https://www.fssai.gov.in/upload/uploadfiles/files/Compendium_Packaging_Labelling_Regulations_28_01_2022.pdf
Meat and Meat products,,Fipronil,Pesticide residue,0.01,mg/kg (MRL),Meat and Meat products,"FSSAI (Contaminants, Toxins and Residues) Regulations, 2011 - Version VI (27.01.2022)",FSSAI,Compendium_Contaminants_Regulations_28_01_2022-FSSAI.pdf,27.0,https://www.fssai.gov.in/upload/uploadfiles/files/Compendium_Packaging_Labelling_Regulations_28_01_2022.pdf
Wheat,,Fipronil,Pesticide residue,0.01*,mg/kg (MRL),Wheat,"FSSAI (Contaminants, Toxins and Residues) Regulations, 2011 - Version VI (27.01.2022)",FSSAI,Compendium_Contaminants_Regulations_28_01_2022-FSSAI.pdf,27.0,https://www.fssai.gov.in/upload/uploadfiles/files/Compendium_Packaging_Labelling_Regulations_28_01_2022.pdf
Onion,,Fipronil,Pesticide residue,0.04,mg/kg (MRL),Onion,"FSSAI (Contaminants, Toxins and Residues) Regulations, 2011 - Version VI (27.01.2022)",FSSAI,Compendium_Contaminants_Regulations_28_01_2022-FSSAI.pdf,27.0,https://www.fssai.gov.in/upload/uploadfiles/files/Compendium_Packaging_Labelling_Regulations_28_01_2022.pdf
Rice,,Flonicamid,Pesticide residue,0.05*,mg/kg (MRL),Rice,"FSSAI (Contaminants, Toxins and Residues) Regulations, 2011 - Version VI (27.01.2022)",FSSAI,Compendium_Contaminants_Regulations_28_01_2022-FSSAI.pdf,27.0,https://www.fssai.gov.in/upload/uploadfiles/files/Compendium_Packaging_Labelling_Regulations_28_01_2022.pdf
Cotton seed Oil,,Flonicamid,Pesticide residue,0.02*,mg/kg (MRL),Cotton seed Oil,"FSSAI (Contaminants, Toxins and Residues) Regulations, 2011 - Version VI (27.01.2022)",FSSAI,Compendium_Contaminants_Regulations_28_01_2022-FSSAI.pdf,27.0,https://www.fssai.gov.in/upload/uploadfiles/files/Compendium_Packaging_Labelling_Regulations_28_01_2022.pdf
Soya bean,,Fluazifop-p-butyl,Pesticide residue,0.05,mg/kg (MRL),Soya bean,"FSSAI (Contaminants, Toxins and Residues) Regulations, 2011 - Version VI (27.01.2022)",FSSAI,Compendium_Contaminants_Regulations_28_01_2022-FSSAI.pdf,27.0,https://www.fssai.gov.in/upload/uploadfiles/files/Compendium_Packaging_Labelling_Regulations_28_01_2022.pdf
Cotton seed Oil,,Fluazifop-p-butyl,Pesticide residue,0.01*,mg/kg (MRL),Cotton seed Oil,"FSSAI (Contaminants, Toxins and Residues) Regulations, 2011 - Version VI (27.01.2022)",FSSAI,Compendium_Contaminants_Regulations_28_01_2022-FSSAI.pdf,27.0,https://www.fssai.gov.in/upload/uploadfiles/files/Compendium_Packaging_Labelling_Regulations_28_01_2022.pdf
Groundnut,,Fluazifop-p-butyl,Pesticide residue,0.01*,mg/kg (MRL),Groundnut,"FSSAI (Contaminants, Toxins and Residues) Regulations, 2011 - Version VI (27.01.2022)",FSSAI,Compendium_Contaminants_Regulations_28_01_2022-FSSAI.pdf,27.0,https://www.fssai.gov.in/upload/uploadfiles/files/Compendium_Packaging_Labelling_Regulations_28_01_2022.pdf
Groundnut oil,,Fluazifop-p-butyl,Pesticide residue,0.01*,mg/kg (MRL),Groundnut oil,"FSSAI (Contaminants, Toxins and Residues) Regulations, 2011 - Version VI (27.01.2022)",FSSAI,Compendium_Contaminants_Regulations_28_01_2022-FSSAI.pdf,27.0,https://www.fssai.gov.in/upload/uploadfiles/files/Compendium_Packaging_Labelling_Regulations_28_01_2022.pdf
Brinjal,,Flubendiamide,Pesticide residue,0.1,mg/kg (MRL),Brinjal,"FSSAI (Contaminants, Toxins and Residues) Regulations, 2011 - Version VI (27.01.2022)",FSSAI,Compendium_Contaminants_Regulations_28_01_2022-FSSAI.pdf,27.0,https://www.fssai.gov.in/upload/uploadfiles/files/Compendium_Packaging_Labelling_Regulations_28_01_2022.pdf
Bengal Gram,,Flubendiamide,Pesticide residue,1.0,mg/kg (MRL),Bengal Gram,"FSSAI (Contaminants, Toxins and Residues) Regulations, 2011 - Version VI (27.01.2022)",FSSAI,Compendium_Contaminants_Regulations_28_01_2022-FSSAI.pdf,27.0,https://www.fssai.gov.in/upload/uploadfiles/files/Compendium_Packaging_Labelling_Regulations_28_01_2022.pdf
Cotton seed Oil,,Flubendiamide,Pesticide residue,1.5,mg/kg (MRL),Cotton seed Oil,"FSSAI (Contaminants, Toxins and Residues) Regulations, 2011 - Version VI (27.01.2022)",FSSAI,Compendium_Contaminants_Regulations_28_01_2022-FSSAI.pdf,27.0,https://www.fssai.gov.in/upload/uploadfiles/files/Compendium_Packaging_Labelling_Regulations_28_01_2022.pdf
Rice,,Flubendiamide,Pesticide residue,0.1,mg/kg (MRL),Rice,"FSSAI (Contaminants, Toxins and Residues) Regulations, 2011 - Version VI (27.01.2022)",FSSAI,Compendium_Contaminants_Regulations_28_01_2022-FSSAI.pdf,27.0,https://www.fssai.gov.in/upload/uploadfiles/files/Compendium_Packaging_Labelling_Regulations_28_01_2022.pdf
Cabbage,,Flubendiamide,Pesticide residue,4,mg/kg (MRL),Cabbage,"FSSAI (Contaminants, Toxins and Residues) Regulations, 2011 - Version VI (27.01.2022)",FSSAI,Compendium_Contaminants_Regulations_28_01_2022-FSSAI.pdf,27.0,https://www.fssai.gov.in/upload/uploadfiles/files/Compendium_Packaging_Labelling_Regulations_28_01_2022.pdf
Tomato,,Flubendiamide,Pesticide residue,2,mg/kg (MRL),Tomato,"FSSAI (Contaminants, Toxins and Residues) Regulations, 2011 - Version VI (27.01.2022)",FSSAI,Compendium_Contaminants_Regulations_28_01_2022-FSSAI.pdf,27.0,https://www.fssai.gov.in/upload/uploadfiles/files/Compendium_Packaging_Labelling_Regulations_28_01_2022.pdf
Pigeon pea,,Flubendiamide,Pesticide residue,1.0,mg/kg (MRL),Pigeon pea,"FSSAI (Contaminants, Toxins and Residues) Regulations, 2011 - Version VI (27.01.2022)",FSSAI,Compendium_Contaminants_Regulations_28_01_2022-FSSAI.pdf,27.0,https://www.fssai.gov.in/upload/uploadfiles/files/Compendium_Packaging_Labelling_Regulations_28_01_2022.pdf
Black Gram,,Flubendiamide,Pesticide residue,1.0,mg/kg (MRL),Black Gram,"FSSAI (Contaminants, Toxins and Residues) Regulations, 2011 - Version VI (27.01.2022)",FSSAI,Compendium_Contaminants_Regulations_28_01_2022-FSSAI.pdf,27.0,https://www.fssai.gov.in/upload/uploadfiles/files/Compendium_Packaging_Labelling_Regulations_28_01_2022.pdf
Chilli,,Flubendiamide,Pesticide residue,0.02,mg/kg (MRL),Chilli,"FSSAI (Contaminants, Toxins and Residues) Regulations, 2011 - Version VI (27.01.2022)",FSSAI,Compendium_Contaminants_Regulations_28_01_2022-FSSAI.pdf,27.0,https://www.fssai.gov.in/upload/uploadfiles/files/Compendium_Packaging_Labelling_Regulations_28_01_2022.pdf
Dried Chilli,,Flubendiamide,Pesticide residue,0.2,mg/kg (MRL),Dried Chilli,"FSSAI (Contaminants, Toxins and Residues) Regulations, 2011 - Version VI (27.01.2022)",FSSAI,Compendium_Contaminants_Regulations_28_01_2022-FSSAI.pdf,27.0,https://www.fssai.gov.in/upload/uploadfiles/files/Compendium_Packaging_Labelling_Regulations_28_01_2022.pdf
Milk and Milk products,,Flubendiamide,Pesticide residue,0.1,mg/kg (MRL),Milk and Milk products,"FSSAI (Contaminants, Toxins and Residues) Regulations, 2011 - Version VI (27.01.2022)",FSSAI,Compendium_Contaminants_Regulations_28_01_2022-FSSAI.pdf,27.0,https://www.fssai.gov.in/upload/uploadfiles/files/Compendium_Packaging_Labelling_Regulations_28_01_2022.pdf
Tea,,Flubendiamide,Pesticide residue,50,mg/kg (MRL),Tea,"FSSAI (Contaminants, Toxins and Residues) Regulations, 2011 - Version VI (27.01.2022)",FSSAI,Compendium_Contaminants_Regulations_28_01_2022-FSSAI.pdf,27.0,https://www.fssai.gov.in/upload/uploadfiles/files/Compendium_Packaging_Labelling_Regulations_28_01_2022.pdf
Soya bean,,Flubendiamide,Pesticide residue,0.07,mg/kg (MRL),Soya bean,"FSSAI (Contaminants, Toxins and Residues) Regulations, 2011 - Version VI (27.01.2022)",FSSAI,Compendium_Contaminants_Regulations_28_01_2022-FSSAI.pdf,27.0,https://www.fssai.gov.in/upload/uploadfiles/files/Compendium_Packaging_Labelling_Regulations_28_01_2022.pdf
Soya bean Oil,,Flubendiamide,Pesticide residue,0.07,mg/kg (MRL),Soya bean Oil,"FSSAI (Contaminants, Toxins and Residues) Regulations, 2011 - Version VI (27.01.2022)",FSSAI,Compendium_Contaminants_Regulations_28_01_2022-FSSAI.pdf,27.0,https://www.fssai.gov.in/upload/uploadfiles/files/Compendium_Packaging_Labelling_Regulations_28_01_2022.pdf
Soya bean cake,,Flubendiamide,Pesticide residue,0.07,mg/kg (MRL),Soya bean cake,"FSSAI (Contaminants, Toxins and Residues) Regulations, 2011 - Version VI (27.01.2022)",FSSAI,Compendium_Contaminants_Regulations_28_01_2022-FSSAI.pdf,27.0,https://www.fssai.gov.in/upload/uploadfiles/files/Compendium_Packaging_Labelling_Regulations_28_01_2022.pdf
Cotton seed,,Fluchloralin,Pesticide residue,0.05,mg/kg (MRL),Cotton seed,"FSSAI (Contaminants, Toxins and Residues) Regulations, 2011 - Version VI (27.01.2022)",FSSAI,Compendium_Contaminants_Regulations_28_01_2022-FSSAI.pdf,27.0,https://www.fssai.gov.in/upload/uploadfiles/files/Compendium_Packaging_Labelling_Regulations_28_01_2022.pdf
Soya bean,,Fluchloralin,Pesticide residue,0.05,mg/kg (MRL),Soya bean,"FSSAI (Contaminants, Toxins and Residues) Regulations, 2011 - Version VI (27.01.2022)",FSSAI,Compendium_Contaminants_Regulations_28_01_2022-FSSAI.pdf,27.0,https://www.fssai.gov.in/upload/uploadfiles/files/Compendium_Packaging_Labelling_Regulations_28_01_2022.pdf
Rice,,Flufenacet,Pesticide residue,0.05,mg/kg (MRL),Rice,"FSSAI (Contaminants, Toxins and Residues) Regulations, 2011 - Version VI (27.01.2022)",FSSAI,Compendium_Contaminants_Regulations_28_01_2022-FSSAI.pdf,27.0,https://www.fssai.gov.in/upload/uploadfiles/files/Compendium_Packaging_Labelling_Regulations_28_01_2022.pdf
Rice,,Flusilazole,Pesticide residue,0.01,mg/kg (MRL),Rice,"FSSAI (Contaminants, Toxins and Residues) Regulations, 2011 - Version VI (27.01.2022)",FSSAI,Compendium_Contaminants_Regulations_28_01_2022-FSSAI.pdf,27.0,https://www.fssai.gov.in/upload/uploadfiles/files/Compendium_Packaging_Labelling_Regulations_28_01_2022.pdf
Chilli,,Flusilazole,Pesticide residue,0.01,mg/kg (MRL),Chilli,"FSSAI (Contaminants, Toxins and Residues) Regulations, 2011 - Version VI (27.01.2022)",FSSAI,Compendium_Contaminants_Regulations_28_01_2022-FSSAI.pdf,27.0,https://www.fssai.gov.in/upload/uploadfiles/files/Compendium_Packaging_Labelling_Regulations_28_01_2022.pdf
Dried Chilli,,Flusilazole,Pesticide residue,0.1,mg/kg (MRL),Dried Chilli,"FSSAI (Contaminants, Toxins and Residues) Regulations, 2011 - Version VI (27.01.2022)",FSSAI,Compendium_Contaminants_Regulations_28_01_2022-FSSAI.pdf,27.0,https://www.fssai.gov.in/upload/uploadfiles/files/Compendium_Packaging_Labelling_Regulations_28_01_2022.pdf
Milk and Milk products,,Flusilazole,Pesticide residue,0.05,mg/kg (MRL),Milk and Milk products,"FSSAI (Contaminants, Toxins and Residues) Regulations, 2011 - Version VI (27.01.2022)",FSSAI,Compendium_Contaminants_Regulations_28_01_2022-FSSAI.pdf,27.0,https://www.fssai.gov.in/upload/uploadfiles/files/Compendium_Packaging_Labelling_Regulations_28_01_2022.pdf
Meat and Meat products,,Flusilazole,Pesticide residue,1,mg/kg (MRL),Meat and Meat products,"FSSAI (Contaminants, Toxins and Residues) Regulations, 2011 - Version VI (27.01.2022)",FSSAI,Compendium_Contaminants_Regulations_28_01_2022-FSSAI.pdf,27.0,https://www.fssai.gov.in/upload/uploadfiles/files/Compendium_Packaging_Labelling_Regulations_28_01_2022.pdf
Groundnut,,Flusilazole,Pesticide residue,0.05*,mg/kg (MRL),Groundnut,"FSSAI (Contaminants, Toxins and Residues) Regulations, 2011 - Version VI (27.01.2022)",FSSAI,Compendium_Contaminants_Regulations_28_01_2022-FSSAI.pdf,27.0,https://www.fssai.gov.in/upload/uploadfiles/files/Compendium_Packaging_Labelling_Regulations_28_01_2022.pdf
Apple,,Flusilazole,Pesticide residue,0.05,mg/kg (MRL),Apple,"FSSAI (Contaminants, Toxins and Residues) Regulations, 2011 - Version VI (27.01.2022)",FSSAI,Compendium_Contaminants_Regulations_28_01_2022-FSSAI.pdf,27.0,https://www.fssai.gov.in/upload/uploadfiles/files/Compendium_Packaging_Labelling_Regulations_28_01_2022.pdf
Grapes,,Flusilazole,Pesticide residue,0.05,mg/kg (MRL),Grapes,"FSSAI (Contaminants, Toxins and Residues) Regulations, 2011 - Version VI (27.01.2022)",FSSAI,Compendium_Contaminants_Regulations_28_01_2022-FSSAI.pdf,27.0,https://www.fssai.gov.in/upload/uploadfiles/files/Compendium_Packaging_Labelling_Regulations_28_01_2022.pdf
Cotton seed Oil,,Fluvalinate,Pesticide residue,0.05,mg/kg (MRL),Cotton seed Oil,"FSSAI (Contaminants, Toxins and Residues) Regulations, 2011 - Version VI (27.01.2022)",FSSAI,Compendium_Contaminants_Regulations_28_01_2022-FSSAI.pdf,27.0,https://www.fssai.gov.in/upload/uploadfiles/files/Compendium_Packaging_Labelling_Regulations_28_01_2022.pdf
Tea,,Fluvalinate,Pesticide residue,0.01,mg/kg (MRL),Tea,"FSSAI (Contaminants, Toxins and Residues) Regulations, 2011 - Version VI (27.01.2022)",FSSAI,Compendium_Contaminants_Regulations_28_01_2022-FSSAI.pdf,27.0,https://www.fssai.gov.in/upload/uploadfiles/files/Compendium_Packaging_Labelling_Regulations_28_01_2022.pdf
Grapes,,Forchlorfenuron,Pesticide residue,0.01,mg/kg (MRL),Grapes,"FSSAI (Contaminants, Toxins and Residues) Regulations, 2011 - Version VI (27.01.2022)",FSSAI,Compendium_Contaminants_Regulations_28_01_2022-FSSAI.pdf,27.0,https://www.fssai.gov.in/upload/uploadfiles/files/Compendium_Packaging_Labelling_Regulations_28_01_2022.pdf
Grapes,,Fosetyl-Al,Pesticide residue,10,mg/kg (MRL),Grapes,"FSSAI (Contaminants, Toxins and Residues) Regulations, 2011 - Version VI (27.01.2022)",FSSAI,Compendium_Contaminants_Regulations_28_01_2022-FSSAI.pdf,27.0,https://www.fssai.gov.in/upload/uploadfiles/files/Compendium_Packaging_Labelling_Regulations_28_01_2022.pdf
Cardamom,,Fosetyl-Al,Pesticide residue,0.2,mg/kg (MRL),Cardamom,"FSSAI (Contaminants, Toxins and Residues) Regulations, 2011 - Version VI (27.01.2022)",FSSAI,Compendium_Contaminants_Regulations_28_01_2022-FSSAI.pdf,27.0,https://www.fssai.gov.in/upload/uploadfiles/files/Compendium_Packaging_Labelling_Regulations_28_01_2022.pdf
Ammonium Cotton seed Oil,,Glufosinate,Pesticide residue,0.05*,mg/kg (MRL),Ammonium Cotton seed Oil,"FSSAI (Contaminants, Toxins and Residues) Regulations, 2011 - Version VI (27.01.2022)",FSSAI,Compendium_Contaminants_Regulations_28_01_2022-FSSAI.pdf,27.0,https://www.fssai.gov.in/upload/uploadfiles/files/Compendium_Packaging_Labelling_Regulations_28_01_2022.pdf
Tea,,Glufosinate,Pesticide residue,0.01,mg/kg (MRL),Tea,"FSSAI (Contaminants, Toxins and Residues) Regulations, 2011 - Version VI (27.01.2022)",FSSAI,Compendium_Contaminants_Regulations_28_01_2022-FSSAI.pdf,27.0,https://www.fssai.gov.in/upload/uploadfiles/files/Compendium_Packaging_Labelling_Regulations_28_01_2022.pdf
Milk and Milk products,,Glufosinate,Pesticide residue,0.02,mg/kg (MRL),Milk and Milk products,"FSSAI (Contaminants, Toxins and Residues) Regulations, 2011 - Version VI (27.01.2022)",FSSAI,Compendium_Contaminants_Regulations_28_01_2022-FSSAI.pdf,27.0,https://www.fssai.gov.in/upload/uploadfiles/files/Compendium_Packaging_Labelling_Regulations_28_01_2022.pdf
Tea,,Glyphosate,Pesticide residue,1,mg/kg (MRL),Tea,"FSSAI (Contaminants, Toxins and Residues) Regulations, 2011 - Version VI (27.01.2022)",FSSAI,Compendium_Contaminants_Regulations_28_01_2022-FSSAI.pdf,27.0,https://www.fssai.gov.in/upload/uploadfiles/files/Compendium_Packaging_Labelling_Regulations_28_01_2022.pdf
Rice,,Glyphosate,Pesticide residue,0.01,mg/kg (MRL),Rice,"FSSAI (Contaminants, Toxins and Residues) Regulations, 2011 - Version VI (27.01.2022)",FSSAI,Compendium_Contaminants_Regulations_28_01_2022-FSSAI.pdf,27.0,https://www.fssai.gov.in/upload/uploadfiles/files/Compendium_Packaging_Labelling_Regulations_28_01_2022.pdf
Meat and Meat products,,Glyphosate,Pesticide residue,0.05,mg/kg (MRL),Meat and Meat products,"FSSAI (Contaminants, Toxins and Residues) Regulations, 2011 - Version VI (27.01.2022)",FSSAI,Compendium_Contaminants_Regulations_28_01_2022-FSSAI.pdf,28.0,https://www.fssai.gov.in/upload/uploadfiles/files/Compendium_Packaging_Labelling_Regulations_28_01_2022.pdf
Sugarcane,,Halosulfuron methyl,Pesticide residue,0.03*,mg/kg (MRL),Sugarcane,"FSSAI (Contaminants, Toxins and Residues) Regulations, 2011 - Version VI (27.01.2022)",FSSAI,Compendium_Contaminants_Regulations_28_01_2022-FSSAI.pdf,28.0,https://www.fssai.gov.in/upload/uploadfiles/files/Compendium_Packaging_Labelling_Regulations_28_01_2022.pdf
Maize,,Halosulfuron methyl,Pesticide residue,0.01*,mg/kg (MRL),Maize,"FSSAI (Contaminants, Toxins and Residues) Regulations, 2011 - Version VI (27.01.2022)",FSSAI,Compendium_Contaminants_Regulations_28_01_2022-FSSAI.pdf,28.0,https://www.fssai.gov.in/upload/uploadfiles/files/Compendium_Packaging_Labelling_Regulations_28_01_2022.pdf
Bottle Gourd,,Halosulfuron methyl,Pesticide residue,0.01*,mg/kg (MRL),Bottle Gourd,"FSSAI (Contaminants, Toxins and Residues) Regulations, 2011 - Version VI (27.01.2022)",FSSAI,Compendium_Contaminants_Regulations_28_01_2022-FSSAI.pdf,28.0,https://www.fssai.gov.in/upload/uploadfiles/files/Compendium_Packaging_Labelling_Regulations_28_01_2022.pdf
Mango,,Hexaconazole,Pesticide residue,0.02,mg/kg (MRL),Mango,"FSSAI (Contaminants, Toxins and Residues) Regulations, 2011 - Version VI (27.01.2022)",FSSAI,Compendium_Contaminants_Regulations_28_01_2022-FSSAI.pdf,28.0,https://www.fssai.gov.in/upload/uploadfiles/files/Compendium_Packaging_Labelling_Regulations_28_01_2022.pdf
Rice,,Hexaconazole,Pesticide residue,0.02,mg/kg (MRL),Rice,"FSSAI (Contaminants, Toxins and Residues) Regulations, 2011 - Version VI (27.01.2022)",FSSAI,Compendium_Contaminants_Regulations_28_01_2022-FSSAI.pdf,28.0,https://www.fssai.gov.in/upload/uploadfiles/files/Compendium_Packaging_Labelling_Regulations_28_01_2022.pdf
Ground nut seed,,Hexaconazole,Pesticide residue,0.02,mg/kg (MRL),Ground nut seed,"FSSAI (Contaminants, Toxins and Residues) Regulations, 2011 - Version VI (27.01.2022)",FSSAI,Compendium_Contaminants_Regulations_28_01_2022-FSSAI.pdf,28.0,https://www.fssai.gov.in/upload/uploadfiles/files/Compendium_Packaging_Labelling_Regulations_28_01_2022.pdf
Tea,,Hexaconazole,Pesticide residue,0.02,mg/kg (MRL),Tea,"FSSAI (Contaminants, Toxins and Residues) Regulations, 2011 - Version VI (27.01.2022)",FSSAI,Compendium_Contaminants_Regulations_28_01_2022-FSSAI.pdf,28.0,https://www.fssai.gov.in/upload/uploadfiles/files/Compendium_Packaging_Labelling_Regulations_28_01_2022.pdf
Grapes,,Hexaconazole,Pesticide residue,0.1,mg/kg (MRL),Grapes,"FSSAI (Contaminants, Toxins and Residues) Regulations, 2011 - Version VI (27.01.2022)",FSSAI,Compendium_Contaminants_Regulations_28_01_2022-FSSAI.pdf,28.0,https://www.fssai.gov.in/upload/uploadfiles/files/Compendium_Packaging_Labelling_Regulations_28_01_2022.pdf
Chilli,,Hexaconazole,Pesticide residue,0.5,mg/kg (MRL),Chilli,"FSSAI (Contaminants, Toxins and Residues) Regulations, 2011 - Version VI (27.01.2022)",FSSAI,Compendium_Contaminants_Regulations_28_01_2022-FSSAI.pdf,28.0,https://www.fssai.gov.in/upload/uploadfiles/files/Compendium_Packaging_Labelling_Regulations_28_01_2022.pdf
Dried Chilli,,Hexaconazole,Pesticide residue,5,mg/kg (MRL),Dried Chilli,"FSSAI (Contaminants, Toxins and Residues) Regulations, 2011 - Version VI (27.01.2022)",FSSAI,Compendium_Contaminants_Regulations_28_01_2022-FSSAI.pdf,28.0,https://www.fssai.gov.in/upload/uploadfiles/files/Compendium_Packaging_Labelling_Regulations_28_01_2022.pdf
Potato,,Hexaconazole,Pesticide residue,0.02,mg/kg (MRL),Potato,"FSSAI (Contaminants, Toxins and Residues) Regulations, 2011 - Version VI (27.01.2022)",FSSAI,Compendium_Contaminants_Regulations_28_01_2022-FSSAI.pdf,28.0,https://www.fssai.gov.in/upload/uploadfiles/files/Compendium_Packaging_Labelling_Regulations_28_01_2022.pdf
Soya bean,,Hexaconazole,Pesticide residue,0.02,mg/kg (MRL),Soya bean,"FSSAI (Contaminants, Toxins and Residues) Regulations, 2011 - Version VI (27.01.2022)",FSSAI,Compendium_Contaminants_Regulations_28_01_2022-FSSAI.pdf,28.0,https://www.fssai.gov.in/upload/uploadfiles/files/Compendium_Packaging_Labelling_Regulations_28_01_2022.pdf
Apple,,Hexaconazole,Pesticide residue,0.1,mg/kg (MRL),Apple,"FSSAI (Contaminants, Toxins and Residues) Regulations, 2011 - Version VI (27.01.2022)",FSSAI,Compendium_Contaminants_Regulations_28_01_2022-FSSAI.pdf,28.0,https://www.fssai.gov.in/upload/uploadfiles/files/Compendium_Packaging_Labelling_Regulations_28_01_2022.pdf
Blackgram,,Hexaconazole,Pesticide residue,0.01*,mg/kg (MRL),Blackgram,"FSSAI (Contaminants, Toxins and Residues) Regulations, 2011 - Version VI (27.01.2022)",FSSAI,Compendium_Contaminants_Regulations_28_01_2022-FSSAI.pdf,28.0,https://www.fssai.gov.in/upload/uploadfiles/files/Compendium_Packaging_Labelling_Regulations_28_01_2022.pdf
Sugarcane,,Hexazinone,Pesticide residue,0.02,mg/kg (MRL),Sugarcane,"FSSAI (Contaminants, Toxins and Residues) Regulations, 2011 - Version VI (27.01.2022)",FSSAI,Compendium_Contaminants_Regulations_28_01_2022-FSSAI.pdf,28.0,https://www.fssai.gov.in/upload/uploadfiles/files/Compendium_Packaging_Labelling_Regulations_28_01_2022.pdf
Tea,,Hexythiazox,Pesticide residue,15,mg/kg (MRL),Tea,"FSSAI (Contaminants, Toxins and Residues) Regulations, 2011 - Version VI (27.01.2022)",FSSAI,Compendium_Contaminants_Regulations_28_01_2022-FSSAI.pdf,28.0,https://www.fssai.gov.in/upload/uploadfiles/files/Compendium_Packaging_Labelling_Regulations_28_01_2022.pdf
Chilli,,Hexythiazox,Pesticide residue,0.01,mg/kg (MRL),Chilli,"FSSAI (Contaminants, Toxins and Residues) Regulations, 2011 - Version VI (27.01.2022)",FSSAI,Compendium_Contaminants_Regulations_28_01_2022-FSSAI.pdf,28.0,https://www.fssai.gov.in/upload/uploadfiles/files/Compendium_Packaging_Labelling_Regulations_28_01_2022.pdf
Dried Chilli,,Hexythiazox,Pesticide residue,0.1,mg/kg (MRL),Dried Chilli,"FSSAI (Contaminants, Toxins and Residues) Regulations, 2011 - Version VI (27.01.2022)",FSSAI,Compendium_Contaminants_Regulations_28_01_2022-FSSAI.pdf,28.0,https://www.fssai.gov.in/upload/uploadfiles/files/Compendium_Packaging_Labelling_Regulations_28_01_2022.pdf
Apple,,Hexythiazox,Pesticide residue,0.3,mg/kg (MRL),Apple,"FSSAI (Contaminants, Toxins and Residues) Regulations, 2011 - Version VI (27.01.2022)",FSSAI,Compendium_Contaminants_Regulations_28_01_2022-FSSAI.pdf,28.0,https://www.fssai.gov.in/upload/uploadfiles/files/Compendium_Packaging_Labelling_Regulations_28_01_2022.pdf
Cyanamide Grapes,,Hydrogen,Pesticide residue,0.01,mg/kg (MRL),Cyanamide Grapes,"FSSAI (Contaminants, Toxins and Residues) Regulations, 2011 - Version VI (27.01.2022)",FSSAI,Compendium_Contaminants_Regulations_28_01_2022-FSSAI.pdf,28.0,https://www.fssai.gov.in/upload/uploadfiles/files/Compendium_Packaging_Labelling_Regulations_28_01_2022.pdf
Sugarcane,,Hydrogen,Pesticide residue,0.03*,mg/kg (MRL),Sugarcane,"FSSAI (Contaminants, Toxins and Residues) Regulations, 2011 - Version VI (27.01.2022)",FSSAI,Compendium_Contaminants_Regulations_28_01_2022-FSSAI.pdf,28.0,https://www.fssai.gov.in/upload/uploadfiles/files/Compendium_Packaging_Labelling_Regulations_28_01_2022.pdf
Methyl Sodium Wheat,,Iodosulfuron,Pesticide residue,0.01,mg/kg (MRL),Methyl Sodium Wheat,"FSSAI (Contaminants, Toxins and Residues) Regulations, 2011 - Version VI (27.01.2022)",FSSAI,Compendium_Contaminants_Regulations_28_01_2022-FSSAI.pdf,28.0,https://www.fssai.gov.in/upload/uploadfiles/files/Compendium_Packaging_Labelling_Regulations_28_01_2022.pdf
Soyabean,,Imazethapyr,Pesticide residue,0.03,mg/kg (MRL),Soyabean,"FSSAI (Contaminants, Toxins and Residues) Regulations, 2011 - Version VI (27.01.2022)",FSSAI,Compendium_Contaminants_Regulations_28_01_2022-FSSAI.pdf,28.0,https://www.fssai.gov.in/upload/uploadfiles/files/Compendium_Packaging_Labelling_Regulations_28_01_2022.pdf
Soyabean oil,,Imazethapyr,Pesticide residue,0.1,mg/kg (MRL),Soyabean oil,"FSSAI (Contaminants, Toxins and Residues) Regulations, 2011 - Version VI (27.01.2022)",FSSAI,Compendium_Contaminants_Regulations_28_01_2022-FSSAI.pdf,28.0,https://www.fssai.gov.in/upload/uploadfiles/files/Compendium_Packaging_Labelling_Regulations_28_01_2022.pdf
Groundnut oil,,Imazethapyr,Pesticide residue,0.1,mg/kg (MRL),Groundnut oil,"FSSAI (Contaminants, Toxins and Residues) Regulations, 2011 - Version VI (27.01.2022)",FSSAI,Compendium_Contaminants_Regulations_28_01_2022-FSSAI.pdf,28.0,https://www.fssai.gov.in/upload/uploadfiles/files/Compendium_Packaging_Labelling_Regulations_28_01_2022.pdf
Citrus (Acid Lime),,Imidacloprid,Pesticide residue,1,mg/kg (MRL),Citrus (Acid Lime),"FSSAI (Contaminants, Toxins and Residues) Regulations, 2011 - Version VI (27.01.2022)",FSSAI,Compendium_Contaminants_Regulations_28_01_2022-FSSAI.pdf,28.0,https://www.fssai.gov.in/upload/uploadfiles/files/Compendium_Packaging_Labelling_Regulations_28_01_2022.pdf
Groundnut Seed,,Imidacloprid,Pesticide residue,1,mg/kg (MRL),Groundnut Seed,"FSSAI (Contaminants, Toxins and Residues) Regulations, 2011 - Version VI (27.01.2022)",FSSAI,Compendium_Contaminants_Regulations_28_01_2022-FSSAI.pdf,28.0,https://www.fssai.gov.in/upload/uploadfiles/files/Compendium_Packaging_Labelling_Regulations_28_01_2022.pdf
Mango,,Imidacloprid,Pesticide residue,0.2,mg/kg (MRL),Mango,"FSSAI (Contaminants, Toxins and Residues) Regulations, 2011 - Version VI (27.01.2022)",FSSAI,Compendium_Contaminants_Regulations_28_01_2022-FSSAI.pdf,28.0,https://www.fssai.gov.in/upload/uploadfiles/files/Compendium_Packaging_Labelling_Regulations_28_01_2022.pdf
Sugarcane,,Imidacloprid,Pesticide residue,0.1,mg/kg (MRL),Sugarcane,"FSSAI (Contaminants, Toxins and Residues) Regulations, 2011 - Version VI (27.01.2022)",FSSAI,Compendium_Contaminants_Regulations_28_01_2022-FSSAI.pdf,28.0,https://www.fssai.gov.in/upload/uploadfiles/files/Compendium_Packaging_Labelling_Regulations_28_01_2022.pdf
Okra,,Imidacloprid,Pesticide residue,2,mg/kg (MRL),Okra,"FSSAI (Contaminants, Toxins and Residues) Regulations, 2011 - Version VI (27.01.2022)",FSSAI,Compendium_Contaminants_Regulations_28_01_2022-FSSAI.pdf,28.0,https://www.fssai.gov.in/upload/uploadfiles/files/Compendium_Packaging_Labelling_Regulations_28_01_2022.pdf
Sunflower Seed,,Imidacloprid,Pesticide residue,0.5,mg/kg (MRL),Sunflower Seed,"FSSAI (Contaminants, Toxins and Residues) Regulations, 2011 - Version VI (27.01.2022)",FSSAI,Compendium_Contaminants_Regulations_28_01_2022-FSSAI.pdf,28.0,https://www.fssai.gov.in/upload/uploadfiles/files/Compendium_Packaging_Labelling_Regulations_28_01_2022.pdf
Chilli,,Imidacloprid,Pesticide residue,0.3,mg/kg (MRL),Chilli,"FSSAI (Contaminants, Toxins and Residues) Regulations, 2011 - Version VI (27.01.2022)",FSSAI,Compendium_Contaminants_Regulations_28_01_2022-FSSAI.pdf,28.0,https://www.fssai.gov.in/upload/uploadfiles/files/Compendium_Packaging_Labelling_Regulations_28_01_2022.pdf
Dried Chilli,,Imidacloprid,Pesticide residue,3,mg/kg (MRL),Dried Chilli,"FSSAI (Contaminants, Toxins and Residues) Regulations, 2011 - Version VI (27.01.2022)",FSSAI,Compendium_Contaminants_Regulations_28_01_2022-FSSAI.pdf,28.0,https://www.fssai.gov.in/upload/uploadfiles/files/Compendium_Packaging_Labelling_Regulations_28_01_2022.pdf
Grapes,,Imidacloprid,Pesticide residue,1,mg/kg (MRL),Grapes,"FSSAI (Contaminants, Toxins and Residues) Regulations, 2011 - Version VI (27.01.2022)",FSSAI,Compendium_Contaminants_Regulations_28_01_2022-FSSAI.pdf,28.0,https://www.fssai.gov.in/upload/uploadfiles/files/Compendium_Packaging_Labelling_Regulations_28_01_2022.pdf
Tomato,,Imidacloprid,Pesticide residue,1,mg/kg (MRL),Tomato,"FSSAI (Contaminants, Toxins and Residues) Regulations, 2011 - Version VI (27.01.2022)",FSSAI,Compendium_Contaminants_Regulations_28_01_2022-FSSAI.pdf,28.0,https://www.fssai.gov.in/upload/uploadfiles/files/Compendium_Packaging_Labelling_Regulations_28_01_2022.pdf
Cucumber,,Imidacloprid,Pesticide residue,1,mg/kg (MRL),Cucumber,"FSSAI (Contaminants, Toxins and Residues) Regulations, 2011 - Version VI (27.01.2022)",FSSAI,Compendium_Contaminants_Regulations_28_01_2022-FSSAI.pdf,28.0,https://www.fssai.gov.in/upload/uploadfiles/files/Compendium_Packaging_Labelling_Regulations_28_01_2022.pdf
Cotton seed Oil,,Imidacloprid,Pesticide residue,0.05,mg/kg (MRL),Cotton seed Oil,"FSSAI (Contaminants, Toxins and Residues) Regulations, 2011 - Version VI (27.01.2022)",FSSAI,Compendium_Contaminants_Regulations_28_01_2022-FSSAI.pdf,28.0,https://www.fssai.gov.in/upload/uploadfiles/files/Compendium_Packaging_Labelling_Regulations_28_01_2022.pdf
Rice,,Imidacloprid,Pesticide residue,0.05,mg/kg (MRL),Rice,"FSSAI (Contaminants, Toxins and Residues) Regulations, 2011 - Version VI (27.01.2022)",FSSAI,Compendium_Contaminants_Regulations_28_01_2022-FSSAI.pdf,28.0,https://www.fssai.gov.in/upload/uploadfiles/files/Compendium_Packaging_Labelling_Regulations_28_01_2022.pdf
Brinjal,,Imidacloprid,Pesticide residue,0.2,mg/kg (MRL),Brinjal,"FSSAI (Contaminants, Toxins and Residues) Regulations, 2011 - Version VI (27.01.2022)",FSSAI,Compendium_Contaminants_Regulations_28_01_2022-FSSAI.pdf,28.0,https://www.fssai.gov.in/upload/uploadfiles/files/Compendium_Packaging_Labelling_Regulations_28_01_2022.pdf
Milk and Milk products,,Imidacloprid,Pesticide residue,0.1,mg/kg (MRL),Milk and Milk products,"FSSAI (Contaminants, Toxins and Residues) Regulations, 2011 - Version VI (27.01.2022)",FSSAI,Compendium_Contaminants_Regulations_28_01_2022-FSSAI.pdf,28.0,https://www.fssai.gov.in/upload/uploadfiles/files/Compendium_Packaging_Labelling_Regulations_28_01_2022.pdf
Meat and Meat products,,Imidacloprid,Pesticide residue,0.1,mg/kg (MRL),Meat and Meat products,"FSSAI (Contaminants, Toxins and Residues) Regulations, 2011 - Version VI (27.01.2022)",FSSAI,Compendium_Contaminants_Regulations_28_01_2022-FSSAI.pdf,28.0,https://www.fssai.gov.in/upload/uploadfiles/files/Compendium_Packaging_Labelling_Regulations_28_01_2022.pdf
Soya bean,,Imidacloprid,Pesticide residue,3.0,mg/kg (MRL),Soya bean,"FSSAI (Contaminants, Toxins and Residues) Regulations, 2011 - Version VI (27.01.2022)",FSSAI,Compendium_Contaminants_Regulations_28_01_2022-FSSAI.pdf,28.0,https://www.fssai.gov.in/upload/uploadfiles/files/Compendium_Packaging_Labelling_Regulations_28_01_2022.pdf
Soya bean Oil,,Imidacloprid,Pesticide residue,0.01*,mg/kg (MRL),Soya bean Oil,"FSSAI (Contaminants, Toxins and Residues) Regulations, 2011 - Version VI (27.01.2022)",FSSAI,Compendium_Contaminants_Regulations_28_01_2022-FSSAI.pdf,28.0,https://www.fssai.gov.in/upload/uploadfiles/files/Compendium_Packaging_Labelling_Regulations_28_01_2022.pdf
Tomato,,Indoxacarb,Pesticide residue,0.5,mg/kg (MRL),Tomato,"FSSAI (Contaminants, Toxins and Residues) Regulations, 2011 - Version VI (27.01.2022)",FSSAI,Compendium_Contaminants_Regulations_28_01_2022-FSSAI.pdf,28.0,https://www.fssai.gov.in/upload/uploadfiles/files/Compendium_Packaging_Labelling_Regulations_28_01_2022.pdf
Chilli,,Indoxacarb,Pesticide residue,0.01,mg/kg (MRL),Chilli,"FSSAI (Contaminants, Toxins and Residues) Regulations, 2011 - Version VI (27.01.2022)",FSSAI,Compendium_Contaminants_Regulations_28_01_2022-FSSAI.pdf,28.0,https://www.fssai.gov.in/upload/uploadfiles/files/Compendium_Packaging_Labelling_Regulations_28_01_2022.pdf
Dried Chilli,,Indoxacarb,Pesticide residue,0.1,mg/kg (MRL),Dried Chilli,"FSSAI (Contaminants, Toxins and Residues) Regulations, 2011 - Version VI (27.01.2022)",FSSAI,Compendium_Contaminants_Regulations_28_01_2022-FSSAI.pdf,28.0,https://www.fssai.gov.in/upload/uploadfiles/files/Compendium_Packaging_Labelling_Regulations_28_01_2022.pdf
Pigeon pea,,Indoxacarb,Pesticide residue,0.1,mg/kg (MRL),Pigeon pea,"FSSAI (Contaminants, Toxins and Residues) Regulations, 2011 - Version VI (27.01.2022)",FSSAI,Compendium_Contaminants_Regulations_28_01_2022-FSSAI.pdf,28.0,https://www.fssai.gov.in/upload/uploadfiles/files/Compendium_Packaging_Labelling_Regulations_28_01_2022.pdf
Chick Pea,,Indoxacarb,Pesticide residue,0.2,mg/kg (MRL),Chick Pea,"FSSAI (Contaminants, Toxins and Residues) Regulations, 2011 - Version VI (27.01.2022)",FSSAI,Compendium_Contaminants_Regulations_28_01_2022-FSSAI.pdf,29.0,https://www.fssai.gov.in/upload/uploadfiles/files/Compendium_Packaging_Labelling_Regulations_28_01_2022.pdf
Rice,,Indoxacarb,Pesticide residue,0.05,mg/kg (MRL),Rice,"FSSAI (Contaminants, Toxins and Residues) Regulations, 2011 - Version VI (27.01.2022)",FSSAI,Compendium_Contaminants_Regulations_28_01_2022-FSSAI.pdf,29.0,https://www.fssai.gov.in/upload/uploadfiles/files/Compendium_Packaging_Labelling_Regulations_28_01_2022.pdf
Soya bean,,Indoxacarb,Pesticide residue,0.5,mg/kg (MRL),Soya bean,"FSSAI (Contaminants, Toxins and Residues) Regulations, 2011 - Version VI (27.01.2022)",FSSAI,Compendium_Contaminants_Regulations_28_01_2022-FSSAI.pdf,29.0,https://www.fssai.gov.in/upload/uploadfiles/files/Compendium_Packaging_Labelling_Regulations_28_01_2022.pdf
Cottonseed,,Indoxacarb,Pesticide residue,1,mg/kg (MRL),Cottonseed,"FSSAI (Contaminants, Toxins and Residues) Regulations, 2011 - Version VI (27.01.2022)",FSSAI,Compendium_Contaminants_Regulations_28_01_2022-FSSAI.pdf,29.0,https://www.fssai.gov.in/upload/uploadfiles/files/Compendium_Packaging_Labelling_Regulations_28_01_2022.pdf
Cottonseed Oil,,Indoxacarb,Pesticide residue,0.1,mg/kg (MRL),Cottonseed Oil,"FSSAI (Contaminants, Toxins and Residues) Regulations, 2011 - Version VI (27.01.2022)",FSSAI,Compendium_Contaminants_Regulations_28_01_2022-FSSAI.pdf,29.0,https://www.fssai.gov.in/upload/uploadfiles/files/Compendium_Packaging_Labelling_Regulations_28_01_2022.pdf
Cabbage,,Indoxacarb,Pesticide residue,3,mg/kg (MRL),Cabbage,"FSSAI (Contaminants, Toxins and Residues) Regulations, 2011 - Version VI (27.01.2022)",FSSAI,Compendium_Contaminants_Regulations_28_01_2022-FSSAI.pdf,29.0,https://www.fssai.gov.in/upload/uploadfiles/files/Compendium_Packaging_Labelling_Regulations_28_01_2022.pdf
Milk and Milk products,,Indoxacarb,Pesticide residue,0.1,mg/kg (MRL),Milk and Milk products,"FSSAI (Contaminants, Toxins and Residues) Regulations, 2011 - Version VI (27.01.2022)",FSSAI,Compendium_Contaminants_Regulations_28_01_2022-FSSAI.pdf,29.0,https://www.fssai.gov.in/upload/uploadfiles/files/Compendium_Packaging_Labelling_Regulations_28_01_2022.pdf
Meat and Meat products,,Indoxacarb,Pesticide residue,2,mg/kg (MRL),Meat and Meat products,"FSSAI (Contaminants, Toxins and Residues) Regulations, 2011 - Version VI (27.01.2022)",FSSAI,Compendium_Contaminants_Regulations_28_01_2022-FSSAI.pdf,29.0,https://www.fssai.gov.in/upload/uploadfiles/files/Compendium_Packaging_Labelling_Regulations_28_01_2022.pdf
Rice,,Iprobenfos (Kitazin),Pesticide residue,0.2,mg/kg (MRL),Rice,"FSSAI (Contaminants, Toxins and Residues) Regulations, 2011 - Version VI (27.01.2022)",FSSAI,Compendium_Contaminants_Regulations_28_01_2022-FSSAI.pdf,29.0,https://www.fssai.gov.in/upload/uploadfiles/files/Compendium_Packaging_Labelling_Regulations_28_01_2022.pdf
Rape seed,,Iprodione,Pesticide residue,0.5,mg/kg (MRL),Rape seed,"FSSAI (Contaminants, Toxins and Residues) Regulations, 2011 - Version VI (27.01.2022)",FSSAI,Compendium_Contaminants_Regulations_28_01_2022-FSSAI.pdf,29.0,https://www.fssai.gov.in/upload/uploadfiles/files/Compendium_Packaging_Labelling_Regulations_28_01_2022.pdf
Mustard seed,,Iprodione,Pesticide residue,0.5,mg/kg (MRL),Mustard seed,"FSSAI (Contaminants, Toxins and Residues) Regulations, 2011 - Version VI (27.01.2022)",FSSAI,Compendium_Contaminants_Regulations_28_01_2022-FSSAI.pdf,29.0,https://www.fssai.gov.in/upload/uploadfiles/files/Compendium_Packaging_Labelling_Regulations_28_01_2022.pdf
Rice,,Iprodione,Pesticide residue,10,mg/kg (MRL),Rice,"FSSAI (Contaminants, Toxins and Residues) Regulations, 2011 - Version VI (27.01.2022)",FSSAI,Compendium_Contaminants_Regulations_28_01_2022-FSSAI.pdf,29.0,https://www.fssai.gov.in/upload/uploadfiles/files/Compendium_Packaging_Labelling_Regulations_28_01_2022.pdf
Tomato,,Iprodione,Pesticide residue,5,mg/kg (MRL),Tomato,"FSSAI (Contaminants, Toxins and Residues) Regulations, 2011 - Version VI (27.01.2022)",FSSAI,Compendium_Contaminants_Regulations_28_01_2022-FSSAI.pdf,29.0,https://www.fssai.gov.in/upload/uploadfiles/files/Compendium_Packaging_Labelling_Regulations_28_01_2022.pdf
Grapes,,Iprodione,Pesticide residue,10,mg/kg (MRL),Grapes,"FSSAI (Contaminants, Toxins and Residues) Regulations, 2011 - Version VI (27.01.2022)",FSSAI,Compendium_Contaminants_Regulations_28_01_2022-FSSAI.pdf,29.0,https://www.fssai.gov.in/upload/uploadfiles/files/Compendium_Packaging_Labelling_Regulations_28_01_2022.pdf
Rice,,Isoprothiolane,Pesticide residue,0.1,mg/kg (MRL),Rice,"FSSAI (Contaminants, Toxins and Residues) Regulations, 2011 - Version VI (27.01.2022)",FSSAI,Compendium_Contaminants_Regulations_28_01_2022-FSSAI.pdf,29.0,https://www.fssai.gov.in/upload/uploadfiles/files/Compendium_Packaging_Labelling_Regulations_28_01_2022.pdf
Wheat,,Isoproturon,Pesticide residue,0.1,mg/kg (MRL),Wheat,"FSSAI (Contaminants, Toxins and Residues) Regulations, 2011 - Version VI (27.01.2022)",FSSAI,Compendium_Contaminants_Regulations_28_01_2022-FSSAI.pdf,29.0,https://www.fssai.gov.in/upload/uploadfiles/files/Compendium_Packaging_Labelling_Regulations_28_01_2022.pdf
Rice,,Kasugamycin,Pesticide residue,0.05,mg/kg (MRL),Rice,"FSSAI (Contaminants, Toxins and Residues) Regulations, 2011 - Version VI (27.01.2022)",FSSAI,Compendium_Contaminants_Regulations_28_01_2022-FSSAI.pdf,29.0,https://www.fssai.gov.in/upload/uploadfiles/files/Compendium_Packaging_Labelling_Regulations_28_01_2022.pdf
Tomato,,Kasugamycin,Pesticide residue,0.05,mg/kg (MRL),Tomato,"FSSAI (Contaminants, Toxins and Residues) Regulations, 2011 - Version VI (27.01.2022)",FSSAI,Compendium_Contaminants_Regulations_28_01_2022-FSSAI.pdf,29.0,https://www.fssai.gov.in/upload/uploadfiles/files/Compendium_Packaging_Labelling_Regulations_28_01_2022.pdf
Methyl Milk and Milk products,,Kresoxim,Pesticide residue,0.01,mg/kg (MRL),Methyl Milk and Milk products,"FSSAI (Contaminants, Toxins and Residues) Regulations, 2011 - Version VI (27.01.2022)",FSSAI,Compendium_Contaminants_Regulations_28_01_2022-FSSAI.pdf,29.0,https://www.fssai.gov.in/upload/uploadfiles/files/Compendium_Packaging_Labelling_Regulations_28_01_2022.pdf
Meat and Meat products,,Kresoxim,Pesticide residue,0.05,mg/kg (MRL),Meat and Meat products,"FSSAI (Contaminants, Toxins and Residues) Regulations, 2011 - Version VI (27.01.2022)",FSSAI,Compendium_Contaminants_Regulations_28_01_2022-FSSAI.pdf,29.0,https://www.fssai.gov.in/upload/uploadfiles/files/Compendium_Packaging_Labelling_Regulations_28_01_2022.pdf
Maize,,Kresoxim,Pesticide residue,0.02*,mg/kg (MRL),Maize,"FSSAI (Contaminants, Toxins and Residues) Regulations, 2011 - Version VI (27.01.2022)",FSSAI,Compendium_Contaminants_Regulations_28_01_2022-FSSAI.pdf,29.0,https://www.fssai.gov.in/upload/uploadfiles/files/Compendium_Packaging_Labelling_Regulations_28_01_2022.pdf
Wheat,,Kresoxim,Pesticide residue,0.05*,mg/kg (MRL),Wheat,"FSSAI (Contaminants, Toxins and Residues) Regulations, 2011 - Version VI (27.01.2022)",FSSAI,Compendium_Contaminants_Regulations_28_01_2022-FSSAI.pdf,29.0,https://www.fssai.gov.in/upload/uploadfiles/files/Compendium_Packaging_Labelling_Regulations_28_01_2022.pdf
Chilli,,Kresoxim,Pesticide residue,0.15,mg/kg (MRL),Chilli,"FSSAI (Contaminants, Toxins and Residues) Regulations, 2011 - Version VI (27.01.2022)",FSSAI,Compendium_Contaminants_Regulations_28_01_2022-FSSAI.pdf,29.0,https://www.fssai.gov.in/upload/uploadfiles/files/Compendium_Packaging_Labelling_Regulations_28_01_2022.pdf
Dried Chilli,,Kresoxim,Pesticide residue,1.5,mg/kg (MRL),Dried Chilli,"FSSAI (Contaminants, Toxins and Residues) Regulations, 2011 - Version VI (27.01.2022)",FSSAI,Compendium_Contaminants_Regulations_28_01_2022-FSSAI.pdf,29.0,https://www.fssai.gov.in/upload/uploadfiles/files/Compendium_Packaging_Labelling_Regulations_28_01_2022.pdf
Potato,,Kresoxim,Pesticide residue,0.02*,mg/kg (MRL),Potato,"FSSAI (Contaminants, Toxins and Residues) Regulations, 2011 - Version VI (27.01.2022)",FSSAI,Compendium_Contaminants_Regulations_28_01_2022-FSSAI.pdf,29.0,https://www.fssai.gov.in/upload/uploadfiles/files/Compendium_Packaging_Labelling_Regulations_28_01_2022.pdf
Soya bean,,Kresoxim,Pesticide residue,0.02*,mg/kg (MRL),Soya bean,"FSSAI (Contaminants, Toxins and Residues) Regulations, 2011 - Version VI (27.01.2022)",FSSAI,Compendium_Contaminants_Regulations_28_01_2022-FSSAI.pdf,29.0,https://www.fssai.gov.in/upload/uploadfiles/files/Compendium_Packaging_Labelling_Regulations_28_01_2022.pdf
Soya bean Oil,,Kresoxim,Pesticide residue,0.02*,mg/kg (MRL),Soya bean Oil,"FSSAI (Contaminants, Toxins and Residues) Regulations, 2011 - Version VI (27.01.2022)",FSSAI,Compendium_Contaminants_Regulations_28_01_2022-FSSAI.pdf,29.0,https://www.fssai.gov.in/upload/uploadfiles/files/Compendium_Packaging_Labelling_Regulations_28_01_2022.pdf
Soya bean Cake,,Kresoxim,Pesticide residue,0.02*,mg/kg (MRL),Soya bean Cake,"FSSAI (Contaminants, Toxins and Residues) Regulations, 2011 - Version VI (27.01.2022)",FSSAI,Compendium_Contaminants_Regulations_28_01_2022-FSSAI.pdf,29.0,https://www.fssai.gov.in/upload/uploadfiles/files/Compendium_Packaging_Labelling_Regulations_28_01_2022.pdf
Cotton seed Oil,,Kresoxim,Pesticide residue,0.02*,mg/kg (MRL),Cotton seed Oil,"FSSAI (Contaminants, Toxins and Residues) Regulations, 2011 - Version VI (27.01.2022)",FSSAI,Compendium_Contaminants_Regulations_28_01_2022-FSSAI.pdf,29.0,https://www.fssai.gov.in/upload/uploadfiles/files/Compendium_Packaging_Labelling_Regulations_28_01_2022.pdf
Brinjal,,Lambda cyhalothrin,Pesticide residue,0.2,mg/kg (MRL),Brinjal,"FSSAI (Contaminants, Toxins and Residues) Regulations, 2011 - Version VI (27.01.2022)",FSSAI,Compendium_Contaminants_Regulations_28_01_2022-FSSAI.pdf,29.0,https://www.fssai.gov.in/upload/uploadfiles/files/Compendium_Packaging_Labelling_Regulations_28_01_2022.pdf
Tomato,,Lambda cyhalothrin,Pesticide residue,0.1,mg/kg (MRL),Tomato,"FSSAI (Contaminants, Toxins and Residues) Regulations, 2011 - Version VI (27.01.2022)",FSSAI,Compendium_Contaminants_Regulations_28_01_2022-FSSAI.pdf,29.0,https://www.fssai.gov.in/upload/uploadfiles/files/Compendium_Packaging_Labelling_Regulations_28_01_2022.pdf
Rice,,Lambda cyhalothrin,Pesticide residue,1,mg/kg (MRL),Rice,"FSSAI (Contaminants, Toxins and Residues) Regulations, 2011 - Version VI (27.01.2022)",FSSAI,Compendium_Contaminants_Regulations_28_01_2022-FSSAI.pdf,29.0,https://www.fssai.gov.in/upload/uploadfiles/files/Compendium_Packaging_Labelling_Regulations_28_01_2022.pdf
Okra,,Lambda cyhalothrin,Pesticide residue,2,mg/kg (MRL),Okra,"FSSAI (Contaminants, Toxins and Residues) Regulations, 2011 - Version VI (27.01.2022)",FSSAI,Compendium_Contaminants_Regulations_28_01_2022-FSSAI.pdf,29.0,https://www.fssai.gov.in/upload/uploadfiles/files/Compendium_Packaging_Labelling_Regulations_28_01_2022.pdf
Red Gram,,Lambda cyhalothrin,Pesticide residue,0.05,mg/kg (MRL),Red Gram,"FSSAI (Contaminants, Toxins and Residues) Regulations, 2011 - Version VI (27.01.2022)",FSSAI,Compendium_Contaminants_Regulations_28_01_2022-FSSAI.pdf,29.0,https://www.fssai.gov.in/upload/uploadfiles/files/Compendium_Packaging_Labelling_Regulations_28_01_2022.pdf
Bengal Gram,,Lambda cyhalothrin,Pesticide residue,0.05,mg/kg (MRL),Bengal Gram,"FSSAI (Contaminants, Toxins and Residues) Regulations, 2011 - Version VI (27.01.2022)",FSSAI,Compendium_Contaminants_Regulations_28_01_2022-FSSAI.pdf,29.0,https://www.fssai.gov.in/upload/uploadfiles/files/Compendium_Packaging_Labelling_Regulations_28_01_2022.pdf
Chilli,,Lambda cyhalothrin,Pesticide residue,0.05,mg/kg (MRL),Chilli,"FSSAI (Contaminants, Toxins and Residues) Regulations, 2011 - Version VI (27.01.2022)",FSSAI,Compendium_Contaminants_Regulations_28_01_2022-FSSAI.pdf,29.0,https://www.fssai.gov.in/upload/uploadfiles/files/Compendium_Packaging_Labelling_Regulations_28_01_2022.pdf
Dried Chilli,,Lambda cyhalothrin,Pesticide residue,0.5,mg/kg (MRL),Dried Chilli,"FSSAI (Contaminants, Toxins and Residues) Regulations, 2011 - Version VI (27.01.2022)",FSSAI,Compendium_Contaminants_Regulations_28_01_2022-FSSAI.pdf,29.0,https://www.fssai.gov.in/upload/uploadfiles/files/Compendium_Packaging_Labelling_Regulations_28_01_2022.pdf
Groundnut seed,,Lambda cyhalothrin,Pesticide residue,0.01,mg/kg (MRL),Groundnut seed,"FSSAI (Contaminants, Toxins and Residues) Regulations, 2011 - Version VI (27.01.2022)",FSSAI,Compendium_Contaminants_Regulations_28_01_2022-FSSAI.pdf,29.0,https://www.fssai.gov.in/upload/uploadfiles/files/Compendium_Packaging_Labelling_Regulations_28_01_2022.pdf
Onion,,Lambda cyhalothrin,Pesticide residue,0.01,mg/kg (MRL),Onion,"FSSAI (Contaminants, Toxins and Residues) Regulations, 2011 - Version VI (27.01.2022)",FSSAI,Compendium_Contaminants_Regulations_28_01_2022-FSSAI.pdf,29.0,https://www.fssai.gov.in/upload/uploadfiles/files/Compendium_Packaging_Labelling_Regulations_28_01_2022.pdf
Soya bean,,Lambda cyhalothrin,Pesticide residue,0.01,mg/kg (MRL),Soya bean,"FSSAI (Contaminants, Toxins and Residues) Regulations, 2011 - Version VI (27.01.2022)",FSSAI,Compendium_Contaminants_Regulations_28_01_2022-FSSAI.pdf,29.0,https://www.fssai.gov.in/upload/uploadfiles/files/Compendium_Packaging_Labelling_Regulations_28_01_2022.pdf
Mango,,Lambda cyhalothrin,Pesticide residue,0.2,mg/kg (MRL),Mango,"FSSAI (Contaminants, Toxins and Residues) Regulations, 2011 - Version VI (27.01.2022)",FSSAI,Compendium_Contaminants_Regulations_28_01_2022-FSSAI.pdf,29.0,https://www.fssai.gov.in/upload/uploadfiles/files/Compendium_Packaging_Labelling_Regulations_28_01_2022.pdf
Grapes,,Lambda cyhalothrin,Pesticide residue,0.05,mg/kg (MRL),Grapes,"FSSAI (Contaminants, Toxins and Residues) Regulations, 2011 - Version VI (27.01.2022)",FSSAI,Compendium_Contaminants_Regulations_28_01_2022-FSSAI.pdf,29.0,https://www.fssai.gov.in/upload/uploadfiles/files/Compendium_Packaging_Labelling_Regulations_28_01_2022.pdf
Cotton seed Oil,,Lambda cyhalothrin,Pesticide residue,0.05,mg/kg (MRL),Cotton seed Oil,"FSSAI (Contaminants, Toxins and Residues) Regulations, 2011 - Version VI (27.01.2022)",FSSAI,Compendium_Contaminants_Regulations_28_01_2022-FSSAI.pdf,29.0,https://www.fssai.gov.in/upload/uploadfiles/files/Compendium_Packaging_Labelling_Regulations_28_01_2022.pdf
Tea,,Lambda cyhalothrin,Pesticide residue,0.05*,mg/kg (MRL),Tea,"FSSAI (Contaminants, Toxins and Residues) Regulations, 2011 - Version VI (27.01.2022)",FSSAI,Compendium_Contaminants_Regulations_28_01_2022-FSSAI.pdf,29.0,https://www.fssai.gov.in/upload/uploadfiles/files/Compendium_Packaging_Labelling_Regulations_28_01_2022.pdf
Maize,,Lambda cyhalothrin,Pesticide residue,0.01*,mg/kg (MRL),Maize,"FSSAI (Contaminants, Toxins and Residues) Regulations, 2011 - Version VI (27.01.2022)",FSSAI,Compendium_Contaminants_Regulations_28_01_2022-FSSAI.pdf,29.0,https://www.fssai.gov.in/upload/uploadfiles/files/Compendium_Packaging_Labelling_Regulations_28_01_2022.pdf
Pea,,Linuron,Pesticide residue,0.05,mg/kg (MRL),Pea,"FSSAI (Contaminants, Toxins and Residues) Regulations, 2011 - Version VI (27.01.2022)",FSSAI,Compendium_Contaminants_Regulations_28_01_2022-FSSAI.pdf,29.0,https://www.fssai.gov.in/upload/uploadfiles/files/Compendium_Packaging_Labelling_Regulations_28_01_2022.pdf
Cauliflower,,Lufenuron,Pesticide residue,0.1,mg/kg (MRL),Cauliflower,"FSSAI (Contaminants, Toxins and Residues) Regulations, 2011 - Version VI (27.01.2022)",FSSAI,Compendium_Contaminants_Regulations_28_01_2022-FSSAI.pdf,29.0,https://www.fssai.gov.in/upload/uploadfiles/files/Compendium_Packaging_Labelling_Regulations_28_01_2022.pdf
Cotton seed,,Lufenuron,Pesticide residue,0.01,mg/kg (MRL),Cotton seed,"FSSAI (Contaminants, Toxins and Residues) Regulations, 2011 - Version VI (27.01.2022)",FSSAI,Compendium_Contaminants_Regulations_28_01_2022-FSSAI.pdf,29.0,https://www.fssai.gov.in/upload/uploadfiles/files/Compendium_Packaging_Labelling_Regulations_28_01_2022.pdf
Black Gram,,Lufenuron,Pesticide residue,0.02*,mg/kg (MRL),Black Gram,"FSSAI (Contaminants, Toxins and Residues) Regulations, 2011 - Version VI (27.01.2022)",FSSAI,Compendium_Contaminants_Regulations_28_01_2022-FSSAI.pdf,30.0,https://www.fssai.gov.in/upload/uploadfiles/files/Compendium_Packaging_Labelling_Regulations_28_01_2022.pdf
Chilli,,Lufenuron,Pesticide residue,0.05,mg/kg (MRL),Chilli,"FSSAI (Contaminants, Toxins and Residues) Regulations, 2011 - Version VI (27.01.2022)",FSSAI,Compendium_Contaminants_Regulations_28_01_2022-FSSAI.pdf,30.0,https://www.fssai.gov.in/upload/uploadfiles/files/Compendium_Packaging_Labelling_Regulations_28_01_2022.pdf
Dried Chilli,,Lufenuron,Pesticide residue,0.5,mg/kg (MRL),Dried Chilli,"FSSAI (Contaminants, Toxins and Residues) Regulations, 2011 - Version VI (27.01.2022)",FSSAI,Compendium_Contaminants_Regulations_28_01_2022-FSSAI.pdf,30.0,https://www.fssai.gov.in/upload/uploadfiles/files/Compendium_Packaging_Labelling_Regulations_28_01_2022.pdf
Cabbage,,Lufenuron,Pesticide residue,0.3,mg/kg (MRL),Cabbage,"FSSAI (Contaminants, Toxins and Residues) Regulations, 2011 - Version VI (27.01.2022)",FSSAI,Compendium_Contaminants_Regulations_28_01_2022-FSSAI.pdf,30.0,https://www.fssai.gov.in/upload/uploadfiles/files/Compendium_Packaging_Labelling_Regulations_28_01_2022.pdf
Pigeon pea,,Lufenuron,Pesticide residue,0.01,mg/kg (MRL),Pigeon pea,"FSSAI (Contaminants, Toxins and Residues) Regulations, 2011 - Version VI (27.01.2022)",FSSAI,Compendium_Contaminants_Regulations_28_01_2022-FSSAI.pdf,30.0,https://www.fssai.gov.in/upload/uploadfiles/files/Compendium_Packaging_Labelling_Regulations_28_01_2022.pdf
"determined and expressed as combined residues of malathion and malaoxon) Food grains Wheat-10.0, Maize",,Malathion (Malathion to be,Pesticide residue,0.05,mg/kg (MRL),"determined and expressed as combined residues of malathion and malaoxon) Food grains Wheat-10.0, Maize","FSSAI (Contaminants, Toxins and Residues) Regulations, 2011 - Version VI (27.01.2022)",FSSAI,Compendium_Contaminants_Regulations_28_01_2022-FSSAI.pdf,30.0,https://www.fssai.gov.in/upload/uploadfiles/files/Compendium_Packaging_Labelling_Regulations_28_01_2022.pdf
and other food grains,,Malathion (Malathion to be,Pesticide residue,4,mg/kg (MRL),and other food grains,"FSSAI (Contaminants, Toxins and Residues) Regulations, 2011 - Version VI (27.01.2022)",FSSAI,Compendium_Contaminants_Regulations_28_01_2022-FSSAI.pdf,30.0,https://www.fssai.gov.in/upload/uploadfiles/files/Compendium_Packaging_Labelling_Regulations_28_01_2022.pdf
Milled food grains,,Malathion (Malathion to be,Pesticide residue,1,mg/kg (MRL),Milled food grains,"FSSAI (Contaminants, Toxins and Residues) Regulations, 2011 - Version VI (27.01.2022)",FSSAI,Compendium_Contaminants_Regulations_28_01_2022-FSSAI.pdf,30.0,https://www.fssai.gov.in/upload/uploadfiles/files/Compendium_Packaging_Labelling_Regulations_28_01_2022.pdf
Fruits,,Malathion (Malathion to be,Pesticide residue,4,mg/kg (MRL),Fruits,"FSSAI (Contaminants, Toxins and Residues) Regulations, 2011 - Version VI (27.01.2022)",FSSAI,Compendium_Contaminants_Regulations_28_01_2022-FSSAI.pdf,30.0,https://www.fssai.gov.in/upload/uploadfiles/files/Compendium_Packaging_Labelling_Regulations_28_01_2022.pdf
Vegetables,,Malathion (Malathion to be,Pesticide residue,3,mg/kg (MRL),Vegetables,"FSSAI (Contaminants, Toxins and Residues) Regulations, 2011 - Version VI (27.01.2022)",FSSAI,Compendium_Contaminants_Regulations_28_01_2022-FSSAI.pdf,30.0,https://www.fssai.gov.in/upload/uploadfiles/files/Compendium_Packaging_Labelling_Regulations_28_01_2022.pdf
Dried fruits,,Malathion (Malathion to be,Pesticide residue,8,mg/kg (MRL),Dried fruits,"FSSAI (Contaminants, Toxins and Residues) Regulations, 2011 - Version VI (27.01.2022)",FSSAI,Compendium_Contaminants_Regulations_28_01_2022-FSSAI.pdf,30.0,https://www.fssai.gov.in/upload/uploadfiles/files/Compendium_Packaging_Labelling_Regulations_28_01_2022.pdf
Carbonated Water,,Malathion (Malathion to be,Pesticide residue,0.01,mg/kg (MRL),Carbonated Water,"FSSAI (Contaminants, Toxins and Residues) Regulations, 2011 - Version VI (27.01.2022)",FSSAI,Compendium_Contaminants_Regulations_28_01_2022-FSSAI.pdf,30.0,https://www.fssai.gov.in/upload/uploadfiles/files/Compendium_Packaging_Labelling_Regulations_28_01_2022.pdf
Grapes,,Mandipropamid,Pesticide residue,2,mg/kg (MRL),Grapes,"FSSAI (Contaminants, Toxins and Residues) Regulations, 2011 - Version VI (27.01.2022)",FSSAI,Compendium_Contaminants_Regulations_28_01_2022-FSSAI.pdf,30.0,https://www.fssai.gov.in/upload/uploadfiles/files/Compendium_Packaging_Labelling_Regulations_28_01_2022.pdf
Tomato,,Mandipropamid,Pesticide residue,0.3,mg/kg (MRL),Tomato,"FSSAI (Contaminants, Toxins and Residues) Regulations, 2011 - Version VI (27.01.2022)",FSSAI,Compendium_Contaminants_Regulations_28_01_2022-FSSAI.pdf,30.0,https://www.fssai.gov.in/upload/uploadfiles/files/Compendium_Packaging_Labelling_Regulations_28_01_2022.pdf
Potato,,Mandipropamid,Pesticide residue,0.05*,mg/kg (MRL),Potato,"FSSAI (Contaminants, Toxins and Residues) Regulations, 2011 - Version VI (27.01.2022)",FSSAI,Compendium_Contaminants_Regulations_28_01_2022-FSSAI.pdf,30.0,https://www.fssai.gov.in/upload/uploadfiles/files/Compendium_Packaging_Labelling_Regulations_28_01_2022.pdf
Chloride Potato,,Mepiquat,Pesticide residue,0.1,mg/kg (MRL),Chloride Potato,"FSSAI (Contaminants, Toxins and Residues) Regulations, 2011 - Version VI (27.01.2022)",FSSAI,Compendium_Contaminants_Regulations_28_01_2022-FSSAI.pdf,30.0,https://www.fssai.gov.in/upload/uploadfiles/files/Compendium_Packaging_Labelling_Regulations_28_01_2022.pdf
Cotton seed,,Mepiquat,Pesticide residue,0.5,mg/kg (MRL),Cotton seed,"FSSAI (Contaminants, Toxins and Residues) Regulations, 2011 - Version VI (27.01.2022)",FSSAI,Compendium_Contaminants_Regulations_28_01_2022-FSSAI.pdf,30.0,https://www.fssai.gov.in/upload/uploadfiles/files/Compendium_Packaging_Labelling_Regulations_28_01_2022.pdf
Cotton seed Oil,,Mepiquat,Pesticide residue,0.5,mg/kg (MRL),Cotton seed Oil,"FSSAI (Contaminants, Toxins and Residues) Regulations, 2011 - Version VI (27.01.2022)",FSSAI,Compendium_Contaminants_Regulations_28_01_2022-FSSAI.pdf,30.0,https://www.fssai.gov.in/upload/uploadfiles/files/Compendium_Packaging_Labelling_Regulations_28_01_2022.pdf
Methyl Wheat,,Mesosulfuron,Pesticide residue,0.01,mg/kg (MRL),Methyl Wheat,"FSSAI (Contaminants, Toxins and Residues) Regulations, 2011 - Version VI (27.01.2022)",FSSAI,Compendium_Contaminants_Regulations_28_01_2022-FSSAI.pdf,30.0,https://www.fssai.gov.in/upload/uploadfiles/files/Compendium_Packaging_Labelling_Regulations_28_01_2022.pdf
Cabbage,,Metaflumizone,Pesticide residue,0.05,mg/kg (MRL),Cabbage,"FSSAI (Contaminants, Toxins and Residues) Regulations, 2011 - Version VI (27.01.2022)",FSSAI,Compendium_Contaminants_Regulations_28_01_2022-FSSAI.pdf,30.0,https://www.fssai.gov.in/upload/uploadfiles/files/Compendium_Packaging_Labelling_Regulations_28_01_2022.pdf
Pearl Millet (Bajra),,Metalaxyl,Pesticide residue,0.05,mg/kg (MRL),Pearl Millet (Bajra),"FSSAI (Contaminants, Toxins and Residues) Regulations, 2011 - Version VI (27.01.2022)",FSSAI,Compendium_Contaminants_Regulations_28_01_2022-FSSAI.pdf,30.0,https://www.fssai.gov.in/upload/uploadfiles/files/Compendium_Packaging_Labelling_Regulations_28_01_2022.pdf
Maize,,Metalaxyl,Pesticide residue,0.05,mg/kg (MRL),Maize,"FSSAI (Contaminants, Toxins and Residues) Regulations, 2011 - Version VI (27.01.2022)",FSSAI,Compendium_Contaminants_Regulations_28_01_2022-FSSAI.pdf,30.0,https://www.fssai.gov.in/upload/uploadfiles/files/Compendium_Packaging_Labelling_Regulations_28_01_2022.pdf
Sorghum,,Metalaxyl,Pesticide residue,0.05,mg/kg (MRL),Sorghum,"FSSAI (Contaminants, Toxins and Residues) Regulations, 2011 - Version VI (27.01.2022)",FSSAI,Compendium_Contaminants_Regulations_28_01_2022-FSSAI.pdf,30.0,https://www.fssai.gov.in/upload/uploadfiles/files/Compendium_Packaging_Labelling_Regulations_28_01_2022.pdf
Potato,,Metalaxyl-M,Pesticide residue,0.05*,mg/kg (MRL),Potato,"FSSAI (Contaminants, Toxins and Residues) Regulations, 2011 - Version VI (27.01.2022)",FSSAI,Compendium_Contaminants_Regulations_28_01_2022-FSSAI.pdf,30.0,https://www.fssai.gov.in/upload/uploadfiles/files/Compendium_Packaging_Labelling_Regulations_28_01_2022.pdf
Grapes,,Metalaxyl-M,Pesticide residue,1,mg/kg (MRL),Grapes,"FSSAI (Contaminants, Toxins and Residues) Regulations, 2011 - Version VI (27.01.2022)",FSSAI,Compendium_Contaminants_Regulations_28_01_2022-FSSAI.pdf,30.0,https://www.fssai.gov.in/upload/uploadfiles/files/Compendium_Packaging_Labelling_Regulations_28_01_2022.pdf
Black pepper,,Metalaxyl-M,Pesticide residue,0.5,mg/kg (MRL),Black pepper,"FSSAI (Contaminants, Toxins and Residues) Regulations, 2011 - Version VI (27.01.2022)",FSSAI,Compendium_Contaminants_Regulations_28_01_2022-FSSAI.pdf,30.0,https://www.fssai.gov.in/upload/uploadfiles/files/Compendium_Packaging_Labelling_Regulations_28_01_2022.pdf
Mustard Seed,,Metalaxyl-M,Pesticide residue,0.01,mg/kg (MRL),Mustard Seed,"FSSAI (Contaminants, Toxins and Residues) Regulations, 2011 - Version VI (27.01.2022)",FSSAI,Compendium_Contaminants_Regulations_28_01_2022-FSSAI.pdf,30.0,https://www.fssai.gov.in/upload/uploadfiles/files/Compendium_Packaging_Labelling_Regulations_28_01_2022.pdf
Chilli,,Metalaxyl-M,Pesticide residue,0.02,mg/kg (MRL),Chilli,"FSSAI (Contaminants, Toxins and Residues) Regulations, 2011 - Version VI (27.01.2022)",FSSAI,Compendium_Contaminants_Regulations_28_01_2022-FSSAI.pdf,30.0,https://www.fssai.gov.in/upload/uploadfiles/files/Compendium_Packaging_Labelling_Regulations_28_01_2022.pdf
Dried Chilli,,Metalaxyl-M,Pesticide residue,0.2,mg/kg (MRL),Dried Chilli,"FSSAI (Contaminants, Toxins and Residues) Regulations, 2011 - Version VI (27.01.2022)",FSSAI,Compendium_Contaminants_Regulations_28_01_2022-FSSAI.pdf,30.0,https://www.fssai.gov.in/upload/uploadfiles/files/Compendium_Packaging_Labelling_Regulations_28_01_2022.pdf
Tomato,,Metalaxyl-M,Pesticide residue,0.5,mg/kg (MRL),Tomato,"FSSAI (Contaminants, Toxins and Residues) Regulations, 2011 - Version VI (27.01.2022)",FSSAI,Compendium_Contaminants_Regulations_28_01_2022-FSSAI.pdf,30.0,https://www.fssai.gov.in/upload/uploadfiles/files/Compendium_Packaging_Labelling_Regulations_28_01_2022.pdf
Wheat,,Methabenzthiazuron,Pesticide residue,0.5,mg/kg (MRL),Wheat,"FSSAI (Contaminants, Toxins and Residues) Regulations, 2011 - Version VI (27.01.2022)",FSSAI,Compendium_Contaminants_Regulations_28_01_2022-FSSAI.pdf,30.0,https://www.fssai.gov.in/upload/uploadfiles/files/Compendium_Packaging_Labelling_Regulations_28_01_2022.pdf
Tomato,,Methomyl,Pesticide residue,1,mg/kg (MRL),Tomato,"FSSAI (Contaminants, Toxins and Residues) Regulations, 2011 - Version VI (27.01.2022)",FSSAI,Compendium_Contaminants_Regulations_28_01_2022-FSSAI.pdf,30.0,https://www.fssai.gov.in/upload/uploadfiles/files/Compendium_Packaging_Labelling_Regulations_28_01_2022.pdf
Pigeon pea seeds,,Methomyl,Pesticide residue,0.05,mg/kg (MRL),Pigeon pea seeds,"FSSAI (Contaminants, Toxins and Residues) Regulations, 2011 - Version VI (27.01.2022)",FSSAI,Compendium_Contaminants_Regulations_28_01_2022-FSSAI.pdf,30.0,https://www.fssai.gov.in/upload/uploadfiles/files/Compendium_Packaging_Labelling_Regulations_28_01_2022.pdf
Chilli,,Methomyl,Pesticide residue,0.05,mg/kg (MRL),Chilli,"FSSAI (Contaminants, Toxins and Residues) Regulations, 2011 - Version VI (27.01.2022)",FSSAI,Compendium_Contaminants_Regulations_28_01_2022-FSSAI.pdf,30.0,https://www.fssai.gov.in/upload/uploadfiles/files/Compendium_Packaging_Labelling_Regulations_28_01_2022.pdf
Dried Chilli,,Methomyl,Pesticide residue,0.5,mg/kg (MRL),Dried Chilli,"FSSAI (Contaminants, Toxins and Residues) Regulations, 2011 - Version VI (27.01.2022)",FSSAI,Compendium_Contaminants_Regulations_28_01_2022-FSSAI.pdf,30.0,https://www.fssai.gov.in/upload/uploadfiles/files/Compendium_Packaging_Labelling_Regulations_28_01_2022.pdf
Groundnut seed,,Methomyl,Pesticide residue,0.05,mg/kg (MRL),Groundnut seed,"FSSAI (Contaminants, Toxins and Residues) Regulations, 2011 - Version VI (27.01.2022)",FSSAI,Compendium_Contaminants_Regulations_28_01_2022-FSSAI.pdf,30.0,https://www.fssai.gov.in/upload/uploadfiles/files/Compendium_Packaging_Labelling_Regulations_28_01_2022.pdf
Grapes,,Methomyl,Pesticide residue,0.3,mg/kg (MRL),Grapes,"FSSAI (Contaminants, Toxins and Residues) Regulations, 2011 - Version VI (27.01.2022)",FSSAI,Compendium_Contaminants_Regulations_28_01_2022-FSSAI.pdf,30.0,https://www.fssai.gov.in/upload/uploadfiles/files/Compendium_Packaging_Labelling_Regulations_28_01_2022.pdf
Soya bean,,Methomyl,Pesticide residue,0.2,mg/kg (MRL),Soya bean,"FSSAI (Contaminants, Toxins and Residues) Regulations, 2011 - Version VI (27.01.2022)",FSSAI,Compendium_Contaminants_Regulations_28_01_2022-FSSAI.pdf,30.0,https://www.fssai.gov.in/upload/uploadfiles/files/Compendium_Packaging_Labelling_Regulations_28_01_2022.pdf
Milk and Milk products,,Methomyl,Pesticide residue,0.02,mg/kg (MRL),Milk and Milk products,"FSSAI (Contaminants, Toxins and Residues) Regulations, 2011 - Version VI (27.01.2022)",FSSAI,Compendium_Contaminants_Regulations_28_01_2022-FSSAI.pdf,30.0,https://www.fssai.gov.in/upload/uploadfiles/files/Compendium_Packaging_Labelling_Regulations_28_01_2022.pdf
Meat and Meat products,,Methomyl,Pesticide residue,0.02,mg/kg (MRL),Meat and Meat products,"FSSAI (Contaminants, Toxins and Residues) Regulations, 2011 - Version VI (27.01.2022)",FSSAI,Compendium_Contaminants_Regulations_28_01_2022-FSSAI.pdf,30.0,https://www.fssai.gov.in/upload/uploadfiles/files/Compendium_Packaging_Labelling_Regulations_28_01_2022.pdf
(MCPA) Rice,,Methyl Chlorophenoxy Acetic Acid,Pesticide residue,0.05,mg/kg (MRL),(MCPA) Rice,"FSSAI (Contaminants, Toxins and Residues) Regulations, 2011 - Version VI (27.01.2022)",FSSAI,Compendium_Contaminants_Regulations_28_01_2022-FSSAI.pdf,30.0,https://www.fssai.gov.in/upload/uploadfiles/files/Compendium_Packaging_Labelling_Regulations_28_01_2022.pdf
Wheat,,Methyl Chlorophenoxy Acetic Acid,Pesticide residue,0.2,mg/kg (MRL),Wheat,"FSSAI (Contaminants, Toxins and Residues) Regulations, 2011 - Version VI (27.01.2022)",FSSAI,Compendium_Contaminants_Regulations_28_01_2022-FSSAI.pdf,30.0,https://www.fssai.gov.in/upload/uploadfiles/files/Compendium_Packaging_Labelling_Regulations_28_01_2022.pdf
Milk and Milk products,,Methyl Chlorophenoxy Acetic Acid,Pesticide residue,0.04,mg/kg (MRL),Milk and Milk products,"FSSAI (Contaminants, Toxins and Residues) Regulations, 2011 - Version VI (27.01.2022)",FSSAI,Compendium_Contaminants_Regulations_28_01_2022-FSSAI.pdf,30.0,https://www.fssai.gov.in/upload/uploadfiles/files/Compendium_Packaging_Labelling_Regulations_28_01_2022.pdf
residues of methyl parathion and its oxygen analogue to be determined and expressed as methyl parathion) Rice,,Methyl Parathion (combined,Pesticide residue,0.01,mg/kg (MRL),residues of methyl parathion and its oxygen analogue to be determined and expressed as methyl parathion) Rice,"FSSAI (Contaminants, Toxins and Residues) Regulations, 2011 - Version VI (27.01.2022)",FSSAI,Compendium_Contaminants_Regulations_28_01_2022-FSSAI.pdf,30.0,https://www.fssai.gov.in/upload/uploadfiles/files/Compendium_Packaging_Labelling_Regulations_28_01_2022.pdf
Black Gram,,Methyl Parathion (combined,Pesticide residue,0.01,mg/kg (MRL),Black Gram,"FSSAI (Contaminants, Toxins and Residues) Regulations, 2011 - Version VI (27.01.2022)",FSSAI,Compendium_Contaminants_Regulations_28_01_2022-FSSAI.pdf,30.0,https://www.fssai.gov.in/upload/uploadfiles/files/Compendium_Packaging_Labelling_Regulations_28_01_2022.pdf
Cotton seed oil,,Methyl Parathion (combined,Pesticide residue,0.01,mg/kg (MRL),Cotton seed oil,"FSSAI (Contaminants, Toxins and Residues) Regulations, 2011 - Version VI (27.01.2022)",FSSAI,Compendium_Contaminants_Regulations_28_01_2022-FSSAI.pdf,30.0,https://www.fssai.gov.in/upload/uploadfiles/files/Compendium_Packaging_Labelling_Regulations_28_01_2022.pdf
Soya bean Oil,,Metolachlor,Pesticide residue,0.05,mg/kg (MRL),Soya bean Oil,"FSSAI (Contaminants, Toxins and Residues) Regulations, 2011 - Version VI (27.01.2022)",FSSAI,Compendium_Contaminants_Regulations_28_01_2022-FSSAI.pdf,31.0,https://www.fssai.gov.in/upload/uploadfiles/files/Compendium_Packaging_Labelling_Regulations_28_01_2022.pdf
Milk and Milk products,,Metolachlor,Pesticide residue,0.01*,mg/kg (MRL),Milk and Milk products,"FSSAI (Contaminants, Toxins and Residues) Regulations, 2011 - Version VI (27.01.2022)",FSSAI,Compendium_Contaminants_Regulations_28_01_2022-FSSAI.pdf,31.0,https://www.fssai.gov.in/upload/uploadfiles/files/Compendium_Packaging_Labelling_Regulations_28_01_2022.pdf
Tomato,,Metribuzin,Pesticide residue,0.05*,mg/kg (MRL),Tomato,"FSSAI (Contaminants, Toxins and Residues) Regulations, 2011 - Version VI (27.01.2022)",FSSAI,Compendium_Contaminants_Regulations_28_01_2022-FSSAI.pdf,31.0,https://www.fssai.gov.in/upload/uploadfiles/files/Compendium_Packaging_Labelling_Regulations_28_01_2022.pdf
Sugarcane,,Metribuzin,Pesticide residue,0.01*,mg/kg (MRL),Sugarcane,"FSSAI (Contaminants, Toxins and Residues) Regulations, 2011 - Version VI (27.01.2022)",FSSAI,Compendium_Contaminants_Regulations_28_01_2022-FSSAI.pdf,31.0,https://www.fssai.gov.in/upload/uploadfiles/files/Compendium_Packaging_Labelling_Regulations_28_01_2022.pdf
Potato,,Metribuzin,Pesticide residue,0.05*,mg/kg (MRL),Potato,"FSSAI (Contaminants, Toxins and Residues) Regulations, 2011 - Version VI (27.01.2022)",FSSAI,Compendium_Contaminants_Regulations_28_01_2022-FSSAI.pdf,31.0,https://www.fssai.gov.in/upload/uploadfiles/files/Compendium_Packaging_Labelling_Regulations_28_01_2022.pdf
Soya bean Oil,,Metribuzin,Pesticide residue,0.1,mg/kg (MRL),Soya bean Oil,"FSSAI (Contaminants, Toxins and Residues) Regulations, 2011 - Version VI (27.01.2022)",FSSAI,Compendium_Contaminants_Regulations_28_01_2022-FSSAI.pdf,31.0,https://www.fssai.gov.in/upload/uploadfiles/files/Compendium_Packaging_Labelling_Regulations_28_01_2022.pdf
Wheat,,Metribuzin,Pesticide residue,0.03,mg/kg (MRL),Wheat,"FSSAI (Contaminants, Toxins and Residues) Regulations, 2011 - Version VI (27.01.2022)",FSSAI,Compendium_Contaminants_Regulations_28_01_2022-FSSAI.pdf,31.0,https://www.fssai.gov.in/upload/uploadfiles/files/Compendium_Packaging_Labelling_Regulations_28_01_2022.pdf
Methyl Rice,,Metsulfuron,Pesticide residue,0.01,mg/kg (MRL),Methyl Rice,"FSSAI (Contaminants, Toxins and Residues) Regulations, 2011 - Version VI (27.01.2022)",FSSAI,Compendium_Contaminants_Regulations_28_01_2022-FSSAI.pdf,31.0,https://www.fssai.gov.in/upload/uploadfiles/files/Compendium_Packaging_Labelling_Regulations_28_01_2022.pdf
Wheat,,Metsulfuron,Pesticide residue,0.1,mg/kg (MRL),Wheat,"FSSAI (Contaminants, Toxins and Residues) Regulations, 2011 - Version VI (27.01.2022)",FSSAI,Compendium_Contaminants_Regulations_28_01_2022-FSSAI.pdf,31.0,https://www.fssai.gov.in/upload/uploadfiles/files/Compendium_Packaging_Labelling_Regulations_28_01_2022.pdf
Sugarcane,,Metsulfuron,Pesticide residue,0.02,mg/kg (MRL),Sugarcane,"FSSAI (Contaminants, Toxins and Residues) Regulations, 2011 - Version VI (27.01.2022)",FSSAI,Compendium_Contaminants_Regulations_28_01_2022-FSSAI.pdf,31.0,https://www.fssai.gov.in/upload/uploadfiles/files/Compendium_Packaging_Labelling_Regulations_28_01_2022.pdf
Chilli,,Milbemectin,Pesticide residue,0.01,mg/kg (MRL),Chilli,"FSSAI (Contaminants, Toxins and Residues) Regulations, 2011 - Version VI (27.01.2022)",FSSAI,Compendium_Contaminants_Regulations_28_01_2022-FSSAI.pdf,31.0,https://www.fssai.gov.in/upload/uploadfiles/files/Compendium_Packaging_Labelling_Regulations_28_01_2022.pdf
Dried Chilli,,Milbemectin,Pesticide residue,0.1,mg/kg (MRL),Dried Chilli,"FSSAI (Contaminants, Toxins and Residues) Regulations, 2011 - Version VI (27.01.2022)",FSSAI,Compendium_Contaminants_Regulations_28_01_2022-FSSAI.pdf,31.0,https://www.fssai.gov.in/upload/uploadfiles/files/Compendium_Packaging_Labelling_Regulations_28_01_2022.pdf
Food grains,,Monocrotophos,Pesticide residue,0.03,mg/kg (MRL),Food grains,"FSSAI (Contaminants, Toxins and Residues) Regulations, 2011 - Version VI (27.01.2022)",FSSAI,Compendium_Contaminants_Regulations_28_01_2022-FSSAI.pdf,31.0,https://www.fssai.gov.in/upload/uploadfiles/files/Compendium_Packaging_Labelling_Regulations_28_01_2022.pdf
Milled food grains,,Monocrotophos,Pesticide residue,0.01,mg/kg (MRL),Milled food grains,"FSSAI (Contaminants, Toxins and Residues) Regulations, 2011 - Version VI (27.01.2022)",FSSAI,Compendium_Contaminants_Regulations_28_01_2022-FSSAI.pdf,31.0,https://www.fssai.gov.in/upload/uploadfiles/files/Compendium_Packaging_Labelling_Regulations_28_01_2022.pdf
Citrus fruits,,Monocrotophos,Pesticide residue,0.2,mg/kg (MRL),Citrus fruits,"FSSAI (Contaminants, Toxins and Residues) Regulations, 2011 - Version VI (27.01.2022)",FSSAI,Compendium_Contaminants_Regulations_28_01_2022-FSSAI.pdf,31.0,https://www.fssai.gov.in/upload/uploadfiles/files/Compendium_Packaging_Labelling_Regulations_28_01_2022.pdf
Other fruits,,Monocrotophos,Pesticide residue,1,mg/kg (MRL),Other fruits,"FSSAI (Contaminants, Toxins and Residues) Regulations, 2011 - Version VI (27.01.2022)",FSSAI,Compendium_Contaminants_Regulations_28_01_2022-FSSAI.pdf,31.0,https://www.fssai.gov.in/upload/uploadfiles/files/Compendium_Packaging_Labelling_Regulations_28_01_2022.pdf
Cotton seed,,Monocrotophos,Pesticide residue,0.1,mg/kg (MRL),Cotton seed,"FSSAI (Contaminants, Toxins and Residues) Regulations, 2011 - Version VI (27.01.2022)",FSSAI,Compendium_Contaminants_Regulations_28_01_2022-FSSAI.pdf,31.0,https://www.fssai.gov.in/upload/uploadfiles/files/Compendium_Packaging_Labelling_Regulations_28_01_2022.pdf
Cotton seed Oil (raw),,Monocrotophos,Pesticide residue,0.05,mg/kg (MRL),Cotton seed Oil (raw),"FSSAI (Contaminants, Toxins and Residues) Regulations, 2011 - Version VI (27.01.2022)",FSSAI,Compendium_Contaminants_Regulations_28_01_2022-FSSAI.pdf,31.0,https://www.fssai.gov.in/upload/uploadfiles/files/Compendium_Packaging_Labelling_Regulations_28_01_2022.pdf
Meat and Poultry,,Monocrotophos,Pesticide residue,0.02,mg/kg (MRL),Meat and Poultry,"FSSAI (Contaminants, Toxins and Residues) Regulations, 2011 - Version VI (27.01.2022)",FSSAI,Compendium_Contaminants_Regulations_28_01_2022-FSSAI.pdf,31.0,https://www.fssai.gov.in/upload/uploadfiles/files/Compendium_Packaging_Labelling_Regulations_28_01_2022.pdf
Milk and Milk products,,Monocrotophos,Pesticide residue,0.02,mg/kg (MRL),Milk and Milk products,"FSSAI (Contaminants, Toxins and Residues) Regulations, 2011 - Version VI (27.01.2022)",FSSAI,Compendium_Contaminants_Regulations_28_01_2022-FSSAI.pdf,31.0,https://www.fssai.gov.in/upload/uploadfiles/files/Compendium_Packaging_Labelling_Regulations_28_01_2022.pdf
Eggs 0.02 (shell free basis) Coffee (Raw beans),,Monocrotophos,Pesticide residue,0.1,mg/kg (MRL),Eggs 0.02 (shell free basis) Coffee (Raw beans),"FSSAI (Contaminants, Toxins and Residues) Regulations, 2011 - Version VI (27.01.2022)",FSSAI,Compendium_Contaminants_Regulations_28_01_2022-FSSAI.pdf,31.0,https://www.fssai.gov.in/upload/uploadfiles/files/Compendium_Packaging_Labelling_Regulations_28_01_2022.pdf
Chilli,,Monocrotophos,Pesticide residue,0.2,mg/kg (MRL),Chilli,"FSSAI (Contaminants, Toxins and Residues) Regulations, 2011 - Version VI (27.01.2022)",FSSAI,Compendium_Contaminants_Regulations_28_01_2022-FSSAI.pdf,31.0,https://www.fssai.gov.in/upload/uploadfiles/files/Compendium_Packaging_Labelling_Regulations_28_01_2022.pdf
Dried Chilli,,Monocrotophos,Pesticide residue,2,mg/kg (MRL),Dried Chilli,"FSSAI (Contaminants, Toxins and Residues) Regulations, 2011 - Version VI (27.01.2022)",FSSAI,Compendium_Contaminants_Regulations_28_01_2022-FSSAI.pdf,31.0,https://www.fssai.gov.in/upload/uploadfiles/files/Compendium_Packaging_Labelling_Regulations_28_01_2022.pdf
Cardamom,,Monocrotophos,Pesticide residue,0.5,mg/kg (MRL),Cardamom,"FSSAI (Contaminants, Toxins and Residues) Regulations, 2011 - Version VI (27.01.2022)",FSSAI,Compendium_Contaminants_Regulations_28_01_2022-FSSAI.pdf,31.0,https://www.fssai.gov.in/upload/uploadfiles/files/Compendium_Packaging_Labelling_Regulations_28_01_2022.pdf
Apple,,Myclobutanil,Pesticide residue,0.01,mg/kg (MRL),Apple,"FSSAI (Contaminants, Toxins and Residues) Regulations, 2011 - Version VI (27.01.2022)",FSSAI,Compendium_Contaminants_Regulations_28_01_2022-FSSAI.pdf,31.0,https://www.fssai.gov.in/upload/uploadfiles/files/Compendium_Packaging_Labelling_Regulations_28_01_2022.pdf
Chilli,,Myclobutanil,Pesticide residue,0.2,mg/kg (MRL),Chilli,"FSSAI (Contaminants, Toxins and Residues) Regulations, 2011 - Version VI (27.01.2022)",FSSAI,Compendium_Contaminants_Regulations_28_01_2022-FSSAI.pdf,31.0,https://www.fssai.gov.in/upload/uploadfiles/files/Compendium_Packaging_Labelling_Regulations_28_01_2022.pdf
Dried Chilli,,Myclobutanil,Pesticide residue,2,mg/kg (MRL),Dried Chilli,"FSSAI (Contaminants, Toxins and Residues) Regulations, 2011 - Version VI (27.01.2022)",FSSAI,Compendium_Contaminants_Regulations_28_01_2022-FSSAI.pdf,31.0,https://www.fssai.gov.in/upload/uploadfiles/files/Compendium_Packaging_Labelling_Regulations_28_01_2022.pdf
Groundnut seed,,Myclobutanil,Pesticide residue,0.1,mg/kg (MRL),Groundnut seed,"FSSAI (Contaminants, Toxins and Residues) Regulations, 2011 - Version VI (27.01.2022)",FSSAI,Compendium_Contaminants_Regulations_28_01_2022-FSSAI.pdf,31.0,https://www.fssai.gov.in/upload/uploadfiles/files/Compendium_Packaging_Labelling_Regulations_28_01_2022.pdf
Grapes,,Myclobutanil,Pesticide residue,1,mg/kg (MRL),Grapes,"FSSAI (Contaminants, Toxins and Residues) Regulations, 2011 - Version VI (27.01.2022)",FSSAI,Compendium_Contaminants_Regulations_28_01_2022-FSSAI.pdf,31.0,https://www.fssai.gov.in/upload/uploadfiles/files/Compendium_Packaging_Labelling_Regulations_28_01_2022.pdf
Chilli,,Novaluron,Pesticide residue,0.01,mg/kg (MRL),Chilli,"FSSAI (Contaminants, Toxins and Residues) Regulations, 2011 - Version VI (27.01.2022)",FSSAI,Compendium_Contaminants_Regulations_28_01_2022-FSSAI.pdf,31.0,https://www.fssai.gov.in/upload/uploadfiles/files/Compendium_Packaging_Labelling_Regulations_28_01_2022.pdf
Dried Chilli,,Novaluron,Pesticide residue,0.1,mg/kg (MRL),Dried Chilli,"FSSAI (Contaminants, Toxins and Residues) Regulations, 2011 - Version VI (27.01.2022)",FSSAI,Compendium_Contaminants_Regulations_28_01_2022-FSSAI.pdf,31.0,https://www.fssai.gov.in/upload/uploadfiles/files/Compendium_Packaging_Labelling_Regulations_28_01_2022.pdf
Chickpea,,Novaluron,Pesticide residue,0.01,mg/kg (MRL),Chickpea,"FSSAI (Contaminants, Toxins and Residues) Regulations, 2011 - Version VI (27.01.2022)",FSSAI,Compendium_Contaminants_Regulations_28_01_2022-FSSAI.pdf,31.0,https://www.fssai.gov.in/upload/uploadfiles/files/Compendium_Packaging_Labelling_Regulations_28_01_2022.pdf
Cotton seed,,Novaluron,Pesticide residue,0.5,mg/kg (MRL),Cotton seed,"FSSAI (Contaminants, Toxins and Residues) Regulations, 2011 - Version VI (27.01.2022)",FSSAI,Compendium_Contaminants_Regulations_28_01_2022-FSSAI.pdf,31.0,https://www.fssai.gov.in/upload/uploadfiles/files/Compendium_Packaging_Labelling_Regulations_28_01_2022.pdf
Cotton seed Oil,,Novaluron,Pesticide residue,0.01,mg/kg (MRL),Cotton seed Oil,"FSSAI (Contaminants, Toxins and Residues) Regulations, 2011 - Version VI (27.01.2022)",FSSAI,Compendium_Contaminants_Regulations_28_01_2022-FSSAI.pdf,31.0,https://www.fssai.gov.in/upload/uploadfiles/files/Compendium_Packaging_Labelling_Regulations_28_01_2022.pdf
Tomato,,Novaluron,Pesticide residue,0.01,mg/kg (MRL),Tomato,"FSSAI (Contaminants, Toxins and Residues) Regulations, 2011 - Version VI (27.01.2022)",FSSAI,Compendium_Contaminants_Regulations_28_01_2022-FSSAI.pdf,31.0,https://www.fssai.gov.in/upload/uploadfiles/files/Compendium_Packaging_Labelling_Regulations_28_01_2022.pdf
Cabbage,,Novaluron,Pesticide residue,0.7,mg/kg (MRL),Cabbage,"FSSAI (Contaminants, Toxins and Residues) Regulations, 2011 - Version VI (27.01.2022)",FSSAI,Compendium_Contaminants_Regulations_28_01_2022-FSSAI.pdf,31.0,https://www.fssai.gov.in/upload/uploadfiles/files/Compendium_Packaging_Labelling_Regulations_28_01_2022.pdf
Paddy,,Orthosulfamuron,Pesticide residue,0.1,mg/kg (MRL),Paddy,"FSSAI (Contaminants, Toxins and Residues) Regulations, 2011 - Version VI (27.01.2022)",FSSAI,Compendium_Contaminants_Regulations_28_01_2022-FSSAI.pdf,31.0,https://www.fssai.gov.in/upload/uploadfiles/files/Compendium_Packaging_Labelling_Regulations_28_01_2022.pdf
Mustard Seed,,Oxadiargyl,Pesticide residue,0.05,mg/kg (MRL),Mustard Seed,"FSSAI (Contaminants, Toxins and Residues) Regulations, 2011 - Version VI (27.01.2022)",FSSAI,Compendium_Contaminants_Regulations_28_01_2022-FSSAI.pdf,31.0,https://www.fssai.gov.in/upload/uploadfiles/files/Compendium_Packaging_Labelling_Regulations_28_01_2022.pdf
Onion,,Oxadiargyl,Pesticide residue,0.1,mg/kg (MRL),Onion,"FSSAI (Contaminants, Toxins and Residues) Regulations, 2011 - Version VI (27.01.2022)",FSSAI,Compendium_Contaminants_Regulations_28_01_2022-FSSAI.pdf,31.0,https://www.fssai.gov.in/upload/uploadfiles/files/Compendium_Packaging_Labelling_Regulations_28_01_2022.pdf
Cumin,,Oxadiargyl,Pesticide residue,0.01,mg/kg (MRL),Cumin,"FSSAI (Contaminants, Toxins and Residues) Regulations, 2011 - Version VI (27.01.2022)",FSSAI,Compendium_Contaminants_Regulations_28_01_2022-FSSAI.pdf,31.0,https://www.fssai.gov.in/upload/uploadfiles/files/Compendium_Packaging_Labelling_Regulations_28_01_2022.pdf
Rice,,Oxadiargyl,Pesticide residue,0.1,mg/kg (MRL),Rice,"FSSAI (Contaminants, Toxins and Residues) Regulations, 2011 - Version VI (27.01.2022)",FSSAI,Compendium_Contaminants_Regulations_28_01_2022-FSSAI.pdf,31.0,https://www.fssai.gov.in/upload/uploadfiles/files/Compendium_Packaging_Labelling_Regulations_28_01_2022.pdf
Sunflower seed,,Oxadiargyl,Pesticide residue,0.05*,mg/kg (MRL),Sunflower seed,"FSSAI (Contaminants, Toxins and Residues) Regulations, 2011 - Version VI (27.01.2022)",FSSAI,Compendium_Contaminants_Regulations_28_01_2022-FSSAI.pdf,31.0,https://www.fssai.gov.in/upload/uploadfiles/files/Compendium_Packaging_Labelling_Regulations_28_01_2022.pdf
Sunflower Oil,,Oxadiargyl,Pesticide residue,0.05*,mg/kg (MRL),Sunflower Oil,"FSSAI (Contaminants, Toxins and Residues) Regulations, 2011 - Version VI (27.01.2022)",FSSAI,Compendium_Contaminants_Regulations_28_01_2022-FSSAI.pdf,31.0,https://www.fssai.gov.in/upload/uploadfiles/files/Compendium_Packaging_Labelling_Regulations_28_01_2022.pdf
Rice,,Oxadiazon,Pesticide residue,0.03,mg/kg (MRL),Rice,"FSSAI (Contaminants, Toxins and Residues) Regulations, 2011 - Version VI (27.01.2022)",FSSAI,Compendium_Contaminants_Regulations_28_01_2022-FSSAI.pdf,31.0,https://www.fssai.gov.in/upload/uploadfiles/files/Compendium_Packaging_Labelling_Regulations_28_01_2022.pdf
Cotton seed oil,,Oxydemeton-Methyl,Pesticide residue,0.01,mg/kg (MRL),Cotton seed oil,"FSSAI (Contaminants, Toxins and Residues) Regulations, 2011 - Version VI (27.01.2022)",FSSAI,Compendium_Contaminants_Regulations_28_01_2022-FSSAI.pdf,31.0,https://www.fssai.gov.in/upload/uploadfiles/files/Compendium_Packaging_Labelling_Regulations_28_01_2022.pdf
Chilli,,Oxydemeton-Methyl,Pesticide residue,2,mg/kg (MRL),Chilli,"FSSAI (Contaminants, Toxins and Residues) Regulations, 2011 - Version VI (27.01.2022)",FSSAI,Compendium_Contaminants_Regulations_28_01_2022-FSSAI.pdf,31.0,https://www.fssai.gov.in/upload/uploadfiles/files/Compendium_Packaging_Labelling_Regulations_28_01_2022.pdf
Dried chilli,,Oxydemeton-Methyl,Pesticide residue,20,mg/kg (MRL),Dried chilli,"FSSAI (Contaminants, Toxins and Residues) Regulations, 2011 - Version VI (27.01.2022)",FSSAI,Compendium_Contaminants_Regulations_28_01_2022-FSSAI.pdf,31.0,https://www.fssai.gov.in/upload/uploadfiles/files/Compendium_Packaging_Labelling_Regulations_28_01_2022.pdf
Mustard oil,,Oxydemeton-Methyl,Pesticide residue,0.01,mg/kg (MRL),Mustard oil,"FSSAI (Contaminants, Toxins and Residues) Regulations, 2011 - Version VI (27.01.2022)",FSSAI,Compendium_Contaminants_Regulations_28_01_2022-FSSAI.pdf,32.0,https://www.fssai.gov.in/upload/uploadfiles/files/Compendium_Packaging_Labelling_Regulations_28_01_2022.pdf
"Food grains Wheat-0.02, Rye",,Oxydemeton-Methyl,Pesticide residue,0.02,mg/kg (MRL),"Food grains Wheat-0.02, Rye","FSSAI (Contaminants, Toxins and Residues) Regulations, 2011 - Version VI (27.01.2022)",FSSAI,Compendium_Contaminants_Regulations_28_01_2022-FSSAI.pdf,32.0,https://www.fssai.gov.in/upload/uploadfiles/files/Compendium_Packaging_Labelling_Regulations_28_01_2022.pdf
and other Food grains- 0.02 Milk and Milk products,,Oxydemeton-Methyl,Pesticide residue,0.01,mg/kg (MRL),and other Food grains- 0.02 Milk and Milk products,"FSSAI (Contaminants, Toxins and Residues) Regulations, 2011 - Version VI (27.01.2022)",FSSAI,Compendium_Contaminants_Regulations_28_01_2022-FSSAI.pdf,32.0,https://www.fssai.gov.in/upload/uploadfiles/files/Compendium_Packaging_Labelling_Regulations_28_01_2022.pdf
Meat and Meat products,,Oxydemeton-Methyl,Pesticide residue,0.05,mg/kg (MRL),Meat and Meat products,"FSSAI (Contaminants, Toxins and Residues) Regulations, 2011 - Version VI (27.01.2022)",FSSAI,Compendium_Contaminants_Regulations_28_01_2022-FSSAI.pdf,32.0,https://www.fssai.gov.in/upload/uploadfiles/files/Compendium_Packaging_Labelling_Regulations_28_01_2022.pdf
Rice,,Oxyfluorfen,Pesticide residue,0.05,mg/kg (MRL),Rice,"FSSAI (Contaminants, Toxins and Residues) Regulations, 2011 - Version VI (27.01.2022)",FSSAI,Compendium_Contaminants_Regulations_28_01_2022-FSSAI.pdf,32.0,https://www.fssai.gov.in/upload/uploadfiles/files/Compendium_Packaging_Labelling_Regulations_28_01_2022.pdf
Groundnut Oil,,Oxyfluorfen,Pesticide residue,0.05,mg/kg (MRL),Groundnut Oil,"FSSAI (Contaminants, Toxins and Residues) Regulations, 2011 - Version VI (27.01.2022)",FSSAI,Compendium_Contaminants_Regulations_28_01_2022-FSSAI.pdf,32.0,https://www.fssai.gov.in/upload/uploadfiles/files/Compendium_Packaging_Labelling_Regulations_28_01_2022.pdf
Mentha,,Oxyfluorfen,Pesticide residue,0.01,mg/kg (MRL),Mentha,"FSSAI (Contaminants, Toxins and Residues) Regulations, 2011 - Version VI (27.01.2022)",FSSAI,Compendium_Contaminants_Regulations_28_01_2022-FSSAI.pdf,32.0,https://www.fssai.gov.in/upload/uploadfiles/files/Compendium_Packaging_Labelling_Regulations_28_01_2022.pdf
Tea,,Oxyfluorfen,Pesticide residue,0.2,mg/kg (MRL),Tea,"FSSAI (Contaminants, Toxins and Residues) Regulations, 2011 - Version VI (27.01.2022)",FSSAI,Compendium_Contaminants_Regulations_28_01_2022-FSSAI.pdf,32.0,https://www.fssai.gov.in/upload/uploadfiles/files/Compendium_Packaging_Labelling_Regulations_28_01_2022.pdf
Potato,,Oxyfluorfen,Pesticide residue,0.01,mg/kg (MRL),Potato,"FSSAI (Contaminants, Toxins and Residues) Regulations, 2011 - Version VI (27.01.2022)",FSSAI,Compendium_Contaminants_Regulations_28_01_2022-FSSAI.pdf,32.0,https://www.fssai.gov.in/upload/uploadfiles/files/Compendium_Packaging_Labelling_Regulations_28_01_2022.pdf
Onion,,Oxyfluorfen,Pesticide residue,0.05,mg/kg (MRL),Onion,"FSSAI (Contaminants, Toxins and Residues) Regulations, 2011 - Version VI (27.01.2022)",FSSAI,Compendium_Contaminants_Regulations_28_01_2022-FSSAI.pdf,32.0,https://www.fssai.gov.in/upload/uploadfiles/files/Compendium_Packaging_Labelling_Regulations_28_01_2022.pdf
Mango,,Paclobutrazol,Pesticide residue,0.01,mg/kg (MRL),Mango,"FSSAI (Contaminants, Toxins and Residues) Regulations, 2011 - Version VI (27.01.2022)",FSSAI,Compendium_Contaminants_Regulations_28_01_2022-FSSAI.pdf,32.0,https://www.fssai.gov.in/upload/uploadfiles/files/Compendium_Packaging_Labelling_Regulations_28_01_2022.pdf
as Paraquatcations) Food grains Sorghum-0.03 and other food grains,,Paraquat dichloride (Determined,Pesticide residue,0.1,mg/kg (MRL),as Paraquatcations) Food grains Sorghum-0.03 and other food grains,"FSSAI (Contaminants, Toxins and Residues) Regulations, 2011 - Version VI (27.01.2022)",FSSAI,Compendium_Contaminants_Regulations_28_01_2022-FSSAI.pdf,32.0,https://www.fssai.gov.in/upload/uploadfiles/files/Compendium_Packaging_Labelling_Regulations_28_01_2022.pdf
Milled food grains,,Paraquat dichloride (Determined,Pesticide residue,0.03,mg/kg (MRL),Milled food grains,"FSSAI (Contaminants, Toxins and Residues) Regulations, 2011 - Version VI (27.01.2022)",FSSAI,Compendium_Contaminants_Regulations_28_01_2022-FSSAI.pdf,32.0,https://www.fssai.gov.in/upload/uploadfiles/files/Compendium_Packaging_Labelling_Regulations_28_01_2022.pdf
Potato,,Paraquat dichloride (Determined,Pesticide residue,0.2,mg/kg (MRL),Potato,"FSSAI (Contaminants, Toxins and Residues) Regulations, 2011 - Version VI (27.01.2022)",FSSAI,Compendium_Contaminants_Regulations_28_01_2022-FSSAI.pdf,32.0,https://www.fssai.gov.in/upload/uploadfiles/files/Compendium_Packaging_Labelling_Regulations_28_01_2022.pdf
Other vegetables,,Paraquat dichloride (Determined,Pesticide residue,0.05,mg/kg (MRL),Other vegetables,"FSSAI (Contaminants, Toxins and Residues) Regulations, 2011 - Version VI (27.01.2022)",FSSAI,Compendium_Contaminants_Regulations_28_01_2022-FSSAI.pdf,32.0,https://www.fssai.gov.in/upload/uploadfiles/files/Compendium_Packaging_Labelling_Regulations_28_01_2022.pdf
Cotton seed,,Paraquat dichloride (Determined,Pesticide residue,2,mg/kg (MRL),Cotton seed,"FSSAI (Contaminants, Toxins and Residues) Regulations, 2011 - Version VI (27.01.2022)",FSSAI,Compendium_Contaminants_Regulations_28_01_2022-FSSAI.pdf,32.0,https://www.fssai.gov.in/upload/uploadfiles/files/Compendium_Packaging_Labelling_Regulations_28_01_2022.pdf
Cotton seed oil (edible refined) 0.05 Milk and Milk products (whole) 0.01 Fruits,,Paraquat dichloride (Determined,Pesticide residue,0.05,mg/kg (MRL),Cotton seed oil (edible refined) 0.05 Milk and Milk products (whole) 0.01 Fruits,"FSSAI (Contaminants, Toxins and Residues) Regulations, 2011 - Version VI (27.01.2022)",FSSAI,Compendium_Contaminants_Regulations_28_01_2022-FSSAI.pdf,32.0,https://www.fssai.gov.in/upload/uploadfiles/files/Compendium_Packaging_Labelling_Regulations_28_01_2022.pdf
Tea,,Paraquat dichloride (Determined,Pesticide residue,0.2,mg/kg (MRL),Tea,"FSSAI (Contaminants, Toxins and Residues) Regulations, 2011 - Version VI (27.01.2022)",FSSAI,Compendium_Contaminants_Regulations_28_01_2022-FSSAI.pdf,32.0,https://www.fssai.gov.in/upload/uploadfiles/files/Compendium_Packaging_Labelling_Regulations_28_01_2022.pdf
Grapes,,Penconazole,Pesticide residue,0.4,mg/kg (MRL),Grapes,"FSSAI (Contaminants, Toxins and Residues) Regulations, 2011 - Version VI (27.01.2022)",FSSAI,Compendium_Contaminants_Regulations_28_01_2022-FSSAI.pdf,32.0,https://www.fssai.gov.in/upload/uploadfiles/files/Compendium_Packaging_Labelling_Regulations_28_01_2022.pdf
Black gram seed,,Penconazole,Pesticide residue,0.02,mg/kg (MRL),Black gram seed,"FSSAI (Contaminants, Toxins and Residues) Regulations, 2011 - Version VI (27.01.2022)",FSSAI,Compendium_Contaminants_Regulations_28_01_2022-FSSAI.pdf,32.0,https://www.fssai.gov.in/upload/uploadfiles/files/Compendium_Packaging_Labelling_Regulations_28_01_2022.pdf
Mango,,Penconazole,Pesticide residue,0.05,mg/kg (MRL),Mango,"FSSAI (Contaminants, Toxins and Residues) Regulations, 2011 - Version VI (27.01.2022)",FSSAI,Compendium_Contaminants_Regulations_28_01_2022-FSSAI.pdf,32.0,https://www.fssai.gov.in/upload/uploadfiles/files/Compendium_Packaging_Labelling_Regulations_28_01_2022.pdf
Apple,,Penconazole,Pesticide residue,0.1,mg/kg (MRL),Apple,"FSSAI (Contaminants, Toxins and Residues) Regulations, 2011 - Version VI (27.01.2022)",FSSAI,Compendium_Contaminants_Regulations_28_01_2022-FSSAI.pdf,32.0,https://www.fssai.gov.in/upload/uploadfiles/files/Compendium_Packaging_Labelling_Regulations_28_01_2022.pdf
Milk and Milk products,,Penconazole,Pesticide residue,0.01,mg/kg (MRL),Milk and Milk products,"FSSAI (Contaminants, Toxins and Residues) Regulations, 2011 - Version VI (27.01.2022)",FSSAI,Compendium_Contaminants_Regulations_28_01_2022-FSSAI.pdf,32.0,https://www.fssai.gov.in/upload/uploadfiles/files/Compendium_Packaging_Labelling_Regulations_28_01_2022.pdf
Meat and Meat products,,Penconazole,Pesticide residue,0.05,mg/kg (MRL),Meat and Meat products,"FSSAI (Contaminants, Toxins and Residues) Regulations, 2011 - Version VI (27.01.2022)",FSSAI,Compendium_Contaminants_Regulations_28_01_2022-FSSAI.pdf,32.0,https://www.fssai.gov.in/upload/uploadfiles/files/Compendium_Packaging_Labelling_Regulations_28_01_2022.pdf
Rice,,Pencycuron,Pesticide residue,0.01,mg/kg (MRL),Rice,"FSSAI (Contaminants, Toxins and Residues) Regulations, 2011 - Version VI (27.01.2022)",FSSAI,Compendium_Contaminants_Regulations_28_01_2022-FSSAI.pdf,32.0,https://www.fssai.gov.in/upload/uploadfiles/files/Compendium_Packaging_Labelling_Regulations_28_01_2022.pdf
Wheat,,Pendimethalin,Pesticide residue,0.05,mg/kg (MRL),Wheat,"FSSAI (Contaminants, Toxins and Residues) Regulations, 2011 - Version VI (27.01.2022)",FSSAI,Compendium_Contaminants_Regulations_28_01_2022-FSSAI.pdf,32.0,https://www.fssai.gov.in/upload/uploadfiles/files/Compendium_Packaging_Labelling_Regulations_28_01_2022.pdf
Rice,,Pendimethalin,Pesticide residue,0.05,mg/kg (MRL),Rice,"FSSAI (Contaminants, Toxins and Residues) Regulations, 2011 - Version VI (27.01.2022)",FSSAI,Compendium_Contaminants_Regulations_28_01_2022-FSSAI.pdf,32.0,https://www.fssai.gov.in/upload/uploadfiles/files/Compendium_Packaging_Labelling_Regulations_28_01_2022.pdf
Soyabean Oil,,Pendimethalin,Pesticide residue,0.05,mg/kg (MRL),Soyabean Oil,"FSSAI (Contaminants, Toxins and Residues) Regulations, 2011 - Version VI (27.01.2022)",FSSAI,Compendium_Contaminants_Regulations_28_01_2022-FSSAI.pdf,32.0,https://www.fssai.gov.in/upload/uploadfiles/files/Compendium_Packaging_Labelling_Regulations_28_01_2022.pdf
Cotton seed Oil,,Pendimethalin,Pesticide residue,0.05,mg/kg (MRL),Cotton seed Oil,"FSSAI (Contaminants, Toxins and Residues) Regulations, 2011 - Version VI (27.01.2022)",FSSAI,Compendium_Contaminants_Regulations_28_01_2022-FSSAI.pdf,32.0,https://www.fssai.gov.in/upload/uploadfiles/files/Compendium_Packaging_Labelling_Regulations_28_01_2022.pdf
Chilli,,Pendimethalin,Pesticide residue,0.05*,mg/kg (MRL),Chilli,"FSSAI (Contaminants, Toxins and Residues) Regulations, 2011 - Version VI (27.01.2022)",FSSAI,Compendium_Contaminants_Regulations_28_01_2022-FSSAI.pdf,32.0,https://www.fssai.gov.in/upload/uploadfiles/files/Compendium_Packaging_Labelling_Regulations_28_01_2022.pdf
Dried Chilli,,Pendimethalin,Pesticide residue,0.5,mg/kg (MRL),Dried Chilli,"FSSAI (Contaminants, Toxins and Residues) Regulations, 2011 - Version VI (27.01.2022)",FSSAI,Compendium_Contaminants_Regulations_28_01_2022-FSSAI.pdf,32.0,https://www.fssai.gov.in/upload/uploadfiles/files/Compendium_Packaging_Labelling_Regulations_28_01_2022.pdf
Onion,,Pendimethalin,Pesticide residue,0.4,mg/kg (MRL),Onion,"FSSAI (Contaminants, Toxins and Residues) Regulations, 2011 - Version VI (27.01.2022)",FSSAI,Compendium_Contaminants_Regulations_28_01_2022-FSSAI.pdf,32.0,https://www.fssai.gov.in/upload/uploadfiles/files/Compendium_Packaging_Labelling_Regulations_28_01_2022.pdf
Red gram,,Pendimethalin,Pesticide residue,0.05*,mg/kg (MRL),Red gram,"FSSAI (Contaminants, Toxins and Residues) Regulations, 2011 - Version VI (27.01.2022)",FSSAI,Compendium_Contaminants_Regulations_28_01_2022-FSSAI.pdf,32.0,https://www.fssai.gov.in/upload/uploadfiles/files/Compendium_Packaging_Labelling_Regulations_28_01_2022.pdf
Rice,,Penoxuslum,Pesticide residue,0.1*,mg/kg (MRL),Rice,"FSSAI (Contaminants, Toxins and Residues) Regulations, 2011 - Version VI (27.01.2022)",FSSAI,Compendium_Contaminants_Regulations_28_01_2022-FSSAI.pdf,32.0,https://www.fssai.gov.in/upload/uploadfiles/files/Compendium_Packaging_Labelling_Regulations_28_01_2022.pdf
Cucumber,,Permethrin,Pesticide residue,0.5,mg/kg (MRL),Cucumber,"FSSAI (Contaminants, Toxins and Residues) Regulations, 2011 - Version VI (27.01.2022)",FSSAI,Compendium_Contaminants_Regulations_28_01_2022-FSSAI.pdf,32.0,https://www.fssai.gov.in/upload/uploadfiles/files/Compendium_Packaging_Labelling_Regulations_28_01_2022.pdf
Cotton seed,,Permethrin,Pesticide residue,0.5,mg/kg (MRL),Cotton seed,"FSSAI (Contaminants, Toxins and Residues) Regulations, 2011 - Version VI (27.01.2022)",FSSAI,Compendium_Contaminants_Regulations_28_01_2022-FSSAI.pdf,32.0,https://www.fssai.gov.in/upload/uploadfiles/files/Compendium_Packaging_Labelling_Regulations_28_01_2022.pdf
Soya bean,,Permethrin,Pesticide residue,0.05,mg/kg (MRL),Soya bean,"FSSAI (Contaminants, Toxins and Residues) Regulations, 2011 - Version VI (27.01.2022)",FSSAI,Compendium_Contaminants_Regulations_28_01_2022-FSSAI.pdf,32.0,https://www.fssai.gov.in/upload/uploadfiles/files/Compendium_Packaging_Labelling_Regulations_28_01_2022.pdf
Sunflower Seed,,Permethrin,Pesticide residue,1,mg/kg (MRL),Sunflower Seed,"FSSAI (Contaminants, Toxins and Residues) Regulations, 2011 - Version VI (27.01.2022)",FSSAI,Compendium_Contaminants_Regulations_28_01_2022-FSSAI.pdf,32.0,https://www.fssai.gov.in/upload/uploadfiles/files/Compendium_Packaging_Labelling_Regulations_28_01_2022.pdf
Food grains,,Phenthoate,Pesticide residue,0.05,mg/kg (MRL),Food grains,"FSSAI (Contaminants, Toxins and Residues) Regulations, 2011 - Version VI (27.01.2022)",FSSAI,Compendium_Contaminants_Regulations_28_01_2022-FSSAI.pdf,32.0,https://www.fssai.gov.in/upload/uploadfiles/files/Compendium_Packaging_Labelling_Regulations_28_01_2022.pdf
Milled food grains,,Phenthoate,Pesticide residue,0.01,mg/kg (MRL),Milled food grains,"FSSAI (Contaminants, Toxins and Residues) Regulations, 2011 - Version VI (27.01.2022)",FSSAI,Compendium_Contaminants_Regulations_28_01_2022-FSSAI.pdf,32.0,https://www.fssai.gov.in/upload/uploadfiles/files/Compendium_Packaging_Labelling_Regulations_28_01_2022.pdf
Oilseeds,,Phenthoate,Pesticide residue,0.03,mg/kg (MRL),Oilseeds,"FSSAI (Contaminants, Toxins and Residues) Regulations, 2011 - Version VI (27.01.2022)",FSSAI,Compendium_Contaminants_Regulations_28_01_2022-FSSAI.pdf,32.0,https://www.fssai.gov.in/upload/uploadfiles/files/Compendium_Packaging_Labelling_Regulations_28_01_2022.pdf
Edible oils,,Phenthoate,Pesticide residue,0.01,mg/kg (MRL),Edible oils,"FSSAI (Contaminants, Toxins and Residues) Regulations, 2011 - Version VI (27.01.2022)",FSSAI,Compendium_Contaminants_Regulations_28_01_2022-FSSAI.pdf,33.0,https://www.fssai.gov.in/upload/uploadfiles/files/Compendium_Packaging_Labelling_Regulations_28_01_2022.pdf
"oxygen analogue and their sulphoxides and sulphones, expressed as phorate) Food Grains",,"Phorate (sum of Phorate, its",Pesticide residue,0.05,mg/kg (MRL),"oxygen analogue and their sulphoxides and sulphones, expressed as phorate) Food Grains","FSSAI (Contaminants, Toxins and Residues) Regulations, 2011 - Version VI (27.01.2022)",FSSAI,Compendium_Contaminants_Regulations_28_01_2022-FSSAI.pdf,33.0,https://www.fssai.gov.in/upload/uploadfiles/files/Compendium_Packaging_Labelling_Regulations_28_01_2022.pdf
Milled food grains,,"Phorate (sum of Phorate, its",Pesticide residue,0.01,mg/kg (MRL),Milled food grains,"FSSAI (Contaminants, Toxins and Residues) Regulations, 2011 - Version VI (27.01.2022)",FSSAI,Compendium_Contaminants_Regulations_28_01_2022-FSSAI.pdf,33.0,https://www.fssai.gov.in/upload/uploadfiles/files/Compendium_Packaging_Labelling_Regulations_28_01_2022.pdf
Tomato,,"Phorate (sum of Phorate, its",Pesticide residue,0.1,mg/kg (MRL),Tomato,"FSSAI (Contaminants, Toxins and Residues) Regulations, 2011 - Version VI (27.01.2022)",FSSAI,Compendium_Contaminants_Regulations_28_01_2022-FSSAI.pdf,33.0,https://www.fssai.gov.in/upload/uploadfiles/files/Compendium_Packaging_Labelling_Regulations_28_01_2022.pdf
Fruits,,"Phorate (sum of Phorate, its",Pesticide residue,0.05,mg/kg (MRL),Fruits,"FSSAI (Contaminants, Toxins and Residues) Regulations, 2011 - Version VI (27.01.2022)",FSSAI,Compendium_Contaminants_Regulations_28_01_2022-FSSAI.pdf,33.0,https://www.fssai.gov.in/upload/uploadfiles/files/Compendium_Packaging_Labelling_Regulations_28_01_2022.pdf
Oil seeds,,"Phorate (sum of Phorate, its",Pesticide residue,0.05,mg/kg (MRL),Oil seeds,"FSSAI (Contaminants, Toxins and Residues) Regulations, 2011 - Version VI (27.01.2022)",FSSAI,Compendium_Contaminants_Regulations_28_01_2022-FSSAI.pdf,33.0,https://www.fssai.gov.in/upload/uploadfiles/files/Compendium_Packaging_Labelling_Regulations_28_01_2022.pdf
Sugarcane,,"Phorate (sum of Phorate, its",Pesticide residue,0.05,mg/kg (MRL),Sugarcane,"FSSAI (Contaminants, Toxins and Residues) Regulations, 2011 - Version VI (27.01.2022)",FSSAI,Compendium_Contaminants_Regulations_28_01_2022-FSSAI.pdf,33.0,https://www.fssai.gov.in/upload/uploadfiles/files/Compendium_Packaging_Labelling_Regulations_28_01_2022.pdf
Eggs 0.05 (shell free basis) Meat & Poultry 0.02* (carcass fat basis) Milk and Milk products 0.05 (F) Green gram,,"Phorate (sum of Phorate, its",Pesticide residue,0.01*,mg/kg (MRL),Eggs 0.05 (shell free basis) Meat & Poultry 0.02* (carcass fat basis) Milk and Milk products 0.05 (F) Green gram,"FSSAI (Contaminants, Toxins and Residues) Regulations, 2011 - Version VI (27.01.2022)",FSSAI,Compendium_Contaminants_Regulations_28_01_2022-FSSAI.pdf,33.0,https://www.fssai.gov.in/upload/uploadfiles/files/Compendium_Packaging_Labelling_Regulations_28_01_2022.pdf
Cotton seed Oil,,"Phorate (sum of Phorate, its",Pesticide residue,0.05,mg/kg (MRL),Cotton seed Oil,"FSSAI (Contaminants, Toxins and Residues) Regulations, 2011 - Version VI (27.01.2022)",FSSAI,Compendium_Contaminants_Regulations_28_01_2022-FSSAI.pdf,33.0,https://www.fssai.gov.in/upload/uploadfiles/files/Compendium_Packaging_Labelling_Regulations_28_01_2022.pdf
Pears,,Phosalone,Pesticide residue,2,mg/kg (MRL),Pears,"FSSAI (Contaminants, Toxins and Residues) Regulations, 2011 - Version VI (27.01.2022)",FSSAI,Compendium_Contaminants_Regulations_28_01_2022-FSSAI.pdf,33.0,https://www.fssai.gov.in/upload/uploadfiles/files/Compendium_Packaging_Labelling_Regulations_28_01_2022.pdf
Citrus fruits,,Phosalone,Pesticide residue,1,mg/kg (MRL),Citrus fruits,"FSSAI (Contaminants, Toxins and Residues) Regulations, 2011 - Version VI (27.01.2022)",FSSAI,Compendium_Contaminants_Regulations_28_01_2022-FSSAI.pdf,33.0,https://www.fssai.gov.in/upload/uploadfiles/files/Compendium_Packaging_Labelling_Regulations_28_01_2022.pdf
"Other fruits Apple-5.0, Pome fruit- 2.0 and other fruits",,Phosalone,Pesticide residue,2.0,mg/kg (MRL),"Other fruits Apple-5.0, Pome fruit- 2.0 and other fruits","FSSAI (Contaminants, Toxins and Residues) Regulations, 2011 - Version VI (27.01.2022)",FSSAI,Compendium_Contaminants_Regulations_28_01_2022-FSSAI.pdf,33.0,https://www.fssai.gov.in/upload/uploadfiles/files/Compendium_Packaging_Labelling_Regulations_28_01_2022.pdf
Potato,,Phosalone,Pesticide residue,0.1,mg/kg (MRL),Potato,"FSSAI (Contaminants, Toxins and Residues) Regulations, 2011 - Version VI (27.01.2022)",FSSAI,Compendium_Contaminants_Regulations_28_01_2022-FSSAI.pdf,33.0,https://www.fssai.gov.in/upload/uploadfiles/files/Compendium_Packaging_Labelling_Regulations_28_01_2022.pdf
Other vegetables,,Phosalone,Pesticide residue,1,mg/kg (MRL),Other vegetables,"FSSAI (Contaminants, Toxins and Residues) Regulations, 2011 - Version VI (27.01.2022)",FSSAI,Compendium_Contaminants_Regulations_28_01_2022-FSSAI.pdf,33.0,https://www.fssai.gov.in/upload/uploadfiles/files/Compendium_Packaging_Labelling_Regulations_28_01_2022.pdf
Rice,,Picoxystrobin,Pesticide residue,0.05*,mg/kg (MRL),Rice,"FSSAI (Contaminants, Toxins and Residues) Regulations, 2011 - Version VI (27.01.2022)",FSSAI,Compendium_Contaminants_Regulations_28_01_2022-FSSAI.pdf,33.0,https://www.fssai.gov.in/upload/uploadfiles/files/Compendium_Packaging_Labelling_Regulations_28_01_2022.pdf
Grapes,,Picoxystrobin,Pesticide residue,0.05*,mg/kg (MRL),Grapes,"FSSAI (Contaminants, Toxins and Residues) Regulations, 2011 - Version VI (27.01.2022)",FSSAI,Compendium_Contaminants_Regulations_28_01_2022-FSSAI.pdf,33.0,https://www.fssai.gov.in/upload/uploadfiles/files/Compendium_Packaging_Labelling_Regulations_28_01_2022.pdf
Chilli,,Picoxystrobin,Pesticide residue,0.05*,mg/kg (MRL),Chilli,"FSSAI (Contaminants, Toxins and Residues) Regulations, 2011 - Version VI (27.01.2022)",FSSAI,Compendium_Contaminants_Regulations_28_01_2022-FSSAI.pdf,33.0,https://www.fssai.gov.in/upload/uploadfiles/files/Compendium_Packaging_Labelling_Regulations_28_01_2022.pdf
Dried Chilli,,Picoxystrobin,Pesticide residue,0.5,mg/kg (MRL),Dried Chilli,"FSSAI (Contaminants, Toxins and Residues) Regulations, 2011 - Version VI (27.01.2022)",FSSAI,Compendium_Contaminants_Regulations_28_01_2022-FSSAI.pdf,33.0,https://www.fssai.gov.in/upload/uploadfiles/files/Compendium_Packaging_Labelling_Regulations_28_01_2022.pdf
Soya bean,,Picoxystrobin,Pesticide residue,0.05*,mg/kg (MRL),Soya bean,"FSSAI (Contaminants, Toxins and Residues) Regulations, 2011 - Version VI (27.01.2022)",FSSAI,Compendium_Contaminants_Regulations_28_01_2022-FSSAI.pdf,33.0,https://www.fssai.gov.in/upload/uploadfiles/files/Compendium_Packaging_Labelling_Regulations_28_01_2022.pdf
Soya bean Oil,,Picoxystrobin,Pesticide residue,0.05*,mg/kg (MRL),Soya bean Oil,"FSSAI (Contaminants, Toxins and Residues) Regulations, 2011 - Version VI (27.01.2022)",FSSAI,Compendium_Contaminants_Regulations_28_01_2022-FSSAI.pdf,33.0,https://www.fssai.gov.in/upload/uploadfiles/files/Compendium_Packaging_Labelling_Regulations_28_01_2022.pdf
Cumin,,Picoxystrobin,Pesticide residue,0.05*,mg/kg (MRL),Cumin,"FSSAI (Contaminants, Toxins and Residues) Regulations, 2011 - Version VI (27.01.2022)",FSSAI,Compendium_Contaminants_Regulations_28_01_2022-FSSAI.pdf,33.0,https://www.fssai.gov.in/upload/uploadfiles/files/Compendium_Packaging_Labelling_Regulations_28_01_2022.pdf
Wheat,,Picoxystrobin,Pesticide residue,0.05*,mg/kg (MRL),Wheat,"FSSAI (Contaminants, Toxins and Residues) Regulations, 2011 - Version VI (27.01.2022)",FSSAI,Compendium_Contaminants_Regulations_28_01_2022-FSSAI.pdf,33.0,https://www.fssai.gov.in/upload/uploadfiles/files/Compendium_Packaging_Labelling_Regulations_28_01_2022.pdf
Wheat,,Pinoxaden,Pesticide residue,0.7,mg/kg (MRL),Wheat,"FSSAI (Contaminants, Toxins and Residues) Regulations, 2011 - Version VI (27.01.2022)",FSSAI,Compendium_Contaminants_Regulations_28_01_2022-FSSAI.pdf,33.0,https://www.fssai.gov.in/upload/uploadfiles/files/Compendium_Packaging_Labelling_Regulations_28_01_2022.pdf
Rice,,Pretilachlor,Pesticide residue,0.05,mg/kg (MRL),Rice,"FSSAI (Contaminants, Toxins and Residues) Regulations, 2011 - Version VI (27.01.2022)",FSSAI,Compendium_Contaminants_Regulations_28_01_2022-FSSAI.pdf,33.0,https://www.fssai.gov.in/upload/uploadfiles/files/Compendium_Packaging_Labelling_Regulations_28_01_2022.pdf
Rice,,Pirimiphos-methyl,Pesticide residue,0.5,mg/kg (MRL),Rice,"FSSAI (Contaminants, Toxins and Residues) Regulations, 2011 - Version VI (27.01.2022)",FSSAI,Compendium_Contaminants_Regulations_28_01_2022-FSSAI.pdf,33.0,https://www.fssai.gov.in/upload/uploadfiles/files/Compendium_Packaging_Labelling_Regulations_28_01_2022.pdf
Food grains except Rice,,Pirimiphos-methyl,Pesticide residue,7,mg/kg (MRL),Food grains except Rice,"FSSAI (Contaminants, Toxins and Residues) Regulations, 2011 - Version VI (27.01.2022)",FSSAI,Compendium_Contaminants_Regulations_28_01_2022-FSSAI.pdf,33.0,https://www.fssai.gov.in/upload/uploadfiles/files/Compendium_Packaging_Labelling_Regulations_28_01_2022.pdf
Cotton seed oil,,Profenofos,Pesticide residue,3,mg/kg (MRL),Cotton seed oil,"FSSAI (Contaminants, Toxins and Residues) Regulations, 2011 - Version VI (27.01.2022)",FSSAI,Compendium_Contaminants_Regulations_28_01_2022-FSSAI.pdf,33.0,https://www.fssai.gov.in/upload/uploadfiles/files/Compendium_Packaging_Labelling_Regulations_28_01_2022.pdf
Soya bean,,Profenofos,Pesticide residue,0.01*,mg/kg (MRL),Soya bean,"FSSAI (Contaminants, Toxins and Residues) Regulations, 2011 - Version VI (27.01.2022)",FSSAI,Compendium_Contaminants_Regulations_28_01_2022-FSSAI.pdf,33.0,https://www.fssai.gov.in/upload/uploadfiles/files/Compendium_Packaging_Labelling_Regulations_28_01_2022.pdf
Meat and Meat products,,Profenofos,Pesticide residue,0.05,mg/kg (MRL),Meat and Meat products,"FSSAI (Contaminants, Toxins and Residues) Regulations, 2011 - Version VI (27.01.2022)",FSSAI,Compendium_Contaminants_Regulations_28_01_2022-FSSAI.pdf,33.0,https://www.fssai.gov.in/upload/uploadfiles/files/Compendium_Packaging_Labelling_Regulations_28_01_2022.pdf
Apple,,Prohexadione calcium,Pesticide residue,0.01*,mg/kg (MRL),Apple,"FSSAI (Contaminants, Toxins and Residues) Regulations, 2011 - Version VI (27.01.2022)",FSSAI,Compendium_Contaminants_Regulations_28_01_2022-FSSAI.pdf,33.0,https://www.fssai.gov.in/upload/uploadfiles/files/Compendium_Packaging_Labelling_Regulations_28_01_2022.pdf
Black gram,,Propaquizafop,Pesticide residue,0.01,mg/kg (MRL),Black gram,"FSSAI (Contaminants, Toxins and Residues) Regulations, 2011 - Version VI (27.01.2022)",FSSAI,Compendium_Contaminants_Regulations_28_01_2022-FSSAI.pdf,33.0,https://www.fssai.gov.in/upload/uploadfiles/files/Compendium_Packaging_Labelling_Regulations_28_01_2022.pdf
Soya bean,,Propaquizafop,Pesticide residue,0.01,mg/kg (MRL),Soya bean,"FSSAI (Contaminants, Toxins and Residues) Regulations, 2011 - Version VI (27.01.2022)",FSSAI,Compendium_Contaminants_Regulations_28_01_2022-FSSAI.pdf,33.0,https://www.fssai.gov.in/upload/uploadfiles/files/Compendium_Packaging_Labelling_Regulations_28_01_2022.pdf
Onion,,Propaquizafop,Pesticide residue,0.01*,mg/kg (MRL),Onion,"FSSAI (Contaminants, Toxins and Residues) Regulations, 2011 - Version VI (27.01.2022)",FSSAI,Compendium_Contaminants_Regulations_28_01_2022-FSSAI.pdf,33.0,https://www.fssai.gov.in/upload/uploadfiles/files/Compendium_Packaging_Labelling_Regulations_28_01_2022.pdf
Brinjal,,Propargite,Pesticide residue,2,mg/kg (MRL),Brinjal,"FSSAI (Contaminants, Toxins and Residues) Regulations, 2011 - Version VI (27.01.2022)",FSSAI,Compendium_Contaminants_Regulations_28_01_2022-FSSAI.pdf,33.0,https://www.fssai.gov.in/upload/uploadfiles/files/Compendium_Packaging_Labelling_Regulations_28_01_2022.pdf
Chilli,,Propargite,Pesticide residue,2,mg/kg (MRL),Chilli,"FSSAI (Contaminants, Toxins and Residues) Regulations, 2011 - Version VI (27.01.2022)",FSSAI,Compendium_Contaminants_Regulations_28_01_2022-FSSAI.pdf,34.0,https://www.fssai.gov.in/upload/uploadfiles/files/Compendium_Packaging_Labelling_Regulations_28_01_2022.pdf
Dried Chilli,,Propargite,Pesticide residue,20,mg/kg (MRL),Dried Chilli,"FSSAI (Contaminants, Toxins and Residues) Regulations, 2011 - Version VI (27.01.2022)",FSSAI,Compendium_Contaminants_Regulations_28_01_2022-FSSAI.pdf,34.0,https://www.fssai.gov.in/upload/uploadfiles/files/Compendium_Packaging_Labelling_Regulations_28_01_2022.pdf
Apple,,Propargite,Pesticide residue,3,mg/kg (MRL),Apple,"FSSAI (Contaminants, Toxins and Residues) Regulations, 2011 - Version VI (27.01.2022)",FSSAI,Compendium_Contaminants_Regulations_28_01_2022-FSSAI.pdf,34.0,https://www.fssai.gov.in/upload/uploadfiles/files/Compendium_Packaging_Labelling_Regulations_28_01_2022.pdf
Tea,,Propargite,Pesticide residue,10,mg/kg (MRL),Tea,"FSSAI (Contaminants, Toxins and Residues) Regulations, 2011 - Version VI (27.01.2022)",FSSAI,Compendium_Contaminants_Regulations_28_01_2022-FSSAI.pdf,34.0,https://www.fssai.gov.in/upload/uploadfiles/files/Compendium_Packaging_Labelling_Regulations_28_01_2022.pdf
Tea,,Propiconazole,Pesticide residue,0.1,mg/kg (MRL),Tea,"FSSAI (Contaminants, Toxins and Residues) Regulations, 2011 - Version VI (27.01.2022)",FSSAI,Compendium_Contaminants_Regulations_28_01_2022-FSSAI.pdf,34.0,https://www.fssai.gov.in/upload/uploadfiles/files/Compendium_Packaging_Labelling_Regulations_28_01_2022.pdf
Groundnut seed,,Propiconazole,Pesticide residue,0.1,mg/kg (MRL),Groundnut seed,"FSSAI (Contaminants, Toxins and Residues) Regulations, 2011 - Version VI (27.01.2022)",FSSAI,Compendium_Contaminants_Regulations_28_01_2022-FSSAI.pdf,34.0,https://www.fssai.gov.in/upload/uploadfiles/files/Compendium_Packaging_Labelling_Regulations_28_01_2022.pdf
Rice,,Propiconazole,Pesticide residue,0.05,mg/kg (MRL),Rice,"FSSAI (Contaminants, Toxins and Residues) Regulations, 2011 - Version VI (27.01.2022)",FSSAI,Compendium_Contaminants_Regulations_28_01_2022-FSSAI.pdf,34.0,https://www.fssai.gov.in/upload/uploadfiles/files/Compendium_Packaging_Labelling_Regulations_28_01_2022.pdf
Soya bean seed,,Propiconazole,Pesticide residue,0.07,mg/kg (MRL),Soya bean seed,"FSSAI (Contaminants, Toxins and Residues) Regulations, 2011 - Version VI (27.01.2022)",FSSAI,Compendium_Contaminants_Regulations_28_01_2022-FSSAI.pdf,34.0,https://www.fssai.gov.in/upload/uploadfiles/files/Compendium_Packaging_Labelling_Regulations_28_01_2022.pdf
Wheat,,Propiconazole,Pesticide residue,0.05,mg/kg (MRL),Wheat,"FSSAI (Contaminants, Toxins and Residues) Regulations, 2011 - Version VI (27.01.2022)",FSSAI,Compendium_Contaminants_Regulations_28_01_2022-FSSAI.pdf,34.0,https://www.fssai.gov.in/upload/uploadfiles/files/Compendium_Packaging_Labelling_Regulations_28_01_2022.pdf
Milk and Milk products,,Propiconazole,Pesticide residue,0.01,mg/kg (MRL),Milk and Milk products,"FSSAI (Contaminants, Toxins and Residues) Regulations, 2011 - Version VI (27.01.2022)",FSSAI,Compendium_Contaminants_Regulations_28_01_2022-FSSAI.pdf,34.0,https://www.fssai.gov.in/upload/uploadfiles/files/Compendium_Packaging_Labelling_Regulations_28_01_2022.pdf
Meat and Meat products,,Propiconazole,Pesticide residue,0.01,mg/kg (MRL),Meat and Meat products,"FSSAI (Contaminants, Toxins and Residues) Regulations, 2011 - Version VI (27.01.2022)",FSSAI,Compendium_Contaminants_Regulations_28_01_2022-FSSAI.pdf,34.0,https://www.fssai.gov.in/upload/uploadfiles/files/Compendium_Packaging_Labelling_Regulations_28_01_2022.pdf
Rice,,Propineb,Pesticide residue,0.05,mg/kg (MRL),Rice,"FSSAI (Contaminants, Toxins and Residues) Regulations, 2011 - Version VI (27.01.2022)",FSSAI,Compendium_Contaminants_Regulations_28_01_2022-FSSAI.pdf,34.0,https://www.fssai.gov.in/upload/uploadfiles/files/Compendium_Packaging_Labelling_Regulations_28_01_2022.pdf
Tomato,,Propineb,Pesticide residue,1,mg/kg (MRL),Tomato,"FSSAI (Contaminants, Toxins and Residues) Regulations, 2011 - Version VI (27.01.2022)",FSSAI,Compendium_Contaminants_Regulations_28_01_2022-FSSAI.pdf,34.0,https://www.fssai.gov.in/upload/uploadfiles/files/Compendium_Packaging_Labelling_Regulations_28_01_2022.pdf
Apple,,Propineb,Pesticide residue,1,mg/kg (MRL),Apple,"FSSAI (Contaminants, Toxins and Residues) Regulations, 2011 - Version VI (27.01.2022)",FSSAI,Compendium_Contaminants_Regulations_28_01_2022-FSSAI.pdf,34.0,https://www.fssai.gov.in/upload/uploadfiles/files/Compendium_Packaging_Labelling_Regulations_28_01_2022.pdf
Pomegranate,,Propineb,Pesticide residue,0.5,mg/kg (MRL),Pomegranate,"FSSAI (Contaminants, Toxins and Residues) Regulations, 2011 - Version VI (27.01.2022)",FSSAI,Compendium_Contaminants_Regulations_28_01_2022-FSSAI.pdf,34.0,https://www.fssai.gov.in/upload/uploadfiles/files/Compendium_Packaging_Labelling_Regulations_28_01_2022.pdf
Potato,,Propineb,Pesticide residue,0.5,mg/kg (MRL),Potato,"FSSAI (Contaminants, Toxins and Residues) Regulations, 2011 - Version VI (27.01.2022)",FSSAI,Compendium_Contaminants_Regulations_28_01_2022-FSSAI.pdf,34.0,https://www.fssai.gov.in/upload/uploadfiles/files/Compendium_Packaging_Labelling_Regulations_28_01_2022.pdf
Chilli,,Propineb,Pesticide residue,2,mg/kg (MRL),Chilli,"FSSAI (Contaminants, Toxins and Residues) Regulations, 2011 - Version VI (27.01.2022)",FSSAI,Compendium_Contaminants_Regulations_28_01_2022-FSSAI.pdf,34.0,https://www.fssai.gov.in/upload/uploadfiles/files/Compendium_Packaging_Labelling_Regulations_28_01_2022.pdf
Dried Chilli,,Propineb,Pesticide residue,20,mg/kg (MRL),Dried Chilli,"FSSAI (Contaminants, Toxins and Residues) Regulations, 2011 - Version VI (27.01.2022)",FSSAI,Compendium_Contaminants_Regulations_28_01_2022-FSSAI.pdf,34.0,https://www.fssai.gov.in/upload/uploadfiles/files/Compendium_Packaging_Labelling_Regulations_28_01_2022.pdf
Grapes,,Propineb,Pesticide residue,0.5,mg/kg (MRL),Grapes,"FSSAI (Contaminants, Toxins and Residues) Regulations, 2011 - Version VI (27.01.2022)",FSSAI,Compendium_Contaminants_Regulations_28_01_2022-FSSAI.pdf,34.0,https://www.fssai.gov.in/upload/uploadfiles/files/Compendium_Packaging_Labelling_Regulations_28_01_2022.pdf
Grapes,,Pyraclostrobin,Pesticide residue,2,mg/kg (MRL),Grapes,"FSSAI (Contaminants, Toxins and Residues) Regulations, 2011 - Version VI (27.01.2022)",FSSAI,Compendium_Contaminants_Regulations_28_01_2022-FSSAI.pdf,34.0,https://www.fssai.gov.in/upload/uploadfiles/files/Compendium_Packaging_Labelling_Regulations_28_01_2022.pdf
Potato,,Pyraclostrobin,Pesticide residue,0.05*,mg/kg (MRL),Potato,"FSSAI (Contaminants, Toxins and Residues) Regulations, 2011 - Version VI (27.01.2022)",FSSAI,Compendium_Contaminants_Regulations_28_01_2022-FSSAI.pdf,34.0,https://www.fssai.gov.in/upload/uploadfiles/files/Compendium_Packaging_Labelling_Regulations_28_01_2022.pdf
Tomato,,Pyraclostrobin,Pesticide residue,0.3,mg/kg (MRL),Tomato,"FSSAI (Contaminants, Toxins and Residues) Regulations, 2011 - Version VI (27.01.2022)",FSSAI,Compendium_Contaminants_Regulations_28_01_2022-FSSAI.pdf,34.0,https://www.fssai.gov.in/upload/uploadfiles/files/Compendium_Packaging_Labelling_Regulations_28_01_2022.pdf
Chilli,,Pyraclostrobin,Pesticide residue,0.05*,mg/kg (MRL),Chilli,"FSSAI (Contaminants, Toxins and Residues) Regulations, 2011 - Version VI (27.01.2022)",FSSAI,Compendium_Contaminants_Regulations_28_01_2022-FSSAI.pdf,34.0,https://www.fssai.gov.in/upload/uploadfiles/files/Compendium_Packaging_Labelling_Regulations_28_01_2022.pdf
Dry chilli,,Pyraclostrobin,Pesticide residue,0.5,mg/kg (MRL),Dry chilli,"FSSAI (Contaminants, Toxins and Residues) Regulations, 2011 - Version VI (27.01.2022)",FSSAI,Compendium_Contaminants_Regulations_28_01_2022-FSSAI.pdf,34.0,https://www.fssai.gov.in/upload/uploadfiles/files/Compendium_Packaging_Labelling_Regulations_28_01_2022.pdf
Soya bean,,Pyraclostrobin,Pesticide residue,0.05,mg/kg (MRL),Soya bean,"FSSAI (Contaminants, Toxins and Residues) Regulations, 2011 - Version VI (27.01.2022)",FSSAI,Compendium_Contaminants_Regulations_28_01_2022-FSSAI.pdf,34.0,https://www.fssai.gov.in/upload/uploadfiles/files/Compendium_Packaging_Labelling_Regulations_28_01_2022.pdf
Cotton,,Pyraclostrobin,Pesticide residue,0.02*,mg/kg (MRL),Cotton,"FSSAI (Contaminants, Toxins and Residues) Regulations, 2011 - Version VI (27.01.2022)",FSSAI,Compendium_Contaminants_Regulations_28_01_2022-FSSAI.pdf,34.0,https://www.fssai.gov.in/upload/uploadfiles/files/Compendium_Packaging_Labelling_Regulations_28_01_2022.pdf
Milk and Milk products,,Pyraclostrobin,Pesticide residue,0.03,mg/kg (MRL),Milk and Milk products,"FSSAI (Contaminants, Toxins and Residues) Regulations, 2011 - Version VI (27.01.2022)",FSSAI,Compendium_Contaminants_Regulations_28_01_2022-FSSAI.pdf,34.0,https://www.fssai.gov.in/upload/uploadfiles/files/Compendium_Packaging_Labelling_Regulations_28_01_2022.pdf
Onion,,Pyraclostrobin,Pesticide residue,1.5,mg/kg (MRL),Onion,"FSSAI (Contaminants, Toxins and Residues) Regulations, 2011 - Version VI (27.01.2022)",FSSAI,Compendium_Contaminants_Regulations_28_01_2022-FSSAI.pdf,34.0,https://www.fssai.gov.in/upload/uploadfiles/files/Compendium_Packaging_Labelling_Regulations_28_01_2022.pdf
Groundnut oil,,Pyraclostrobin,Pesticide residue,0.05*,mg/kg (MRL),Groundnut oil,"FSSAI (Contaminants, Toxins and Residues) Regulations, 2011 - Version VI (27.01.2022)",FSSAI,Compendium_Contaminants_Regulations_28_01_2022-FSSAI.pdf,34.0,https://www.fssai.gov.in/upload/uploadfiles/files/Compendium_Packaging_Labelling_Regulations_28_01_2022.pdf
Ground nut cake,,Pyraclostrobin,Pesticide residue,0.05*,mg/kg (MRL),Ground nut cake,"FSSAI (Contaminants, Toxins and Residues) Regulations, 2011 - Version VI (27.01.2022)",FSSAI,Compendium_Contaminants_Regulations_28_01_2022-FSSAI.pdf,34.0,https://www.fssai.gov.in/upload/uploadfiles/files/Compendium_Packaging_Labelling_Regulations_28_01_2022.pdf
Apple,,Pyraclostrobin,Pesticide residue,0.5,mg/kg (MRL),Apple,"FSSAI (Contaminants, Toxins and Residues) Regulations, 2011 - Version VI (27.01.2022)",FSSAI,Compendium_Contaminants_Regulations_28_01_2022-FSSAI.pdf,34.0,https://www.fssai.gov.in/upload/uploadfiles/files/Compendium_Packaging_Labelling_Regulations_28_01_2022.pdf
Corn,,Pyraclostrobin,Pesticide residue,0.02*,mg/kg (MRL),Corn,"FSSAI (Contaminants, Toxins and Residues) Regulations, 2011 - Version VI (27.01.2022)",FSSAI,Compendium_Contaminants_Regulations_28_01_2022-FSSAI.pdf,34.0,https://www.fssai.gov.in/upload/uploadfiles/files/Compendium_Packaging_Labelling_Regulations_28_01_2022.pdf
Cumin,,Pyraclostrobin,Pesticide residue,0.02*,mg/kg (MRL),Cumin,"FSSAI (Contaminants, Toxins and Residues) Regulations, 2011 - Version VI (27.01.2022)",FSSAI,Compendium_Contaminants_Regulations_28_01_2022-FSSAI.pdf,34.0,https://www.fssai.gov.in/upload/uploadfiles/files/Compendium_Packaging_Labelling_Regulations_28_01_2022.pdf
Banana,,Pyraclostrobin,Pesticide residue,0.02*,mg/kg (MRL),Banana,"FSSAI (Contaminants, Toxins and Residues) Regulations, 2011 - Version VI (27.01.2022)",FSSAI,Compendium_Contaminants_Regulations_28_01_2022-FSSAI.pdf,34.0,https://www.fssai.gov.in/upload/uploadfiles/files/Compendium_Packaging_Labelling_Regulations_28_01_2022.pdf
Black gram,,Pyraclostrobin,Pesticide residue,0.02*,mg/kg (MRL),Black gram,"FSSAI (Contaminants, Toxins and Residues) Regulations, 2011 - Version VI (27.01.2022)",FSSAI,Compendium_Contaminants_Regulations_28_01_2022-FSSAI.pdf,34.0,https://www.fssai.gov.in/upload/uploadfiles/files/Compendium_Packaging_Labelling_Regulations_28_01_2022.pdf
Cucumber,,Pyraclostrobin,Pesticide residue,0.2,mg/kg (MRL),Cucumber,"FSSAI (Contaminants, Toxins and Residues) Regulations, 2011 - Version VI (27.01.2022)",FSSAI,Compendium_Contaminants_Regulations_28_01_2022-FSSAI.pdf,34.0,https://www.fssai.gov.in/upload/uploadfiles/files/Compendium_Packaging_Labelling_Regulations_28_01_2022.pdf
coffee,,Pyraclostrobin,Pesticide residue,0.05*,mg/kg (MRL),coffee,"FSSAI (Contaminants, Toxins and Residues) Regulations, 2011 - Version VI (27.01.2022)",FSSAI,Compendium_Contaminants_Regulations_28_01_2022-FSSAI.pdf,34.0,https://www.fssai.gov.in/upload/uploadfiles/files/Compendium_Packaging_Labelling_Regulations_28_01_2022.pdf
Wheat,,Pyraclostrobin,Pesticide residue,0.01*,mg/kg (MRL),Wheat,"FSSAI (Contaminants, Toxins and Residues) Regulations, 2011 - Version VI (27.01.2022)",FSSAI,Compendium_Contaminants_Regulations_28_01_2022-FSSAI.pdf,34.0,https://www.fssai.gov.in/upload/uploadfiles/files/Compendium_Packaging_Labelling_Regulations_28_01_2022.pdf
Pomegranate,,Pyraclostrobin,Pesticide residue,0.02*,mg/kg (MRL),Pomegranate,"FSSAI (Contaminants, Toxins and Residues) Regulations, 2011 - Version VI (27.01.2022)",FSSAI,Compendium_Contaminants_Regulations_28_01_2022-FSSAI.pdf,34.0,https://www.fssai.gov.in/upload/uploadfiles/files/Compendium_Packaging_Labelling_Regulations_28_01_2022.pdf
Green gram,,Pyraclostrobin,Pesticide residue,0.02*,mg/kg (MRL),Green gram,"FSSAI (Contaminants, Toxins and Residues) Regulations, 2011 - Version VI (27.01.2022)",FSSAI,Compendium_Contaminants_Regulations_28_01_2022-FSSAI.pdf,34.0,https://www.fssai.gov.in/upload/uploadfiles/files/Compendium_Packaging_Labelling_Regulations_28_01_2022.pdf
Rice,,Pyraclostrobin,Pesticide residue,0.02*,mg/kg (MRL),Rice,"FSSAI (Contaminants, Toxins and Residues) Regulations, 2011 - Version VI (27.01.2022)",FSSAI,Compendium_Contaminants_Regulations_28_01_2022-FSSAI.pdf,34.0,https://www.fssai.gov.in/upload/uploadfiles/files/Compendium_Packaging_Labelling_Regulations_28_01_2022.pdf
Rice,,Pyrazosulfuron ethyl,Pesticide residue,0.01,mg/kg (MRL),Rice,"FSSAI (Contaminants, Toxins and Residues) Regulations, 2011 - Version VI (27.01.2022)",FSSAI,Compendium_Contaminants_Regulations_28_01_2022-FSSAI.pdf,34.0,https://www.fssai.gov.in/upload/uploadfiles/files/Compendium_Packaging_Labelling_Regulations_28_01_2022.pdf
Cotton seed Oil,,Pyridalyl,Pesticide residue,0.02,mg/kg (MRL),Cotton seed Oil,"FSSAI (Contaminants, Toxins and Residues) Regulations, 2011 - Version VI (27.01.2022)",FSSAI,Compendium_Contaminants_Regulations_28_01_2022-FSSAI.pdf,34.0,https://www.fssai.gov.in/upload/uploadfiles/files/Compendium_Packaging_Labelling_Regulations_28_01_2022.pdf
Cabbage,,Pyridalyl,Pesticide residue,0.02,mg/kg (MRL),Cabbage,"FSSAI (Contaminants, Toxins and Residues) Regulations, 2011 - Version VI (27.01.2022)",FSSAI,Compendium_Contaminants_Regulations_28_01_2022-FSSAI.pdf,34.0,https://www.fssai.gov.in/upload/uploadfiles/files/Compendium_Packaging_Labelling_Regulations_28_01_2022.pdf
Okra,,Pyridalyl,Pesticide residue,0.02,mg/kg (MRL),Okra,"FSSAI (Contaminants, Toxins and Residues) Regulations, 2011 - Version VI (27.01.2022)",FSSAI,Compendium_Contaminants_Regulations_28_01_2022-FSSAI.pdf,34.0,https://www.fssai.gov.in/upload/uploadfiles/files/Compendium_Packaging_Labelling_Regulations_28_01_2022.pdf
Chilli,,Pyridalyl,Pesticide residue,0.02,mg/kg (MRL),Chilli,"FSSAI (Contaminants, Toxins and Residues) Regulations, 2011 - Version VI (27.01.2022)",FSSAI,Compendium_Contaminants_Regulations_28_01_2022-FSSAI.pdf,34.0,https://www.fssai.gov.in/upload/uploadfiles/files/Compendium_Packaging_Labelling_Regulations_28_01_2022.pdf
Dried Chilli,,Pyridalyl,Pesticide residue,0.2,mg/kg (MRL),Dried Chilli,"FSSAI (Contaminants, Toxins and Residues) Regulations, 2011 - Version VI (27.01.2022)",FSSAI,Compendium_Contaminants_Regulations_28_01_2022-FSSAI.pdf,34.0,https://www.fssai.gov.in/upload/uploadfiles/files/Compendium_Packaging_Labelling_Regulations_28_01_2022.pdf
Cotton seed,,Pyriproxyfen,Pesticide residue,0.05,mg/kg (MRL),Cotton seed,"FSSAI (Contaminants, Toxins and Residues) Regulations, 2011 - Version VI (27.01.2022)",FSSAI,Compendium_Contaminants_Regulations_28_01_2022-FSSAI.pdf,34.0,https://www.fssai.gov.in/upload/uploadfiles/files/Compendium_Packaging_Labelling_Regulations_28_01_2022.pdf
Cotton seed Oil,,Pyriproxyfen,Pesticide residue,0.03*,mg/kg (MRL),Cotton seed Oil,"FSSAI (Contaminants, Toxins and Residues) Regulations, 2011 - Version VI (27.01.2022)",FSSAI,Compendium_Contaminants_Regulations_28_01_2022-FSSAI.pdf,35.0,https://www.fssai.gov.in/upload/uploadfiles/files/Compendium_Packaging_Labelling_Regulations_28_01_2022.pdf
Brinjal,,Pyriproxyfen,Pesticide residue,0.02,mg/kg (MRL),Brinjal,"FSSAI (Contaminants, Toxins and Residues) Regulations, 2011 - Version VI (27.01.2022)",FSSAI,Compendium_Contaminants_Regulations_28_01_2022-FSSAI.pdf,35.0,https://www.fssai.gov.in/upload/uploadfiles/files/Compendium_Packaging_Labelling_Regulations_28_01_2022.pdf
Okra,,Pyriproxyfen,Pesticide residue,0.03,mg/kg (MRL),Okra,"FSSAI (Contaminants, Toxins and Residues) Regulations, 2011 - Version VI (27.01.2022)",FSSAI,Compendium_Contaminants_Regulations_28_01_2022-FSSAI.pdf,35.0,https://www.fssai.gov.in/upload/uploadfiles/files/Compendium_Packaging_Labelling_Regulations_28_01_2022.pdf
Chilli,,Pyriproxyfen,Pesticide residue,0.02,mg/kg (MRL),Chilli,"FSSAI (Contaminants, Toxins and Residues) Regulations, 2011 - Version VI (27.01.2022)",FSSAI,Compendium_Contaminants_Regulations_28_01_2022-FSSAI.pdf,35.0,https://www.fssai.gov.in/upload/uploadfiles/files/Compendium_Packaging_Labelling_Regulations_28_01_2022.pdf
Dried Chilli,,Pyriproxyfen,Pesticide residue,0.2,mg/kg (MRL),Dried Chilli,"FSSAI (Contaminants, Toxins and Residues) Regulations, 2011 - Version VI (27.01.2022)",FSSAI,Compendium_Contaminants_Regulations_28_01_2022-FSSAI.pdf,35.0,https://www.fssai.gov.in/upload/uploadfiles/files/Compendium_Packaging_Labelling_Regulations_28_01_2022.pdf
Sodium Cotton seed Oil,,Pyrithiolac,Pesticide residue,0.02,mg/kg (MRL),Sodium Cotton seed Oil,"FSSAI (Contaminants, Toxins and Residues) Regulations, 2011 - Version VI (27.01.2022)",FSSAI,Compendium_Contaminants_Regulations_28_01_2022-FSSAI.pdf,35.0,https://www.fssai.gov.in/upload/uploadfiles/files/Compendium_Packaging_Labelling_Regulations_28_01_2022.pdf
Rice,,Pymetrozine,Pesticide residue,0.01*,mg/kg (MRL),Rice,"FSSAI (Contaminants, Toxins and Residues) Regulations, 2011 - Version VI (27.01.2022)",FSSAI,Compendium_Contaminants_Regulations_28_01_2022-FSSAI.pdf,35.0,https://www.fssai.gov.in/upload/uploadfiles/files/Compendium_Packaging_Labelling_Regulations_28_01_2022.pdf
Cauliflower,,Quinalphos,Pesticide residue,0.1,mg/kg (MRL),Cauliflower,"FSSAI (Contaminants, Toxins and Residues) Regulations, 2011 - Version VI (27.01.2022)",FSSAI,Compendium_Contaminants_Regulations_28_01_2022-FSSAI.pdf,35.0,https://www.fssai.gov.in/upload/uploadfiles/files/Compendium_Packaging_Labelling_Regulations_28_01_2022.pdf
Citrus,,Quinalphos,Pesticide residue,0.05,mg/kg (MRL),Citrus,"FSSAI (Contaminants, Toxins and Residues) Regulations, 2011 - Version VI (27.01.2022)",FSSAI,Compendium_Contaminants_Regulations_28_01_2022-FSSAI.pdf,35.0,https://www.fssai.gov.in/upload/uploadfiles/files/Compendium_Packaging_Labelling_Regulations_28_01_2022.pdf
Bengal Gram,,Quinalphos,Pesticide residue,0.05,mg/kg (MRL),Bengal Gram,"FSSAI (Contaminants, Toxins and Residues) Regulations, 2011 - Version VI (27.01.2022)",FSSAI,Compendium_Contaminants_Regulations_28_01_2022-FSSAI.pdf,35.0,https://www.fssai.gov.in/upload/uploadfiles/files/Compendium_Packaging_Labelling_Regulations_28_01_2022.pdf
Cotton seed Oil,,Quinalphos,Pesticide residue,0.05,mg/kg (MRL),Cotton seed Oil,"FSSAI (Contaminants, Toxins and Residues) Regulations, 2011 - Version VI (27.01.2022)",FSSAI,Compendium_Contaminants_Regulations_28_01_2022-FSSAI.pdf,35.0,https://www.fssai.gov.in/upload/uploadfiles/files/Compendium_Packaging_Labelling_Regulations_28_01_2022.pdf
Mustard seed oil,,Quinalphos,Pesticide residue,0.1,mg/kg (MRL),Mustard seed oil,"FSSAI (Contaminants, Toxins and Residues) Regulations, 2011 - Version VI (27.01.2022)",FSSAI,Compendium_Contaminants_Regulations_28_01_2022-FSSAI.pdf,35.0,https://www.fssai.gov.in/upload/uploadfiles/files/Compendium_Packaging_Labelling_Regulations_28_01_2022.pdf
Soya bean,,Quinalphos,Pesticide residue,0.05,mg/kg (MRL),Soya bean,"FSSAI (Contaminants, Toxins and Residues) Regulations, 2011 - Version VI (27.01.2022)",FSSAI,Compendium_Contaminants_Regulations_28_01_2022-FSSAI.pdf,35.0,https://www.fssai.gov.in/upload/uploadfiles/files/Compendium_Packaging_Labelling_Regulations_28_01_2022.pdf
Groundnut oil,,Quinalphos,Pesticide residue,0.3,mg/kg (MRL),Groundnut oil,"FSSAI (Contaminants, Toxins and Residues) Regulations, 2011 - Version VI (27.01.2022)",FSSAI,Compendium_Contaminants_Regulations_28_01_2022-FSSAI.pdf,35.0,https://www.fssai.gov.in/upload/uploadfiles/files/Compendium_Packaging_Labelling_Regulations_28_01_2022.pdf
Rice,,Quinalphos,Pesticide residue,0.01,mg/kg (MRL),Rice,"FSSAI (Contaminants, Toxins and Residues) Regulations, 2011 - Version VI (27.01.2022)",FSSAI,Compendium_Contaminants_Regulations_28_01_2022-FSSAI.pdf,35.0,https://www.fssai.gov.in/upload/uploadfiles/files/Compendium_Packaging_Labelling_Regulations_28_01_2022.pdf
Pigeon pea,,Quinalphos,Pesticide residue,0.01,mg/kg (MRL),Pigeon pea,"FSSAI (Contaminants, Toxins and Residues) Regulations, 2011 - Version VI (27.01.2022)",FSSAI,Compendium_Contaminants_Regulations_28_01_2022-FSSAI.pdf,35.0,https://www.fssai.gov.in/upload/uploadfiles/files/Compendium_Packaging_Labelling_Regulations_28_01_2022.pdf
Cardamom,,Quinalphos,Pesticide residue,0.01,mg/kg (MRL),Cardamom,"FSSAI (Contaminants, Toxins and Residues) Regulations, 2011 - Version VI (27.01.2022)",FSSAI,Compendium_Contaminants_Regulations_28_01_2022-FSSAI.pdf,35.0,https://www.fssai.gov.in/upload/uploadfiles/files/Compendium_Packaging_Labelling_Regulations_28_01_2022.pdf
Tea,,Quinalphos,Pesticide residue,0.01,mg/kg (MRL),Tea,"FSSAI (Contaminants, Toxins and Residues) Regulations, 2011 - Version VI (27.01.2022)",FSSAI,Compendium_Contaminants_Regulations_28_01_2022-FSSAI.pdf,35.0,https://www.fssai.gov.in/upload/uploadfiles/files/Compendium_Packaging_Labelling_Regulations_28_01_2022.pdf
Fish,,Quinalphos,Pesticide residue,0.01,mg/kg (MRL),Fish,"FSSAI (Contaminants, Toxins and Residues) Regulations, 2011 - Version VI (27.01.2022)",FSSAI,Compendium_Contaminants_Regulations_28_01_2022-FSSAI.pdf,35.0,https://www.fssai.gov.in/upload/uploadfiles/files/Compendium_Packaging_Labelling_Regulations_28_01_2022.pdf
Chilli,,Quinalphos,Pesticide residue,0.2,mg/kg (MRL),Chilli,"FSSAI (Contaminants, Toxins and Residues) Regulations, 2011 - Version VI (27.01.2022)",FSSAI,Compendium_Contaminants_Regulations_28_01_2022-FSSAI.pdf,35.0,https://www.fssai.gov.in/upload/uploadfiles/files/Compendium_Packaging_Labelling_Regulations_28_01_2022.pdf
Dried Chilli,,Quinalphos,Pesticide residue,2,mg/kg (MRL),Dried Chilli,"FSSAI (Contaminants, Toxins and Residues) Regulations, 2011 - Version VI (27.01.2022)",FSSAI,Compendium_Contaminants_Regulations_28_01_2022-FSSAI.pdf,35.0,https://www.fssai.gov.in/upload/uploadfiles/files/Compendium_Packaging_Labelling_Regulations_28_01_2022.pdf
Cotton seed,,Quizalofop ethyl,Pesticide residue,0.1,mg/kg (MRL),Cotton seed,"FSSAI (Contaminants, Toxins and Residues) Regulations, 2011 - Version VI (27.01.2022)",FSSAI,Compendium_Contaminants_Regulations_28_01_2022-FSSAI.pdf,35.0,https://www.fssai.gov.in/upload/uploadfiles/files/Compendium_Packaging_Labelling_Regulations_28_01_2022.pdf
Soya bean seed,,Quizalofop ethyl,Pesticide residue,0.05,mg/kg (MRL),Soya bean seed,"FSSAI (Contaminants, Toxins and Residues) Regulations, 2011 - Version VI (27.01.2022)",FSSAI,Compendium_Contaminants_Regulations_28_01_2022-FSSAI.pdf,35.0,https://www.fssai.gov.in/upload/uploadfiles/files/Compendium_Packaging_Labelling_Regulations_28_01_2022.pdf
Onion,,Quizalofop ethyl,Pesticide residue,0.01*,mg/kg (MRL),Onion,"FSSAI (Contaminants, Toxins and Residues) Regulations, 2011 - Version VI (27.01.2022)",FSSAI,Compendium_Contaminants_Regulations_28_01_2022-FSSAI.pdf,35.0,https://www.fssai.gov.in/upload/uploadfiles/files/Compendium_Packaging_Labelling_Regulations_28_01_2022.pdf
Groundnut,,Quizalofop ethyl,Pesticide residue,0.1,mg/kg (MRL),Groundnut,"FSSAI (Contaminants, Toxins and Residues) Regulations, 2011 - Version VI (27.01.2022)",FSSAI,Compendium_Contaminants_Regulations_28_01_2022-FSSAI.pdf,35.0,https://www.fssai.gov.in/upload/uploadfiles/files/Compendium_Packaging_Labelling_Regulations_28_01_2022.pdf
Black Gram,,Quizalofop ethyl,Pesticide residue,0.01*,mg/kg (MRL),Black Gram,"FSSAI (Contaminants, Toxins and Residues) Regulations, 2011 - Version VI (27.01.2022)",FSSAI,Compendium_Contaminants_Regulations_28_01_2022-FSSAI.pdf,35.0,https://www.fssai.gov.in/upload/uploadfiles/files/Compendium_Packaging_Labelling_Regulations_28_01_2022.pdf
Soya bean Seed,,Quizalofop-P-tefuryl,Pesticide residue,0.02,mg/kg (MRL),Soya bean Seed,"FSSAI (Contaminants, Toxins and Residues) Regulations, 2011 - Version VI (27.01.2022)",FSSAI,Compendium_Contaminants_Regulations_28_01_2022-FSSAI.pdf,35.0,https://www.fssai.gov.in/upload/uploadfiles/files/Compendium_Packaging_Labelling_Regulations_28_01_2022.pdf
Aceflourofen Soya bean,,Sodium,Pesticide residue,0.05*,mg/kg (MRL),Aceflourofen Soya bean,"FSSAI (Contaminants, Toxins and Residues) Regulations, 2011 - Version VI (27.01.2022)",FSSAI,Compendium_Contaminants_Regulations_28_01_2022-FSSAI.pdf,35.0,https://www.fssai.gov.in/upload/uploadfiles/files/Compendium_Packaging_Labelling_Regulations_28_01_2022.pdf
Cotton seed oil,,Spinosad,Pesticide residue,0.02,mg/kg (MRL),Cotton seed oil,"FSSAI (Contaminants, Toxins and Residues) Regulations, 2011 - Version VI (27.01.2022)",FSSAI,Compendium_Contaminants_Regulations_28_01_2022-FSSAI.pdf,35.0,https://www.fssai.gov.in/upload/uploadfiles/files/Compendium_Packaging_Labelling_Regulations_28_01_2022.pdf
Cabbage,,Spinosad,Pesticide residue,2,mg/kg (MRL),Cabbage,"FSSAI (Contaminants, Toxins and Residues) Regulations, 2011 - Version VI (27.01.2022)",FSSAI,Compendium_Contaminants_Regulations_28_01_2022-FSSAI.pdf,35.0,https://www.fssai.gov.in/upload/uploadfiles/files/Compendium_Packaging_Labelling_Regulations_28_01_2022.pdf
Cauliflower,,Spinosad,Pesticide residue,0.02,mg/kg (MRL),Cauliflower,"FSSAI (Contaminants, Toxins and Residues) Regulations, 2011 - Version VI (27.01.2022)",FSSAI,Compendium_Contaminants_Regulations_28_01_2022-FSSAI.pdf,35.0,https://www.fssai.gov.in/upload/uploadfiles/files/Compendium_Packaging_Labelling_Regulations_28_01_2022.pdf
Red gram,,Spinosad,Pesticide residue,0.01,mg/kg (MRL),Red gram,"FSSAI (Contaminants, Toxins and Residues) Regulations, 2011 - Version VI (27.01.2022)",FSSAI,Compendium_Contaminants_Regulations_28_01_2022-FSSAI.pdf,35.0,https://www.fssai.gov.in/upload/uploadfiles/files/Compendium_Packaging_Labelling_Regulations_28_01_2022.pdf
Chilli,,Spinosad,Pesticide residue,0.01,mg/kg (MRL),Chilli,"FSSAI (Contaminants, Toxins and Residues) Regulations, 2011 - Version VI (27.01.2022)",FSSAI,Compendium_Contaminants_Regulations_28_01_2022-FSSAI.pdf,35.0,https://www.fssai.gov.in/upload/uploadfiles/files/Compendium_Packaging_Labelling_Regulations_28_01_2022.pdf
Dried Chilli,,Spinosad,Pesticide residue,0.1,mg/kg (MRL),Dried Chilli,"FSSAI (Contaminants, Toxins and Residues) Regulations, 2011 - Version VI (27.01.2022)",FSSAI,Compendium_Contaminants_Regulations_28_01_2022-FSSAI.pdf,35.0,https://www.fssai.gov.in/upload/uploadfiles/files/Compendium_Packaging_Labelling_Regulations_28_01_2022.pdf
Meat and Meat products,,Spinosad,Pesticide residue,2,mg/kg (MRL),Meat and Meat products,"FSSAI (Contaminants, Toxins and Residues) Regulations, 2011 - Version VI (27.01.2022)",FSSAI,Compendium_Contaminants_Regulations_28_01_2022-FSSAI.pdf,35.0,https://www.fssai.gov.in/upload/uploadfiles/files/Compendium_Packaging_Labelling_Regulations_28_01_2022.pdf
Tomato,,Spiromesifen,Pesticide residue,0.7,mg/kg (MRL),Tomato,"FSSAI (Contaminants, Toxins and Residues) Regulations, 2011 - Version VI (27.01.2022)",FSSAI,Compendium_Contaminants_Regulations_28_01_2022-FSSAI.pdf,35.0,https://www.fssai.gov.in/upload/uploadfiles/files/Compendium_Packaging_Labelling_Regulations_28_01_2022.pdf
Cottonseed,,Spiromesifen,Pesticide residue,0.7,mg/kg (MRL),Cottonseed,"FSSAI (Contaminants, Toxins and Residues) Regulations, 2011 - Version VI (27.01.2022)",FSSAI,Compendium_Contaminants_Regulations_28_01_2022-FSSAI.pdf,35.0,https://www.fssai.gov.in/upload/uploadfiles/files/Compendium_Packaging_Labelling_Regulations_28_01_2022.pdf
Apple,,Spiromesifen,Pesticide residue,0.01,mg/kg (MRL),Apple,"FSSAI (Contaminants, Toxins and Residues) Regulations, 2011 - Version VI (27.01.2022)",FSSAI,Compendium_Contaminants_Regulations_28_01_2022-FSSAI.pdf,35.0,https://www.fssai.gov.in/upload/uploadfiles/files/Compendium_Packaging_Labelling_Regulations_28_01_2022.pdf
Brinjal,,Spiromesifen,Pesticide residue,0.5,mg/kg (MRL),Brinjal,"FSSAI (Contaminants, Toxins and Residues) Regulations, 2011 - Version VI (27.01.2022)",FSSAI,Compendium_Contaminants_Regulations_28_01_2022-FSSAI.pdf,35.0,https://www.fssai.gov.in/upload/uploadfiles/files/Compendium_Packaging_Labelling_Regulations_28_01_2022.pdf
Chilli,,Spiromesifen,Pesticide residue,0.1,mg/kg (MRL),Chilli,"FSSAI (Contaminants, Toxins and Residues) Regulations, 2011 - Version VI (27.01.2022)",FSSAI,Compendium_Contaminants_Regulations_28_01_2022-FSSAI.pdf,35.0,https://www.fssai.gov.in/upload/uploadfiles/files/Compendium_Packaging_Labelling_Regulations_28_01_2022.pdf
Dried Chilli,,Spiromesifen,Pesticide residue,1,mg/kg (MRL),Dried Chilli,"FSSAI (Contaminants, Toxins and Residues) Regulations, 2011 - Version VI (27.01.2022)",FSSAI,Compendium_Contaminants_Regulations_28_01_2022-FSSAI.pdf,35.0,https://www.fssai.gov.in/upload/uploadfiles/files/Compendium_Packaging_Labelling_Regulations_28_01_2022.pdf
Tea,,Spiromesifen,Pesticide residue,70,mg/kg (MRL),Tea,"FSSAI (Contaminants, Toxins and Residues) Regulations, 2011 - Version VI (27.01.2022)",FSSAI,Compendium_Contaminants_Regulations_28_01_2022-FSSAI.pdf,35.0,https://www.fssai.gov.in/upload/uploadfiles/files/Compendium_Packaging_Labelling_Regulations_28_01_2022.pdf
Green Tea,,Spiromesifen,Pesticide residue,70,mg/kg (MRL),Green Tea,"FSSAI (Contaminants, Toxins and Residues) Regulations, 2011 - Version VI (27.01.2022)",FSSAI,Compendium_Contaminants_Regulations_28_01_2022-FSSAI.pdf,35.0,https://www.fssai.gov.in/upload/uploadfiles/files/Compendium_Packaging_Labelling_Regulations_28_01_2022.pdf
Okra,,Spiromesifen,Pesticide residue,0.03,mg/kg (MRL),Okra,"FSSAI (Contaminants, Toxins and Residues) Regulations, 2011 - Version VI (27.01.2022)",FSSAI,Compendium_Contaminants_Regulations_28_01_2022-FSSAI.pdf,35.0,https://www.fssai.gov.in/upload/uploadfiles/files/Compendium_Packaging_Labelling_Regulations_28_01_2022.pdf
Wheat,,Sulfosulfuron,Pesticide residue,0.02,mg/kg (MRL),Wheat,"FSSAI (Contaminants, Toxins and Residues) Regulations, 2011 - Version VI (27.01.2022)",FSSAI,Compendium_Contaminants_Regulations_28_01_2022-FSSAI.pdf,35.0,https://www.fssai.gov.in/upload/uploadfiles/files/Compendium_Packaging_Labelling_Regulations_28_01_2022.pdf
Rice,,Tebuconazole,Pesticide residue,1.5,mg/kg (MRL),Rice,"FSSAI (Contaminants, Toxins and Residues) Regulations, 2011 - Version VI (27.01.2022)",FSSAI,Compendium_Contaminants_Regulations_28_01_2022-FSSAI.pdf,35.0,https://www.fssai.gov.in/upload/uploadfiles/files/Compendium_Packaging_Labelling_Regulations_28_01_2022.pdf
Groundnut seed,,Tebuconazole,Pesticide residue,0.15,mg/kg (MRL),Groundnut seed,"FSSAI (Contaminants, Toxins and Residues) Regulations, 2011 - Version VI (27.01.2022)",FSSAI,Compendium_Contaminants_Regulations_28_01_2022-FSSAI.pdf,36.0,https://www.fssai.gov.in/upload/uploadfiles/files/Compendium_Packaging_Labelling_Regulations_28_01_2022.pdf
Groundnut oil,,Tebuconazole,Pesticide residue,0.05,mg/kg (MRL),Groundnut oil,"FSSAI (Contaminants, Toxins and Residues) Regulations, 2011 - Version VI (27.01.2022)",FSSAI,Compendium_Contaminants_Regulations_28_01_2022-FSSAI.pdf,36.0,https://www.fssai.gov.in/upload/uploadfiles/files/Compendium_Packaging_Labelling_Regulations_28_01_2022.pdf
Wheat,,Tebuconazole,Pesticide residue,0.15,mg/kg (MRL),Wheat,"FSSAI (Contaminants, Toxins and Residues) Regulations, 2011 - Version VI (27.01.2022)",FSSAI,Compendium_Contaminants_Regulations_28_01_2022-FSSAI.pdf,36.0,https://www.fssai.gov.in/upload/uploadfiles/files/Compendium_Packaging_Labelling_Regulations_28_01_2022.pdf
Milk and Milk products,,Tebuconazole,Pesticide residue,0.01,mg/kg (MRL),Milk and Milk products,"FSSAI (Contaminants, Toxins and Residues) Regulations, 2011 - Version VI (27.01.2022)",FSSAI,Compendium_Contaminants_Regulations_28_01_2022-FSSAI.pdf,36.0,https://www.fssai.gov.in/upload/uploadfiles/files/Compendium_Packaging_Labelling_Regulations_28_01_2022.pdf
Tomato,,Tebuconazole,Pesticide residue,2,mg/kg (MRL),Tomato,"FSSAI (Contaminants, Toxins and Residues) Regulations, 2011 - Version VI (27.01.2022)",FSSAI,Compendium_Contaminants_Regulations_28_01_2022-FSSAI.pdf,36.0,https://www.fssai.gov.in/upload/uploadfiles/files/Compendium_Packaging_Labelling_Regulations_28_01_2022.pdf
Meat and Meat products,,Tebuconazole,Pesticide residue,0.05,mg/kg (MRL),Meat and Meat products,"FSSAI (Contaminants, Toxins and Residues) Regulations, 2011 - Version VI (27.01.2022)",FSSAI,Compendium_Contaminants_Regulations_28_01_2022-FSSAI.pdf,36.0,https://www.fssai.gov.in/upload/uploadfiles/files/Compendium_Packaging_Labelling_Regulations_28_01_2022.pdf
Onion,,Tebuconazole,Pesticide residue,0.15,mg/kg (MRL),Onion,"FSSAI (Contaminants, Toxins and Residues) Regulations, 2011 - Version VI (27.01.2022)",FSSAI,Compendium_Contaminants_Regulations_28_01_2022-FSSAI.pdf,36.0,https://www.fssai.gov.in/upload/uploadfiles/files/Compendium_Packaging_Labelling_Regulations_28_01_2022.pdf
Soya bean,,Tebuconazole,Pesticide residue,0.15,mg/kg (MRL),Soya bean,"FSSAI (Contaminants, Toxins and Residues) Regulations, 2011 - Version VI (27.01.2022)",FSSAI,Compendium_Contaminants_Regulations_28_01_2022-FSSAI.pdf,36.0,https://www.fssai.gov.in/upload/uploadfiles/files/Compendium_Packaging_Labelling_Regulations_28_01_2022.pdf
Mango,,Tebuconazole,Pesticide residue,0.2,mg/kg (MRL),Mango,"FSSAI (Contaminants, Toxins and Residues) Regulations, 2011 - Version VI (27.01.2022)",FSSAI,Compendium_Contaminants_Regulations_28_01_2022-FSSAI.pdf,36.0,https://www.fssai.gov.in/upload/uploadfiles/files/Compendium_Packaging_Labelling_Regulations_28_01_2022.pdf
Grapes,,Tebuconazole,Pesticide residue,6,mg/kg (MRL),Grapes,"FSSAI (Contaminants, Toxins and Residues) Regulations, 2011 - Version VI (27.01.2022)",FSSAI,Compendium_Contaminants_Regulations_28_01_2022-FSSAI.pdf,36.0,https://www.fssai.gov.in/upload/uploadfiles/files/Compendium_Packaging_Labelling_Regulations_28_01_2022.pdf
Chilli,,Tebuconazole,Pesticide residue,0.4,mg/kg (MRL),Chilli,"FSSAI (Contaminants, Toxins and Residues) Regulations, 2011 - Version VI (27.01.2022)",FSSAI,Compendium_Contaminants_Regulations_28_01_2022-FSSAI.pdf,36.0,https://www.fssai.gov.in/upload/uploadfiles/files/Compendium_Packaging_Labelling_Regulations_28_01_2022.pdf
Dry Chilli,,Tebuconazole,Pesticide residue,4,mg/kg (MRL),Dry Chilli,"FSSAI (Contaminants, Toxins and Residues) Regulations, 2011 - Version VI (27.01.2022)",FSSAI,Compendium_Contaminants_Regulations_28_01_2022-FSSAI.pdf,36.0,https://www.fssai.gov.in/upload/uploadfiles/files/Compendium_Packaging_Labelling_Regulations_28_01_2022.pdf
Cotton seed Oil,,Tebuconazole,Pesticide residue,2,mg/kg (MRL),Cotton seed Oil,"FSSAI (Contaminants, Toxins and Residues) Regulations, 2011 - Version VI (27.01.2022)",FSSAI,Compendium_Contaminants_Regulations_28_01_2022-FSSAI.pdf,36.0,https://www.fssai.gov.in/upload/uploadfiles/files/Compendium_Packaging_Labelling_Regulations_28_01_2022.pdf
Apple,,Tebuconazole,Pesticide residue,1,mg/kg (MRL),Apple,"FSSAI (Contaminants, Toxins and Residues) Regulations, 2011 - Version VI (27.01.2022)",FSSAI,Compendium_Contaminants_Regulations_28_01_2022-FSSAI.pdf,36.0,https://www.fssai.gov.in/upload/uploadfiles/files/Compendium_Packaging_Labelling_Regulations_28_01_2022.pdf
Banana,,Tebuconazole,Pesticide residue,1.5,mg/kg (MRL),Banana,"FSSAI (Contaminants, Toxins and Residues) Regulations, 2011 - Version VI (27.01.2022)",FSSAI,Compendium_Contaminants_Regulations_28_01_2022-FSSAI.pdf,36.0,https://www.fssai.gov.in/upload/uploadfiles/files/Compendium_Packaging_Labelling_Regulations_28_01_2022.pdf
Black Gram,,Tebuconazole,Pesticide residue,0.01*,mg/kg (MRL),Black Gram,"FSSAI (Contaminants, Toxins and Residues) Regulations, 2011 - Version VI (27.01.2022)",FSSAI,Compendium_Contaminants_Regulations_28_01_2022-FSSAI.pdf,36.0,https://www.fssai.gov.in/upload/uploadfiles/files/Compendium_Packaging_Labelling_Regulations_28_01_2022.pdf
Maize,,Tebuconazole,Pesticide residue,0.05*,mg/kg (MRL),Maize,"FSSAI (Contaminants, Toxins and Residues) Regulations, 2011 - Version VI (27.01.2022)",FSSAI,Compendium_Contaminants_Regulations_28_01_2022-FSSAI.pdf,36.0,https://www.fssai.gov.in/upload/uploadfiles/files/Compendium_Packaging_Labelling_Regulations_28_01_2022.pdf
Cabbage,,Tebuconazole,Pesticide residue,1.0,mg/kg (MRL),Cabbage,"FSSAI (Contaminants, Toxins and Residues) Regulations, 2011 - Version VI (27.01.2022)",FSSAI,Compendium_Contaminants_Regulations_28_01_2022-FSSAI.pdf,36.0,https://www.fssai.gov.in/upload/uploadfiles/files/Compendium_Packaging_Labelling_Regulations_28_01_2022.pdf
Cotton seed,,Thiacloprid,Pesticide residue,0.05,mg/kg (MRL),Cotton seed,"FSSAI (Contaminants, Toxins and Residues) Regulations, 2011 - Version VI (27.01.2022)",FSSAI,Compendium_Contaminants_Regulations_28_01_2022-FSSAI.pdf,36.0,https://www.fssai.gov.in/upload/uploadfiles/files/Compendium_Packaging_Labelling_Regulations_28_01_2022.pdf
Cotton seed Oil,,Thiacloprid,Pesticide residue,0.05,mg/kg (MRL),Cotton seed Oil,"FSSAI (Contaminants, Toxins and Residues) Regulations, 2011 - Version VI (27.01.2022)",FSSAI,Compendium_Contaminants_Regulations_28_01_2022-FSSAI.pdf,36.0,https://www.fssai.gov.in/upload/uploadfiles/files/Compendium_Packaging_Labelling_Regulations_28_01_2022.pdf
Rice,,Thiacloprid,Pesticide residue,0.02,mg/kg (MRL),Rice,"FSSAI (Contaminants, Toxins and Residues) Regulations, 2011 - Version VI (27.01.2022)",FSSAI,Compendium_Contaminants_Regulations_28_01_2022-FSSAI.pdf,36.0,https://www.fssai.gov.in/upload/uploadfiles/files/Compendium_Packaging_Labelling_Regulations_28_01_2022.pdf
Brinjal,,Thiacloprid,Pesticide residue,0.7,mg/kg (MRL),Brinjal,"FSSAI (Contaminants, Toxins and Residues) Regulations, 2011 - Version VI (27.01.2022)",FSSAI,Compendium_Contaminants_Regulations_28_01_2022-FSSAI.pdf,36.0,https://www.fssai.gov.in/upload/uploadfiles/files/Compendium_Packaging_Labelling_Regulations_28_01_2022.pdf
Tea,,Thiacloprid,Pesticide residue,5,mg/kg (MRL),Tea,"FSSAI (Contaminants, Toxins and Residues) Regulations, 2011 - Version VI (27.01.2022)",FSSAI,Compendium_Contaminants_Regulations_28_01_2022-FSSAI.pdf,36.0,https://www.fssai.gov.in/upload/uploadfiles/files/Compendium_Packaging_Labelling_Regulations_28_01_2022.pdf
Soya bean seed,,Thiacloprid,Pesticide residue,0.03*,mg/kg (MRL),Soya bean seed,"FSSAI (Contaminants, Toxins and Residues) Regulations, 2011 - Version VI (27.01.2022)",FSSAI,Compendium_Contaminants_Regulations_28_01_2022-FSSAI.pdf,36.0,https://www.fssai.gov.in/upload/uploadfiles/files/Compendium_Packaging_Labelling_Regulations_28_01_2022.pdf
Apple,,Thiacloprid,Pesticide residue,0.7,mg/kg (MRL),Apple,"FSSAI (Contaminants, Toxins and Residues) Regulations, 2011 - Version VI (27.01.2022)",FSSAI,Compendium_Contaminants_Regulations_28_01_2022-FSSAI.pdf,36.0,https://www.fssai.gov.in/upload/uploadfiles/files/Compendium_Packaging_Labelling_Regulations_28_01_2022.pdf
Milk and Milk products,,Thiacloprid,Pesticide residue,0.05,mg/kg (MRL),Milk and Milk products,"FSSAI (Contaminants, Toxins and Residues) Regulations, 2011 - Version VI (27.01.2022)",FSSAI,Compendium_Contaminants_Regulations_28_01_2022-FSSAI.pdf,36.0,https://www.fssai.gov.in/upload/uploadfiles/files/Compendium_Packaging_Labelling_Regulations_28_01_2022.pdf
Meat and Meat products,,Thiacloprid,Pesticide residue,0.1,mg/kg (MRL),Meat and Meat products,"FSSAI (Contaminants, Toxins and Residues) Regulations, 2011 - Version VI (27.01.2022)",FSSAI,Compendium_Contaminants_Regulations_28_01_2022-FSSAI.pdf,36.0,https://www.fssai.gov.in/upload/uploadfiles/files/Compendium_Packaging_Labelling_Regulations_28_01_2022.pdf
Chilli,,Thiacloprid,Pesticide residue,0.02,mg/kg (MRL),Chilli,"FSSAI (Contaminants, Toxins and Residues) Regulations, 2011 - Version VI (27.01.2022)",FSSAI,Compendium_Contaminants_Regulations_28_01_2022-FSSAI.pdf,36.0,https://www.fssai.gov.in/upload/uploadfiles/files/Compendium_Packaging_Labelling_Regulations_28_01_2022.pdf
Dried Chilli,,Thiacloprid,Pesticide residue,0.2,mg/kg (MRL),Dried Chilli,"FSSAI (Contaminants, Toxins and Residues) Regulations, 2011 - Version VI (27.01.2022)",FSSAI,Compendium_Contaminants_Regulations_28_01_2022-FSSAI.pdf,36.0,https://www.fssai.gov.in/upload/uploadfiles/files/Compendium_Packaging_Labelling_Regulations_28_01_2022.pdf
Rice,,Thifluzamide,Pesticide residue,0.05,mg/kg (MRL),Rice,"FSSAI (Contaminants, Toxins and Residues) Regulations, 2011 - Version VI (27.01.2022)",FSSAI,Compendium_Contaminants_Regulations_28_01_2022-FSSAI.pdf,36.0,https://www.fssai.gov.in/upload/uploadfiles/files/Compendium_Packaging_Labelling_Regulations_28_01_2022.pdf
Cabbage,,Thiodicarb,Pesticide residue,0.02,mg/kg (MRL),Cabbage,"FSSAI (Contaminants, Toxins and Residues) Regulations, 2011 - Version VI (27.01.2022)",FSSAI,Compendium_Contaminants_Regulations_28_01_2022-FSSAI.pdf,36.0,https://www.fssai.gov.in/upload/uploadfiles/files/Compendium_Packaging_Labelling_Regulations_28_01_2022.pdf
Brinjal,,Thiodicarb,Pesticide residue,0.05,mg/kg (MRL),Brinjal,"FSSAI (Contaminants, Toxins and Residues) Regulations, 2011 - Version VI (27.01.2022)",FSSAI,Compendium_Contaminants_Regulations_28_01_2022-FSSAI.pdf,36.0,https://www.fssai.gov.in/upload/uploadfiles/files/Compendium_Packaging_Labelling_Regulations_28_01_2022.pdf
Red Gram,,Thiodicarb,Pesticide residue,0.05,mg/kg (MRL),Red Gram,"FSSAI (Contaminants, Toxins and Residues) Regulations, 2011 - Version VI (27.01.2022)",FSSAI,Compendium_Contaminants_Regulations_28_01_2022-FSSAI.pdf,36.0,https://www.fssai.gov.in/upload/uploadfiles/files/Compendium_Packaging_Labelling_Regulations_28_01_2022.pdf
Black Gram,,Thiodicarb,Pesticide residue,0.03,mg/kg (MRL),Black Gram,"FSSAI (Contaminants, Toxins and Residues) Regulations, 2011 - Version VI (27.01.2022)",FSSAI,Compendium_Contaminants_Regulations_28_01_2022-FSSAI.pdf,36.0,https://www.fssai.gov.in/upload/uploadfiles/files/Compendium_Packaging_Labelling_Regulations_28_01_2022.pdf
Chilli,,Thiodicarb,Pesticide residue,0.01,mg/kg (MRL),Chilli,"FSSAI (Contaminants, Toxins and Residues) Regulations, 2011 - Version VI (27.01.2022)",FSSAI,Compendium_Contaminants_Regulations_28_01_2022-FSSAI.pdf,36.0,https://www.fssai.gov.in/upload/uploadfiles/files/Compendium_Packaging_Labelling_Regulations_28_01_2022.pdf
Dried Chilli,,Thiodicarb,Pesticide residue,0.1,mg/kg (MRL),Dried Chilli,"FSSAI (Contaminants, Toxins and Residues) Regulations, 2011 - Version VI (27.01.2022)",FSSAI,Compendium_Contaminants_Regulations_28_01_2022-FSSAI.pdf,36.0,https://www.fssai.gov.in/upload/uploadfiles/files/Compendium_Packaging_Labelling_Regulations_28_01_2022.pdf
Cotton seed oil,,Thiodicarb,Pesticide residue,0.02,mg/kg (MRL),Cotton seed oil,"FSSAI (Contaminants, Toxins and Residues) Regulations, 2011 - Version VI (27.01.2022)",FSSAI,Compendium_Contaminants_Regulations_28_01_2022-FSSAI.pdf,36.0,https://www.fssai.gov.in/upload/uploadfiles/files/Compendium_Packaging_Labelling_Regulations_28_01_2022.pdf
Meat and Meat products,,Thiodicarb,Pesticide residue,0.02,mg/kg (MRL),Meat and Meat products,"FSSAI (Contaminants, Toxins and Residues) Regulations, 2011 - Version VI (27.01.2022)",FSSAI,Compendium_Contaminants_Regulations_28_01_2022-FSSAI.pdf,36.0,https://www.fssai.gov.in/upload/uploadfiles/files/Compendium_Packaging_Labelling_Regulations_28_01_2022.pdf
Rice,,Thiamethoxam,Pesticide residue,0.02,mg/kg (MRL),Rice,"FSSAI (Contaminants, Toxins and Residues) Regulations, 2011 - Version VI (27.01.2022)",FSSAI,Compendium_Contaminants_Regulations_28_01_2022-FSSAI.pdf,36.0,https://www.fssai.gov.in/upload/uploadfiles/files/Compendium_Packaging_Labelling_Regulations_28_01_2022.pdf
Okra,,Thiamethoxam,Pesticide residue,0.5,mg/kg (MRL),Okra,"FSSAI (Contaminants, Toxins and Residues) Regulations, 2011 - Version VI (27.01.2022)",FSSAI,Compendium_Contaminants_Regulations_28_01_2022-FSSAI.pdf,36.0,https://www.fssai.gov.in/upload/uploadfiles/files/Compendium_Packaging_Labelling_Regulations_28_01_2022.pdf
Cotton seed Oil,,Thiamethoxam,Pesticide residue,0.01,mg/kg (MRL),Cotton seed Oil,"FSSAI (Contaminants, Toxins and Residues) Regulations, 2011 - Version VI (27.01.2022)",FSSAI,Compendium_Contaminants_Regulations_28_01_2022-FSSAI.pdf,36.0,https://www.fssai.gov.in/upload/uploadfiles/files/Compendium_Packaging_Labelling_Regulations_28_01_2022.pdf
Brinjal,,Thiamethoxam,Pesticide residue,0.3,mg/kg (MRL),Brinjal,"FSSAI (Contaminants, Toxins and Residues) Regulations, 2011 - Version VI (27.01.2022)",FSSAI,Compendium_Contaminants_Regulations_28_01_2022-FSSAI.pdf,36.0,https://www.fssai.gov.in/upload/uploadfiles/files/Compendium_Packaging_Labelling_Regulations_28_01_2022.pdf
Tomato,,Thiamethoxam,Pesticide residue,0.70,mg/kg (MRL),Tomato,"FSSAI (Contaminants, Toxins and Residues) Regulations, 2011 - Version VI (27.01.2022)",FSSAI,Compendium_Contaminants_Regulations_28_01_2022-FSSAI.pdf,36.0,https://www.fssai.gov.in/upload/uploadfiles/files/Compendium_Packaging_Labelling_Regulations_28_01_2022.pdf
Wheat,,Thiamethoxam,Pesticide residue,0.05,mg/kg (MRL),Wheat,"FSSAI (Contaminants, Toxins and Residues) Regulations, 2011 - Version VI (27.01.2022)",FSSAI,Compendium_Contaminants_Regulations_28_01_2022-FSSAI.pdf,36.0,https://www.fssai.gov.in/upload/uploadfiles/files/Compendium_Packaging_Labelling_Regulations_28_01_2022.pdf
Tea,,Thiamethoxam,Pesticide residue,20,mg/kg (MRL),Tea,"FSSAI (Contaminants, Toxins and Residues) Regulations, 2011 - Version VI (27.01.2022)",FSSAI,Compendium_Contaminants_Regulations_28_01_2022-FSSAI.pdf,36.0,https://www.fssai.gov.in/upload/uploadfiles/files/Compendium_Packaging_Labelling_Regulations_28_01_2022.pdf
Mango,,Thiamethoxam,Pesticide residue,0.20,mg/kg (MRL),Mango,"FSSAI (Contaminants, Toxins and Residues) Regulations, 2011 - Version VI (27.01.2022)",FSSAI,Compendium_Contaminants_Regulations_28_01_2022-FSSAI.pdf,36.0,https://www.fssai.gov.in/upload/uploadfiles/files/Compendium_Packaging_Labelling_Regulations_28_01_2022.pdf
Potato,,Thiamethoxam,Pesticide residue,0.30,mg/kg (MRL),Potato,"FSSAI (Contaminants, Toxins and Residues) Regulations, 2011 - Version VI (27.01.2022)",FSSAI,Compendium_Contaminants_Regulations_28_01_2022-FSSAI.pdf,36.0,https://www.fssai.gov.in/upload/uploadfiles/files/Compendium_Packaging_Labelling_Regulations_28_01_2022.pdf
Mustard seed,,Thiamethoxam,Pesticide residue,0.01,mg/kg (MRL),Mustard seed,"FSSAI (Contaminants, Toxins and Residues) Regulations, 2011 - Version VI (27.01.2022)",FSSAI,Compendium_Contaminants_Regulations_28_01_2022-FSSAI.pdf,36.0,https://www.fssai.gov.in/upload/uploadfiles/files/Compendium_Packaging_Labelling_Regulations_28_01_2022.pdf
Cumin,,Thiamethoxam,Pesticide residue,0.01,mg/kg (MRL),Cumin,"FSSAI (Contaminants, Toxins and Residues) Regulations, 2011 - Version VI (27.01.2022)",FSSAI,Compendium_Contaminants_Regulations_28_01_2022-FSSAI.pdf,37.0,https://www.fssai.gov.in/upload/uploadfiles/files/Compendium_Packaging_Labelling_Regulations_28_01_2022.pdf
Acid Lime,,Thiamethoxam,Pesticide residue,0.5,mg/kg (MRL),Acid Lime,"FSSAI (Contaminants, Toxins and Residues) Regulations, 2011 - Version VI (27.01.2022)",FSSAI,Compendium_Contaminants_Regulations_28_01_2022-FSSAI.pdf,37.0,https://www.fssai.gov.in/upload/uploadfiles/files/Compendium_Packaging_Labelling_Regulations_28_01_2022.pdf
Milk and Milk products,,Thiamethoxam,Pesticide residue,0.05,mg/kg (MRL),Milk and Milk products,"FSSAI (Contaminants, Toxins and Residues) Regulations, 2011 - Version VI (27.01.2022)",FSSAI,Compendium_Contaminants_Regulations_28_01_2022-FSSAI.pdf,37.0,https://www.fssai.gov.in/upload/uploadfiles/files/Compendium_Packaging_Labelling_Regulations_28_01_2022.pdf
Meat and Meat products,,Thiamethoxam,Pesticide residue,0.02,mg/kg (MRL),Meat and Meat products,"FSSAI (Contaminants, Toxins and Residues) Regulations, 2011 - Version VI (27.01.2022)",FSSAI,Compendium_Contaminants_Regulations_28_01_2022-FSSAI.pdf,37.0,https://www.fssai.gov.in/upload/uploadfiles/files/Compendium_Packaging_Labelling_Regulations_28_01_2022.pdf
Groundnut,,Thiamethoxam,Pesticide residue,0.05*,mg/kg (MRL),Groundnut,"FSSAI (Contaminants, Toxins and Residues) Regulations, 2011 - Version VI (27.01.2022)",FSSAI,Compendium_Contaminants_Regulations_28_01_2022-FSSAI.pdf,37.0,https://www.fssai.gov.in/upload/uploadfiles/files/Compendium_Packaging_Labelling_Regulations_28_01_2022.pdf
Groundnut Oil,,Thiamethoxam,Pesticide residue,0.05*,mg/kg (MRL),Groundnut Oil,"FSSAI (Contaminants, Toxins and Residues) Regulations, 2011 - Version VI (27.01.2022)",FSSAI,Compendium_Contaminants_Regulations_28_01_2022-FSSAI.pdf,37.0,https://www.fssai.gov.in/upload/uploadfiles/files/Compendium_Packaging_Labelling_Regulations_28_01_2022.pdf
Sugarcane,,Thiamethoxam,Pesticide residue,0.05*,mg/kg (MRL),Sugarcane,"FSSAI (Contaminants, Toxins and Residues) Regulations, 2011 - Version VI (27.01.2022)",FSSAI,Compendium_Contaminants_Regulations_28_01_2022-FSSAI.pdf,37.0,https://www.fssai.gov.in/upload/uploadfiles/files/Compendium_Packaging_Labelling_Regulations_28_01_2022.pdf
Maize,,Thiamethoxam,Pesticide residue,0.05*,mg/kg (MRL),Maize,"FSSAI (Contaminants, Toxins and Residues) Regulations, 2011 - Version VI (27.01.2022)",FSSAI,Compendium_Contaminants_Regulations_28_01_2022-FSSAI.pdf,37.0,https://www.fssai.gov.in/upload/uploadfiles/files/Compendium_Packaging_Labelling_Regulations_28_01_2022.pdf
Soya bean,,Thiamethoxam,Pesticide residue,0.05*,mg/kg (MRL),Soya bean,"FSSAI (Contaminants, Toxins and Residues) Regulations, 2011 - Version VI (27.01.2022)",FSSAI,Compendium_Contaminants_Regulations_28_01_2022-FSSAI.pdf,37.0,https://www.fssai.gov.in/upload/uploadfiles/files/Compendium_Packaging_Labelling_Regulations_28_01_2022.pdf
Soya bean Oil,,Thiamethoxam,Pesticide residue,0.05*,mg/kg (MRL),Soya bean Oil,"FSSAI (Contaminants, Toxins and Residues) Regulations, 2011 - Version VI (27.01.2022)",FSSAI,Compendium_Contaminants_Regulations_28_01_2022-FSSAI.pdf,37.0,https://www.fssai.gov.in/upload/uploadfiles/files/Compendium_Packaging_Labelling_Regulations_28_01_2022.pdf
Chilli,,Thiamethoxam,Pesticide residue,0.5,mg/kg (MRL),Chilli,"FSSAI (Contaminants, Toxins and Residues) Regulations, 2011 - Version VI (27.01.2022)",FSSAI,Compendium_Contaminants_Regulations_28_01_2022-FSSAI.pdf,37.0,https://www.fssai.gov.in/upload/uploadfiles/files/Compendium_Packaging_Labelling_Regulations_28_01_2022.pdf
Dried Chilli,,Thiamethoxam,Pesticide residue,5,mg/kg (MRL),Dried Chilli,"FSSAI (Contaminants, Toxins and Residues) Regulations, 2011 - Version VI (27.01.2022)",FSSAI,Compendium_Contaminants_Regulations_28_01_2022-FSSAI.pdf,37.0,https://www.fssai.gov.in/upload/uploadfiles/files/Compendium_Packaging_Labelling_Regulations_28_01_2022.pdf
as thiometon its sulfoxide and sulphone expressed as thiometon) Food grains,,Thiometon(Residues determined,Pesticide residue,0.03,mg/kg (MRL),as thiometon its sulfoxide and sulphone expressed as thiometon) Food grains,"FSSAI (Contaminants, Toxins and Residues) Regulations, 2011 - Version VI (27.01.2022)",FSSAI,Compendium_Contaminants_Regulations_28_01_2022-FSSAI.pdf,37.0,https://www.fssai.gov.in/upload/uploadfiles/files/Compendium_Packaging_Labelling_Regulations_28_01_2022.pdf
Milled food grains,,Thiometon(Residues determined,Pesticide residue,0.01,mg/kg (MRL),Milled food grains,"FSSAI (Contaminants, Toxins and Residues) Regulations, 2011 - Version VI (27.01.2022)",FSSAI,Compendium_Contaminants_Regulations_28_01_2022-FSSAI.pdf,37.0,https://www.fssai.gov.in/upload/uploadfiles/files/Compendium_Packaging_Labelling_Regulations_28_01_2022.pdf
Fruits,,Thiometon(Residues determined,Pesticide residue,0.5,mg/kg (MRL),Fruits,"FSSAI (Contaminants, Toxins and Residues) Regulations, 2011 - Version VI (27.01.2022)",FSSAI,Compendium_Contaminants_Regulations_28_01_2022-FSSAI.pdf,37.0,https://www.fssai.gov.in/upload/uploadfiles/files/Compendium_Packaging_Labelling_Regulations_28_01_2022.pdf
"Potato, Carrots and Sugar beets 0.05 Other vegetables",,Thiometon(Residues determined,Pesticide residue,0.5,mg/kg (MRL),"Potato, Carrots and Sugar beets 0.05 Other vegetables","FSSAI (Contaminants, Toxins and Residues) Regulations, 2011 - Version VI (27.01.2022)",FSSAI,Compendium_Contaminants_Regulations_28_01_2022-FSSAI.pdf,37.0,https://www.fssai.gov.in/upload/uploadfiles/files/Compendium_Packaging_Labelling_Regulations_28_01_2022.pdf
Apple,,Thiophanate-Methyl,Pesticide residue,5,mg/kg (MRL),Apple,"FSSAI (Contaminants, Toxins and Residues) Regulations, 2011 - Version VI (27.01.2022)",FSSAI,Compendium_Contaminants_Regulations_28_01_2022-FSSAI.pdf,37.0,https://www.fssai.gov.in/upload/uploadfiles/files/Compendium_Packaging_Labelling_Regulations_28_01_2022.pdf
Papaya,,Thiophanate-Methyl,Pesticide residue,7,mg/kg (MRL),Papaya,"FSSAI (Contaminants, Toxins and Residues) Regulations, 2011 - Version VI (27.01.2022)",FSSAI,Compendium_Contaminants_Regulations_28_01_2022-FSSAI.pdf,37.0,https://www.fssai.gov.in/upload/uploadfiles/files/Compendium_Packaging_Labelling_Regulations_28_01_2022.pdf
Milk and Milk products,,Thiophanate-Methyl,Pesticide residue,0.05,mg/kg (MRL),Milk and Milk products,"FSSAI (Contaminants, Toxins and Residues) Regulations, 2011 - Version VI (27.01.2022)",FSSAI,Compendium_Contaminants_Regulations_28_01_2022-FSSAI.pdf,37.0,https://www.fssai.gov.in/upload/uploadfiles/files/Compendium_Packaging_Labelling_Regulations_28_01_2022.pdf
Wheat,,Thiophanate-Methyl,Pesticide residue,0.03*,mg/kg (MRL),Wheat,"FSSAI (Contaminants, Toxins and Residues) Regulations, 2011 - Version VI (27.01.2022)",FSSAI,Compendium_Contaminants_Regulations_28_01_2022-FSSAI.pdf,37.0,https://www.fssai.gov.in/upload/uploadfiles/files/Compendium_Packaging_Labelling_Regulations_28_01_2022.pdf
Bottle gourd,,Thiophanate-Methyl,Pesticide residue,0.4,mg/kg (MRL),Bottle gourd,"FSSAI (Contaminants, Toxins and Residues) Regulations, 2011 - Version VI (27.01.2022)",FSSAI,Compendium_Contaminants_Regulations_28_01_2022-FSSAI.pdf,37.0,https://www.fssai.gov.in/upload/uploadfiles/files/Compendium_Packaging_Labelling_Regulations_28_01_2022.pdf
Pigeon pea,,Thiophanate-Methyl,Pesticide residue,0.03*,mg/kg (MRL),Pigeon pea,"FSSAI (Contaminants, Toxins and Residues) Regulations, 2011 - Version VI (27.01.2022)",FSSAI,Compendium_Contaminants_Regulations_28_01_2022-FSSAI.pdf,37.0,https://www.fssai.gov.in/upload/uploadfiles/files/Compendium_Packaging_Labelling_Regulations_28_01_2022.pdf
Cucumber,,Thiophanate-Methyl,Pesticide residue,0.2,mg/kg (MRL),Cucumber,"FSSAI (Contaminants, Toxins and Residues) Regulations, 2011 - Version VI (27.01.2022)",FSSAI,Compendium_Contaminants_Regulations_28_01_2022-FSSAI.pdf,37.0,https://www.fssai.gov.in/upload/uploadfiles/files/Compendium_Packaging_Labelling_Regulations_28_01_2022.pdf
Grapes,,Thiophanate-Methyl,Pesticide residue,3,mg/kg (MRL),Grapes,"FSSAI (Contaminants, Toxins and Residues) Regulations, 2011 - Version VI (27.01.2022)",FSSAI,Compendium_Contaminants_Regulations_28_01_2022-FSSAI.pdf,37.0,https://www.fssai.gov.in/upload/uploadfiles/files/Compendium_Packaging_Labelling_Regulations_28_01_2022.pdf
Cabbage,,Tolfenpyrad,Pesticide residue,0.01*,mg/kg (MRL),Cabbage,"FSSAI (Contaminants, Toxins and Residues) Regulations, 2011 - Version VI (27.01.2022)",FSSAI,Compendium_Contaminants_Regulations_28_01_2022-FSSAI.pdf,37.0,https://www.fssai.gov.in/upload/uploadfiles/files/Compendium_Packaging_Labelling_Regulations_28_01_2022.pdf
Okra,,Tolfenpyrad,Pesticide residue,0.7,mg/kg (MRL),Okra,"FSSAI (Contaminants, Toxins and Residues) Regulations, 2011 - Version VI (27.01.2022)",FSSAI,Compendium_Contaminants_Regulations_28_01_2022-FSSAI.pdf,37.0,https://www.fssai.gov.in/upload/uploadfiles/files/Compendium_Packaging_Labelling_Regulations_28_01_2022.pdf
Food grains,,Trichlorfon,Pesticide residue,0.05,mg/kg (MRL),Food grains,"FSSAI (Contaminants, Toxins and Residues) Regulations, 2011 - Version VI (27.01.2022)",FSSAI,Compendium_Contaminants_Regulations_28_01_2022-FSSAI.pdf,37.0,https://www.fssai.gov.in/upload/uploadfiles/files/Compendium_Packaging_Labelling_Regulations_28_01_2022.pdf
Milled food grains,,Trichlorfon,Pesticide residue,0.01,mg/kg (MRL),Milled food grains,"FSSAI (Contaminants, Toxins and Residues) Regulations, 2011 - Version VI (27.01.2022)",FSSAI,Compendium_Contaminants_Regulations_28_01_2022-FSSAI.pdf,37.0,https://www.fssai.gov.in/upload/uploadfiles/files/Compendium_Packaging_Labelling_Regulations_28_01_2022.pdf
Sugar beet,,Trichlorfon,Pesticide residue,0.05,mg/kg (MRL),Sugar beet,"FSSAI (Contaminants, Toxins and Residues) Regulations, 2011 - Version VI (27.01.2022)",FSSAI,Compendium_Contaminants_Regulations_28_01_2022-FSSAI.pdf,37.0,https://www.fssai.gov.in/upload/uploadfiles/files/Compendium_Packaging_Labelling_Regulations_28_01_2022.pdf
Fruits and Vegetables,,Trichlorfon,Pesticide residue,0.1,mg/kg (MRL),Fruits and Vegetables,"FSSAI (Contaminants, Toxins and Residues) Regulations, 2011 - Version VI (27.01.2022)",FSSAI,Compendium_Contaminants_Regulations_28_01_2022-FSSAI.pdf,37.0,https://www.fssai.gov.in/upload/uploadfiles/files/Compendium_Packaging_Labelling_Regulations_28_01_2022.pdf
Oil seeds,,Trichlorfon,Pesticide residue,0.1,mg/kg (MRL),Oil seeds,"FSSAI (Contaminants, Toxins and Residues) Regulations, 2011 - Version VI (27.01.2022)",FSSAI,Compendium_Contaminants_Regulations_28_01_2022-FSSAI.pdf,37.0,https://www.fssai.gov.in/upload/uploadfiles/files/Compendium_Packaging_Labelling_Regulations_28_01_2022.pdf
Edible oil (Refined),,Trichlorfon,Pesticide residue,0.05,mg/kg (MRL),Edible oil (Refined),"FSSAI (Contaminants, Toxins and Residues) Regulations, 2011 - Version VI (27.01.2022)",FSSAI,Compendium_Contaminants_Regulations_28_01_2022-FSSAI.pdf,37.0,https://www.fssai.gov.in/upload/uploadfiles/files/Compendium_Packaging_Labelling_Regulations_28_01_2022.pdf
Meat and Poultry,,Trichlorfon,Pesticide residue,0.1,mg/kg (MRL),Meat and Poultry,"FSSAI (Contaminants, Toxins and Residues) Regulations, 2011 - Version VI (27.01.2022)",FSSAI,Compendium_Contaminants_Regulations_28_01_2022-FSSAI.pdf,37.0,https://www.fssai.gov.in/upload/uploadfiles/files/Compendium_Packaging_Labelling_Regulations_28_01_2022.pdf
Milk and Milk products,,Trichlorfon,Pesticide residue,0.05,mg/kg (MRL),Milk and Milk products,"FSSAI (Contaminants, Toxins and Residues) Regulations, 2011 - Version VI (27.01.2022)",FSSAI,Compendium_Contaminants_Regulations_28_01_2022-FSSAI.pdf,37.0,https://www.fssai.gov.in/upload/uploadfiles/files/Compendium_Packaging_Labelling_Regulations_28_01_2022.pdf
Milk and Milk products,,Triacontanol,Pesticide residue,0.01,mg/kg (MRL),Milk and Milk products,"FSSAI (Contaminants, Toxins and Residues) Regulations, 2011 - Version VI (27.01.2022)",FSSAI,Compendium_Contaminants_Regulations_28_01_2022-FSSAI.pdf,37.0,https://www.fssai.gov.in/upload/uploadfiles/files/Compendium_Packaging_Labelling_Regulations_28_01_2022.pdf
Wheat,,Triadimefon,Pesticide residue,0.5,mg/kg (MRL),Wheat,"FSSAI (Contaminants, Toxins and Residues) Regulations, 2011 - Version VI (27.01.2022)",FSSAI,Compendium_Contaminants_Regulations_28_01_2022-FSSAI.pdf,37.0,https://www.fssai.gov.in/upload/uploadfiles/files/Compendium_Packaging_Labelling_Regulations_28_01_2022.pdf
Pea,,Triadimefon,Pesticide residue,0.1,mg/kg (MRL),Pea,"FSSAI (Contaminants, Toxins and Residues) Regulations, 2011 - Version VI (27.01.2022)",FSSAI,Compendium_Contaminants_Regulations_28_01_2022-FSSAI.pdf,37.0,https://www.fssai.gov.in/upload/uploadfiles/files/Compendium_Packaging_Labelling_Regulations_28_01_2022.pdf
Grapes,,Triadimefon,Pesticide residue,2,mg/kg (MRL),Grapes,"FSSAI (Contaminants, Toxins and Residues) Regulations, 2011 - Version VI (27.01.2022)",FSSAI,Compendium_Contaminants_Regulations_28_01_2022-FSSAI.pdf,37.0,https://www.fssai.gov.in/upload/uploadfiles/files/Compendium_Packaging_Labelling_Regulations_28_01_2022.pdf
Milk and Milk products,,Triadimefon,Pesticide residue,0.01*,mg/kg (MRL),Milk and Milk products,"FSSAI (Contaminants, Toxins and Residues) Regulations, 2011 - Version VI (27.01.2022)",FSSAI,Compendium_Contaminants_Regulations_28_01_2022-FSSAI.pdf,37.0,https://www.fssai.gov.in/upload/uploadfiles/files/Compendium_Packaging_Labelling_Regulations_28_01_2022.pdf
Meat and Meat products,,Triadimefon,Pesticide residue,0.02*,mg/kg (MRL),Meat and Meat products,"FSSAI (Contaminants, Toxins and Residues) Regulations, 2011 - Version VI (27.01.2022)",FSSAI,Compendium_Contaminants_Regulations_28_01_2022-FSSAI.pdf,37.0,https://www.fssai.gov.in/upload/uploadfiles/files/Compendium_Packaging_Labelling_Regulations_28_01_2022.pdf
Chilli,,Triadimefon,Pesticide residue,0.4,mg/kg (MRL),Chilli,"FSSAI (Contaminants, Toxins and Residues) Regulations, 2011 - Version VI (27.01.2022)",FSSAI,Compendium_Contaminants_Regulations_28_01_2022-FSSAI.pdf,37.0,https://www.fssai.gov.in/upload/uploadfiles/files/Compendium_Packaging_Labelling_Regulations_28_01_2022.pdf
Dried Chilli,,Triadimefon,Pesticide residue,4,mg/kg (MRL),Dried Chilli,"FSSAI (Contaminants, Toxins and Residues) Regulations, 2011 - Version VI (27.01.2022)",FSSAI,Compendium_Contaminants_Regulations_28_01_2022-FSSAI.pdf,37.0,https://www.fssai.gov.in/upload/uploadfiles/files/Compendium_Packaging_Labelling_Regulations_28_01_2022.pdf
Coffee,,Triadimefon,Pesticide residue,0.5,mg/kg (MRL),Coffee,"FSSAI (Contaminants, Toxins and Residues) Regulations, 2011 - Version VI (27.01.2022)",FSSAI,Compendium_Contaminants_Regulations_28_01_2022-FSSAI.pdf,37.0,https://www.fssai.gov.in/upload/uploadfiles/files/Compendium_Packaging_Labelling_Regulations_28_01_2022.pdf
Mango,,Triadimefon,Pesticide residue,0.03*,mg/kg (MRL),Mango,"FSSAI (Contaminants, Toxins and Residues) Regulations, 2011 - Version VI (27.01.2022)",FSSAI,Compendium_Contaminants_Regulations_28_01_2022-FSSAI.pdf,37.0,https://www.fssai.gov.in/upload/uploadfiles/files/Compendium_Packaging_Labelling_Regulations_28_01_2022.pdf
Soya bean,,Triadimefon,Pesticide residue,0.02*,mg/kg (MRL),Soya bean,"FSSAI (Contaminants, Toxins and Residues) Regulations, 2011 - Version VI (27.01.2022)",FSSAI,Compendium_Contaminants_Regulations_28_01_2022-FSSAI.pdf,37.0,https://www.fssai.gov.in/upload/uploadfiles/files/Compendium_Packaging_Labelling_Regulations_28_01_2022.pdf
Tomato,,Trifloxystrobin,Pesticide residue,1,mg/kg (MRL),Tomato,"FSSAI (Contaminants, Toxins and Residues) Regulations, 2011 - Version VI (27.01.2022)",FSSAI,Compendium_Contaminants_Regulations_28_01_2022-FSSAI.pdf,37.0,https://www.fssai.gov.in/upload/uploadfiles/files/Compendium_Packaging_Labelling_Regulations_28_01_2022.pdf
Wheat,,Trifloxystrobin,Pesticide residue,0.2,mg/kg (MRL),Wheat,"FSSAI (Contaminants, Toxins and Residues) Regulations, 2011 - Version VI (27.01.2022)",FSSAI,Compendium_Contaminants_Regulations_28_01_2022-FSSAI.pdf,38.0,https://www.fssai.gov.in/upload/uploadfiles/files/Compendium_Packaging_Labelling_Regulations_28_01_2022.pdf
Mango,,Trifloxystrobin,Pesticide residue,0.4,mg/kg (MRL),Mango,"FSSAI (Contaminants, Toxins and Residues) Regulations, 2011 - Version VI (27.01.2022)",FSSAI,Compendium_Contaminants_Regulations_28_01_2022-FSSAI.pdf,38.0,https://www.fssai.gov.in/upload/uploadfiles/files/Compendium_Packaging_Labelling_Regulations_28_01_2022.pdf
Grapes,,Trifloxystrobin,Pesticide residue,3,mg/kg (MRL),Grapes,"FSSAI (Contaminants, Toxins and Residues) Regulations, 2011 - Version VI (27.01.2022)",FSSAI,Compendium_Contaminants_Regulations_28_01_2022-FSSAI.pdf,38.0,https://www.fssai.gov.in/upload/uploadfiles/files/Compendium_Packaging_Labelling_Regulations_28_01_2022.pdf
Chilly 0.,,Trifloxystrobin,Pesticide residue,4,mg/kg (MRL),Chilly 0.,"FSSAI (Contaminants, Toxins and Residues) Regulations, 2011 - Version VI (27.01.2022)",FSSAI,Compendium_Contaminants_Regulations_28_01_2022-FSSAI.pdf,38.0,https://www.fssai.gov.in/upload/uploadfiles/files/Compendium_Packaging_Labelling_Regulations_28_01_2022.pdf
Dry Chilly,,Trifloxystrobin,Pesticide residue,4,mg/kg (MRL),Dry Chilly,"FSSAI (Contaminants, Toxins and Residues) Regulations, 2011 - Version VI (27.01.2022)",FSSAI,Compendium_Contaminants_Regulations_28_01_2022-FSSAI.pdf,38.0,https://www.fssai.gov.in/upload/uploadfiles/files/Compendium_Packaging_Labelling_Regulations_28_01_2022.pdf
Cotton seed Oil,,Trifloxystrobin,Pesticide residue,0.02,mg/kg (MRL),Cotton seed Oil,"FSSAI (Contaminants, Toxins and Residues) Regulations, 2011 - Version VI (27.01.2022)",FSSAI,Compendium_Contaminants_Regulations_28_01_2022-FSSAI.pdf,38.0,https://www.fssai.gov.in/upload/uploadfiles/files/Compendium_Packaging_Labelling_Regulations_28_01_2022.pdf
Apple,,Trifloxystrobin,Pesticide residue,0.7,mg/kg (MRL),Apple,"FSSAI (Contaminants, Toxins and Residues) Regulations, 2011 - Version VI (27.01.2022)",FSSAI,Compendium_Contaminants_Regulations_28_01_2022-FSSAI.pdf,38.0,https://www.fssai.gov.in/upload/uploadfiles/files/Compendium_Packaging_Labelling_Regulations_28_01_2022.pdf
Banana,,Trifloxystrobin,Pesticide residue,0.1,mg/kg (MRL),Banana,"FSSAI (Contaminants, Toxins and Residues) Regulations, 2011 - Version VI (27.01.2022)",FSSAI,Compendium_Contaminants_Regulations_28_01_2022-FSSAI.pdf,38.0,https://www.fssai.gov.in/upload/uploadfiles/files/Compendium_Packaging_Labelling_Regulations_28_01_2022.pdf
Maize,,Trifloxystrobin,Pesticide residue,0.1,mg/kg (MRL),Maize,"FSSAI (Contaminants, Toxins and Residues) Regulations, 2011 - Version VI (27.01.2022)",FSSAI,Compendium_Contaminants_Regulations_28_01_2022-FSSAI.pdf,38.0,https://www.fssai.gov.in/upload/uploadfiles/files/Compendium_Packaging_Labelling_Regulations_28_01_2022.pdf
Cabbage,,Trifloxystrobin,Pesticide residue,0.5,mg/kg (MRL),Cabbage,"FSSAI (Contaminants, Toxins and Residues) Regulations, 2011 - Version VI (27.01.2022)",FSSAI,Compendium_Contaminants_Regulations_28_01_2022-FSSAI.pdf,38.0,https://www.fssai.gov.in/upload/uploadfiles/files/Compendium_Packaging_Labelling_Regulations_28_01_2022.pdf
Wheat,,Triallate,Pesticide residue,0.05,mg/kg (MRL),Wheat,"FSSAI (Contaminants, Toxins and Residues) Regulations, 2011 - Version VI (27.01.2022)",FSSAI,Compendium_Contaminants_Regulations_28_01_2022-FSSAI.pdf,38.0,https://www.fssai.gov.in/upload/uploadfiles/files/Compendium_Packaging_Labelling_Regulations_28_01_2022.pdf
Wheat,,Triasulfuron,Pesticide residue,0.01*,mg/kg (MRL),Wheat,"FSSAI (Contaminants, Toxins and Residues) Regulations, 2011 - Version VI (27.01.2022)",FSSAI,Compendium_Contaminants_Regulations_28_01_2022-FSSAI.pdf,38.0,https://www.fssai.gov.in/upload/uploadfiles/files/Compendium_Packaging_Labelling_Regulations_28_01_2022.pdf
Chilli,,Triazophos,Pesticide residue,0.2,mg/kg (MRL),Chilli,"FSSAI (Contaminants, Toxins and Residues) Regulations, 2011 - Version VI (27.01.2022)",FSSAI,Compendium_Contaminants_Regulations_28_01_2022-FSSAI.pdf,38.0,https://www.fssai.gov.in/upload/uploadfiles/files/Compendium_Packaging_Labelling_Regulations_28_01_2022.pdf
Dried Chilli,,Triazophos,Pesticide residue,2,mg/kg (MRL),Dried Chilli,"FSSAI (Contaminants, Toxins and Residues) Regulations, 2011 - Version VI (27.01.2022)",FSSAI,Compendium_Contaminants_Regulations_28_01_2022-FSSAI.pdf,38.0,https://www.fssai.gov.in/upload/uploadfiles/files/Compendium_Packaging_Labelling_Regulations_28_01_2022.pdf
Rice,,Triazophos,Pesticide residue,0.6,mg/kg (MRL),Rice,"FSSAI (Contaminants, Toxins and Residues) Regulations, 2011 - Version VI (27.01.2022)",FSSAI,Compendium_Contaminants_Regulations_28_01_2022-FSSAI.pdf,38.0,https://www.fssai.gov.in/upload/uploadfiles/files/Compendium_Packaging_Labelling_Regulations_28_01_2022.pdf
Cotton seed oil,,Triazophos,Pesticide residue,1,mg/kg (MRL),Cotton seed oil,"FSSAI (Contaminants, Toxins and Residues) Regulations, 2011 - Version VI (27.01.2022)",FSSAI,Compendium_Contaminants_Regulations_28_01_2022-FSSAI.pdf,38.0,https://www.fssai.gov.in/upload/uploadfiles/files/Compendium_Packaging_Labelling_Regulations_28_01_2022.pdf
Soya bean oil,,Triazophos,Pesticide residue,0.05,mg/kg (MRL),Soya bean oil,"FSSAI (Contaminants, Toxins and Residues) Regulations, 2011 - Version VI (27.01.2022)",FSSAI,Compendium_Contaminants_Regulations_28_01_2022-FSSAI.pdf,38.0,https://www.fssai.gov.in/upload/uploadfiles/files/Compendium_Packaging_Labelling_Regulations_28_01_2022.pdf
Rice,,Tricyclazole,Pesticide residue,3,mg/kg (MRL),Rice,"FSSAI (Contaminants, Toxins and Residues) Regulations, 2011 - Version VI (27.01.2022)",FSSAI,Compendium_Contaminants_Regulations_28_01_2022-FSSAI.pdf,38.0,https://www.fssai.gov.in/upload/uploadfiles/files/Compendium_Packaging_Labelling_Regulations_28_01_2022.pdf
Chilli,,Tricyclazole,Pesticide residue,0.3,mg/kg (MRL),Chilli,"FSSAI (Contaminants, Toxins and Residues) Regulations, 2011 - Version VI (27.01.2022)",FSSAI,Compendium_Contaminants_Regulations_28_01_2022-FSSAI.pdf,38.0,https://www.fssai.gov.in/upload/uploadfiles/files/Compendium_Packaging_Labelling_Regulations_28_01_2022.pdf
Dried Chilli,,Tricyclazole,Pesticide residue,3,mg/kg (MRL),Dried Chilli,"FSSAI (Contaminants, Toxins and Residues) Regulations, 2011 - Version VI (27.01.2022)",FSSAI,Compendium_Contaminants_Regulations_28_01_2022-FSSAI.pdf,38.0,https://www.fssai.gov.in/upload/uploadfiles/files/Compendium_Packaging_Labelling_Regulations_28_01_2022.pdf
Wheat,,Tridemorph,Pesticide residue,0.1,mg/kg (MRL),Wheat,"FSSAI (Contaminants, Toxins and Residues) Regulations, 2011 - Version VI (27.01.2022)",FSSAI,Compendium_Contaminants_Regulations_28_01_2022-FSSAI.pdf,38.0,https://www.fssai.gov.in/upload/uploadfiles/files/Compendium_Packaging_Labelling_Regulations_28_01_2022.pdf
Grapes,,Tridemorph,Pesticide residue,0.5,mg/kg (MRL),Grapes,"FSSAI (Contaminants, Toxins and Residues) Regulations, 2011 - Version VI (27.01.2022)",FSSAI,Compendium_Contaminants_Regulations_28_01_2022-FSSAI.pdf,38.0,https://www.fssai.gov.in/upload/uploadfiles/files/Compendium_Packaging_Labelling_Regulations_28_01_2022.pdf
Mango,,Tridemorph,Pesticide residue,0.05,mg/kg (MRL),Mango,"FSSAI (Contaminants, Toxins and Residues) Regulations, 2011 - Version VI (27.01.2022)",FSSAI,Compendium_Contaminants_Regulations_28_01_2022-FSSAI.pdf,38.0,https://www.fssai.gov.in/upload/uploadfiles/files/Compendium_Packaging_Labelling_Regulations_28_01_2022.pdf
Wheat,,Trifluralin,Pesticide residue,0.05,mg/kg (MRL),Wheat,"FSSAI (Contaminants, Toxins and Residues) Regulations, 2011 - Version VI (27.01.2022)",FSSAI,Compendium_Contaminants_Regulations_28_01_2022-FSSAI.pdf,38.0,https://www.fssai.gov.in/upload/uploadfiles/files/Compendium_Packaging_Labelling_Regulations_28_01_2022.pdf
Rice,,Validamycin,Pesticide residue,0.01,mg/kg (MRL),Rice,"FSSAI (Contaminants, Toxins and Residues) Regulations, 2011 - Version VI (27.01.2022)",FSSAI,Compendium_Contaminants_Regulations_28_01_2022-FSSAI.pdf,38.0,https://www.fssai.gov.in/upload/uploadfiles/files/Compendium_Packaging_Labelling_Regulations_28_01_2022.pdf
Grapes,,Fluopicolide,Pesticide residue,2.0,mg/kg (MRL),Grapes,"FSSAI (Contaminants, Toxins and Residues) Regulations, 2011 - Version VI (27.01.2022)",FSSAI,Compendium_Contaminants_Regulations_28_01_2022-FSSAI.pdf,38.0,https://www.fssai.gov.in/upload/uploadfiles/files/Compendium_Packaging_Labelling_Regulations_28_01_2022.pdf
Maize,,Tembotrione,Pesticide residue,0.02*,mg/kg (MRL),Maize,"FSSAI (Contaminants, Toxins and Residues) Regulations, 2011 - Version VI (27.01.2022)",FSSAI,Compendium_Contaminants_Regulations_28_01_2022-FSSAI.pdf,38.0,https://www.fssai.gov.in/upload/uploadfiles/files/Compendium_Packaging_Labelling_Regulations_28_01_2022.pdf
Rice,,Propanil,Pesticide residue,0.05*,mg/kg (MRL),Rice,"FSSAI (Contaminants, Toxins and Residues) Regulations, 2011 - Version VI (27.01.2022)",FSSAI,Compendium_Contaminants_Regulations_28_01_2022-FSSAI.pdf,38.0,https://www.fssai.gov.in/upload/uploadfiles/files/Compendium_Packaging_Labelling_Regulations_28_01_2022.pdf
Grapes,,Fluopyram and its metabolites,Pesticide residue,2,mg/kg (MRL),Grapes,"FSSAI (Contaminants, Toxins and Residues) Regulations, 2011 - Version VI (27.01.2022)",FSSAI,Compendium_Contaminants_Regulations_28_01_2022-FSSAI.pdf,38.0,https://www.fssai.gov.in/upload/uploadfiles/files/Compendium_Packaging_Labelling_Regulations_28_01_2022.pdf
Corn,,Topramezone,Pesticide residue,0.05*,mg/kg (MRL),Corn,"FSSAI (Contaminants, Toxins and Residues) Regulations, 2011 - Version VI (27.01.2022)",FSSAI,Compendium_Contaminants_Regulations_28_01_2022-FSSAI.pdf,38.0,https://www.fssai.gov.in/upload/uploadfiles/files/Compendium_Packaging_Labelling_Regulations_28_01_2022.pdf
Hydrogen Oxalate Rice,,Thiocyclam,Pesticide residue,0.01*,mg/kg (MRL),Hydrogen Oxalate Rice,"FSSAI (Contaminants, Toxins and Residues) Regulations, 2011 - Version VI (27.01.2022)",FSSAI,Compendium_Contaminants_Regulations_28_01_2022-FSSAI.pdf,38.0,https://www.fssai.gov.in/upload/uploadfiles/files/Compendium_Packaging_Labelling_Regulations_28_01_2022.pdf
Amine Salt Tea,,"2,4-D",Pesticide residue,0.05*,mg/kg (MRL),Amine Salt Tea,"FSSAI (Contaminants, Toxins and Residues) Regulations, 2011 - Version VI (27.01.2022)",FSSAI,Compendium_Contaminants_Regulations_28_01_2022-FSSAI.pdf,38.0,https://www.fssai.gov.in/upload/uploadfiles/files/Compendium_Packaging_Labelling_Regulations_28_01_2022.pdf
Sugarcane,,Ametyrn,Pesticide residue,0.05*,mg/kg (MRL),Sugarcane,"FSSAI (Contaminants, Toxins and Residues) Regulations, 2011 - Version VI (27.01.2022)",FSSAI,Compendium_Contaminants_Regulations_28_01_2022-FSSAI.pdf,38.0,https://www.fssai.gov.in/upload/uploadfiles/files/Compendium_Packaging_Labelling_Regulations_28_01_2022.pdf
Soya bean,,Fomesafen,Pesticide residue,0.02*,mg/kg (MRL),Soya bean,"FSSAI (Contaminants, Toxins and Residues) Regulations, 2011 - Version VI (27.01.2022)",FSSAI,Compendium_Contaminants_Regulations_28_01_2022-FSSAI.pdf,38.0,https://www.fssai.gov.in/upload/uploadfiles/files/Compendium_Packaging_Labelling_Regulations_28_01_2022.pdf
Soya bean oil,,Fomesafen,Pesticide residue,0.02*,mg/kg (MRL),Soya bean oil,"FSSAI (Contaminants, Toxins and Residues) Regulations, 2011 - Version VI (27.01.2022)",FSSAI,Compendium_Contaminants_Regulations_28_01_2022-FSSAI.pdf,38.0,https://www.fssai.gov.in/upload/uploadfiles/files/Compendium_Packaging_Labelling_Regulations_28_01_2022.pdf
Ground nut,,Fomesafen,Pesticide residue,0.02*,mg/kg (MRL),Ground nut,"FSSAI (Contaminants, Toxins and Residues) Regulations, 2011 - Version VI (27.01.2022)",FSSAI,Compendium_Contaminants_Regulations_28_01_2022-FSSAI.pdf,38.0,https://www.fssai.gov.in/upload/uploadfiles/files/Compendium_Packaging_Labelling_Regulations_28_01_2022.pdf
Ground nut oil,,Fomesafen,Pesticide residue,0.02*,mg/kg (MRL),Ground nut oil,"FSSAI (Contaminants, Toxins and Residues) Regulations, 2011 - Version VI (27.01.2022)",FSSAI,Compendium_Contaminants_Regulations_28_01_2022-FSSAI.pdf,38.0,https://www.fssai.gov.in/upload/uploadfiles/files/Compendium_Packaging_Labelling_Regulations_28_01_2022.pdf
Ground nut,,Imazamox,Pesticide residue,0.01*,mg/kg (MRL),Ground nut,"FSSAI (Contaminants, Toxins and Residues) Regulations, 2011 - Version VI (27.01.2022)",FSSAI,Compendium_Contaminants_Regulations_28_01_2022-FSSAI.pdf,38.0,https://www.fssai.gov.in/upload/uploadfiles/files/Compendium_Packaging_Labelling_Regulations_28_01_2022.pdf
Ground nut oil,,Imazamox,Pesticide residue,0.01*,mg/kg (MRL),Ground nut oil,"FSSAI (Contaminants, Toxins and Residues) Regulations, 2011 - Version VI (27.01.2022)",FSSAI,Compendium_Contaminants_Regulations_28_01_2022-FSSAI.pdf,38.0,https://www.fssai.gov.in/upload/uploadfiles/files/Compendium_Packaging_Labelling_Regulations_28_01_2022.pdf
(Spinosyn-J and Spinosyn-L) Chilli,,Spinetoram and its metabolites,Pesticide residue,0.05,mg/kg (MRL),(Spinosyn-J and Spinosyn-L) Chilli,"FSSAI (Contaminants, Toxins and Residues) Regulations, 2011 - Version VI (27.01.2022)",FSSAI,Compendium_Contaminants_Regulations_28_01_2022-FSSAI.pdf,38.0,https://www.fssai.gov.in/upload/uploadfiles/files/Compendium_Packaging_Labelling_Regulations_28_01_2022.pdf
Dry Chilli 0.,,Spinetoram and its metabolites,Pesticide residue,5,mg/kg (MRL),Dry Chilli 0.,"FSSAI (Contaminants, Toxins and Residues) Regulations, 2011 - Version VI (27.01.2022)",FSSAI,Compendium_Contaminants_Regulations_28_01_2022-FSSAI.pdf,38.0,https://www.fssai.gov.in/upload/uploadfiles/files/Compendium_Packaging_Labelling_Regulations_28_01_2022.pdf
Cottonseed Oil,,Spinetoram and its metabolites,Pesticide residue,0.02,mg/kg (MRL),Cottonseed Oil,"FSSAI (Contaminants, Toxins and Residues) Regulations, 2011 - Version VI (27.01.2022)",FSSAI,Compendium_Contaminants_Regulations_28_01_2022-FSSAI.pdf,38.0,https://www.fssai.gov.in/upload/uploadfiles/files/Compendium_Packaging_Labelling_Regulations_28_01_2022.pdf
Soya bean,,Spinetoram and its metabolites,Pesticide residue,0.02,mg/kg (MRL),Soya bean,"FSSAI (Contaminants, Toxins and Residues) Regulations, 2011 - Version VI (27.01.2022)",FSSAI,Compendium_Contaminants_Regulations_28_01_2022-FSSAI.pdf,38.0,https://www.fssai.gov.in/upload/uploadfiles/files/Compendium_Packaging_Labelling_Regulations_28_01_2022.pdf
Soya bean Oil,,Spinetoram and its metabolites,Pesticide residue,0.02,mg/kg (MRL),Soya bean Oil,"FSSAI (Contaminants, Toxins and Residues) Regulations, 2011 - Version VI (27.01.2022)",FSSAI,Compendium_Contaminants_Regulations_28_01_2022-FSSAI.pdf,38.0,https://www.fssai.gov.in/upload/uploadfiles/files/Compendium_Packaging_Labelling_Regulations_28_01_2022.pdf
Para Nitro Phenolate Tomato,,Sodium,Pesticide residue,0.3,mg/kg (MRL),Para Nitro Phenolate Tomato,"FSSAI (Contaminants, Toxins and Residues) Regulations, 2011 - Version VI (27.01.2022)",FSSAI,Compendium_Contaminants_Regulations_28_01_2022-FSSAI.pdf,38.0,https://www.fssai.gov.in/upload/uploadfiles/files/Compendium_Packaging_Labelling_Regulations_28_01_2022.pdf
Cottonseed,,Sodium,Pesticide residue,0.5*,mg/kg (MRL),Cottonseed,"FSSAI (Contaminants, Toxins and Residues) Regulations, 2011 - Version VI (27.01.2022)",FSSAI,Compendium_Contaminants_Regulations_28_01_2022-FSSAI.pdf,38.0,https://www.fssai.gov.in/upload/uploadfiles/files/Compendium_Packaging_Labelling_Regulations_28_01_2022.pdf
Cottonseed oil,,Sodium,Pesticide residue,0.5*,mg/kg (MRL),Cottonseed oil,"FSSAI (Contaminants, Toxins and Residues) Regulations, 2011 - Version VI (27.01.2022)",FSSAI,Compendium_Contaminants_Regulations_28_01_2022-FSSAI.pdf,38.0,https://www.fssai.gov.in/upload/uploadfiles/files/Compendium_Packaging_Labelling_Regulations_28_01_2022.pdf
Soya bean,,Bentazone,Pesticide residue,0.05*,mg/kg (MRL),Soya bean,"FSSAI (Contaminants, Toxins and Residues) Regulations, 2011 - Version VI (27.01.2022)",FSSAI,Compendium_Contaminants_Regulations_28_01_2022-FSSAI.pdf,38.0,https://www.fssai.gov.in/upload/uploadfiles/files/Compendium_Packaging_Labelling_Regulations_28_01_2022.pdf
Soya bean oil,,Bentazone,Pesticide residue,0.05*,mg/kg (MRL),Soya bean oil,"FSSAI (Contaminants, Toxins and Residues) Regulations, 2011 - Version VI (27.01.2022)",FSSAI,Compendium_Contaminants_Regulations_28_01_2022-FSSAI.pdf,39.0,https://www.fssai.gov.in/upload/uploadfiles/files/Compendium_Packaging_Labelling_Regulations_28_01_2022.pdf
Rice,,Bentazone,Pesticide residue,0.05*,mg/kg (MRL),Rice,"FSSAI (Contaminants, Toxins and Residues) Regulations, 2011 - Version VI (27.01.2022)",FSSAI,Compendium_Contaminants_Regulations_28_01_2022-FSSAI.pdf,39.0,https://www.fssai.gov.in/upload/uploadfiles/files/Compendium_Packaging_Labelling_Regulations_28_01_2022.pdf
Tea,,Cyflumetofen,Pesticide residue,0.05*,mg/kg (MRL),Tea,"FSSAI (Contaminants, Toxins and Residues) Regulations, 2011 - Version VI (27.01.2022)",FSSAI,Compendium_Contaminants_Regulations_28_01_2022-FSSAI.pdf,39.0,https://www.fssai.gov.in/upload/uploadfiles/files/Compendium_Packaging_Labelling_Regulations_28_01_2022.pdf
Grapes,,Boscalid,Pesticide residue,5,mg/kg (MRL),Grapes,"FSSAI (Contaminants, Toxins and Residues) Regulations, 2011 - Version VI (27.01.2022)",FSSAI,Compendium_Contaminants_Regulations_28_01_2022-FSSAI.pdf,39.0,https://www.fssai.gov.in/upload/uploadfiles/files/Compendium_Packaging_Labelling_Regulations_28_01_2022.pdf
Rice,,Flucetosulfuron,Pesticide residue,0.02*,mg/kg (MRL),Rice,"FSSAI (Contaminants, Toxins and Residues) Regulations, 2011 - Version VI (27.01.2022)",FSSAI,Compendium_Contaminants_Regulations_28_01_2022-FSSAI.pdf,39.0,https://www.fssai.gov.in/upload/uploadfiles/files/Compendium_Packaging_Labelling_Regulations_28_01_2022.pdf
Methyl Soya bean,,Haloxyfop-R,Pesticide residue,2,mg/kg (MRL),Methyl Soya bean,"FSSAI (Contaminants, Toxins and Residues) Regulations, 2011 - Version VI (27.01.2022)",FSSAI,Compendium_Contaminants_Regulations_28_01_2022-FSSAI.pdf,39.0,https://www.fssai.gov.in/upload/uploadfiles/files/Compendium_Packaging_Labelling_Regulations_28_01_2022.pdf
Soya bean Oil,,Haloxyfop-R,Pesticide residue,0.02*,mg/kg (MRL),Soya bean Oil,"FSSAI (Contaminants, Toxins and Residues) Regulations, 2011 - Version VI (27.01.2022)",FSSAI,Compendium_Contaminants_Regulations_28_01_2022-FSSAI.pdf,39.0,https://www.fssai.gov.in/upload/uploadfiles/files/Compendium_Packaging_Labelling_Regulations_28_01_2022.pdf
Soya bean deoiled Cake,,Haloxyfop-R,Pesticide residue,0.02*,mg/kg (MRL),Soya bean deoiled Cake,"FSSAI (Contaminants, Toxins and Residues) Regulations, 2011 - Version VI (27.01.2022)",FSSAI,Compendium_Contaminants_Regulations_28_01_2022-FSSAI.pdf,39.0,https://www.fssai.gov.in/upload/uploadfiles/files/Compendium_Packaging_Labelling_Regulations_28_01_2022.pdf
Desmethylsulfentrazone and 3- Hydroxymethylsulfentrazone Soya bean,,Sulfentrazone and its metabolite,Pesticide residue,0.2,mg/kg (MRL),Desmethylsulfentrazone and 3- Hydroxymethylsulfentrazone Soya bean,"FSSAI (Contaminants, Toxins and Residues) Regulations, 2011 - Version VI (27.01.2022)",FSSAI,Compendium_Contaminants_Regulations_28_01_2022-FSSAI.pdf,39.0,https://www.fssai.gov.in/upload/uploadfiles/files/Compendium_Packaging_Labelling_Regulations_28_01_2022.pdf
Soya bean Oil,,Sulfentrazone and its metabolite,Pesticide residue,0.2,mg/kg (MRL),Soya bean Oil,"FSSAI (Contaminants, Toxins and Residues) Regulations, 2011 - Version VI (27.01.2022)",FSSAI,Compendium_Contaminants_Regulations_28_01_2022-FSSAI.pdf,39.0,https://www.fssai.gov.in/upload/uploadfiles/files/Compendium_Packaging_Labelling_Regulations_28_01_2022.pdf
Soya bean deoiled Cake,,Sulfentrazone and its metabolite,Pesticide residue,0.2,mg/kg (MRL),Soya bean deoiled Cake,"FSSAI (Contaminants, Toxins and Residues) Regulations, 2011 - Version VI (27.01.2022)",FSSAI,Compendium_Contaminants_Regulations_28_01_2022-FSSAI.pdf,39.0,https://www.fssai.gov.in/upload/uploadfiles/files/Compendium_Packaging_Labelling_Regulations_28_01_2022.pdf
Okra,,Spirotetramat,Pesticide residue,1.0,mg/kg (MRL),Okra,"FSSAI (Contaminants, Toxins and Residues) Regulations, 2011 - Version VI (27.01.2022)",FSSAI,Compendium_Contaminants_Regulations_28_01_2022-FSSAI.pdf,39.0,https://www.fssai.gov.in/upload/uploadfiles/files/Compendium_Packaging_Labelling_Regulations_28_01_2022.pdf
Brinjal,,Spirotetramat,Pesticide residue,1.0,mg/kg (MRL),Brinjal,"FSSAI (Contaminants, Toxins and Residues) Regulations, 2011 - Version VI (27.01.2022)",FSSAI,Compendium_Contaminants_Regulations_28_01_2022-FSSAI.pdf,39.0,https://www.fssai.gov.in/upload/uploadfiles/files/Compendium_Packaging_Labelling_Regulations_28_01_2022.pdf
Chilli,,Spirotetramat,Pesticide residue,2,mg/kg (MRL),Chilli,"FSSAI (Contaminants, Toxins and Residues) Regulations, 2011 - Version VI (27.01.2022)",FSSAI,Compendium_Contaminants_Regulations_28_01_2022-FSSAI.pdf,39.0,https://www.fssai.gov.in/upload/uploadfiles/files/Compendium_Packaging_Labelling_Regulations_28_01_2022.pdf
Dry Chilli,,Spirotetramat,Pesticide residue,20,mg/kg (MRL),Dry Chilli,"FSSAI (Contaminants, Toxins and Residues) Regulations, 2011 - Version VI (27.01.2022)",FSSAI,Compendium_Contaminants_Regulations_28_01_2022-FSSAI.pdf,39.0,https://www.fssai.gov.in/upload/uploadfiles/files/Compendium_Packaging_Labelling_Regulations_28_01_2022.pdf
Grapes,,Metrafenone,Pesticide residue,5,mg/kg (MRL),Grapes,"FSSAI (Contaminants, Toxins and Residues) Regulations, 2011 - Version VI (27.01.2022)",FSSAI,Compendium_Contaminants_Regulations_28_01_2022-FSSAI.pdf,39.0,https://www.fssai.gov.in/upload/uploadfiles/files/Compendium_Packaging_Labelling_Regulations_28_01_2022.pdf
Grapes,,Fluxapyroxad,Pesticide residue,3.0,mg/kg (MRL),Grapes,"FSSAI (Contaminants, Toxins and Residues) Regulations, 2011 - Version VI (27.01.2022)",FSSAI,Compendium_Contaminants_Regulations_28_01_2022-FSSAI.pdf,39.0,https://www.fssai.gov.in/upload/uploadfiles/files/Compendium_Packaging_Labelling_Regulations_28_01_2022.pdf
Apple,,Fluxapyroxad,Pesticide residue,0.9,mg/kg (MRL),Apple,"FSSAI (Contaminants, Toxins and Residues) Regulations, 2011 - Version VI (27.01.2022)",FSSAI,Compendium_Contaminants_Regulations_28_01_2022-FSSAI.pdf,39.0,https://www.fssai.gov.in/upload/uploadfiles/files/Compendium_Packaging_Labelling_Regulations_28_01_2022.pdf
Rice,,Fluxapyroxad,Pesticide residue,5,mg/kg (MRL),Rice,"FSSAI (Contaminants, Toxins and Residues) Regulations, 2011 - Version VI (27.01.2022)",FSSAI,Compendium_Contaminants_Regulations_28_01_2022-FSSAI.pdf,39.0,https://www.fssai.gov.in/upload/uploadfiles/files/Compendium_Packaging_Labelling_Regulations_28_01_2022.pdf
Watermelon,,Tetraconazole,Pesticide residue,0.01*,mg/kg (MRL),Watermelon,"FSSAI (Contaminants, Toxins and Residues) Regulations, 2011 - Version VI (27.01.2022)",FSSAI,Compendium_Contaminants_Regulations_28_01_2022-FSSAI.pdf,39.0,https://www.fssai.gov.in/upload/uploadfiles/files/Compendium_Packaging_Labelling_Regulations_28_01_2022.pdf
Grapes,,Abamectin,Pesticide residue,0.05*,mg/kg (MRL),Grapes,"FSSAI (Contaminants, Toxins and Residues) Regulations, 2011 - Version VI (27.01.2022)",FSSAI,Compendium_Contaminants_Regulations_28_01_2022-FSSAI.pdf,39.0,https://www.fssai.gov.in/upload/uploadfiles/files/Compendium_Packaging_Labelling_Regulations_28_01_2022.pdf
Chilli,,Abamectin,Pesticide residue,0.05*,mg/kg (MRL),Chilli,"FSSAI (Contaminants, Toxins and Residues) Regulations, 2011 - Version VI (27.01.2022)",FSSAI,Compendium_Contaminants_Regulations_28_01_2022-FSSAI.pdf,39.0,https://www.fssai.gov.in/upload/uploadfiles/files/Compendium_Packaging_Labelling_Regulations_28_01_2022.pdf
Dry Chilli,,Abamectin,Pesticide residue,0.5,mg/kg (MRL),Dry Chilli,"FSSAI (Contaminants, Toxins and Residues) Regulations, 2011 - Version VI (27.01.2022)",FSSAI,Compendium_Contaminants_Regulations_28_01_2022-FSSAI.pdf,39.0,https://www.fssai.gov.in/upload/uploadfiles/files/Compendium_Packaging_Labelling_Regulations_28_01_2022.pdf
metabolites Difluroacetic Acid and Difluroethylamino-furanone Okra,,Flupyradifurone and its,Pesticide residue,0.8,mg/kg (MRL),metabolites Difluroacetic Acid and Difluroethylamino-furanone Okra,"FSSAI (Contaminants, Toxins and Residues) Regulations, 2011 - Version VI (27.01.2022)",FSSAI,Compendium_Contaminants_Regulations_28_01_2022-FSSAI.pdf,39.0,https://www.fssai.gov.in/upload/uploadfiles/files/Compendium_Packaging_Labelling_Regulations_28_01_2022.pdf
seed Oil 0.4 Rice,,Sulfoxaflor Cotton seed and Cotton,Pesticide residue,0.01*,mg/kg (MRL),seed Oil 0.4 Rice,"FSSAI (Contaminants, Toxins and Residues) Regulations, 2011 - Version VI (27.01.2022)",FSSAI,Compendium_Contaminants_Regulations_28_01_2022-FSSAI.pdf,39.0,https://www.fssai.gov.in/upload/uploadfiles/files/Compendium_Packaging_Labelling_Regulations_28_01_2022.pdf
"Sea foods incl. shrimps, prawns, fish and fishery products",,Tetracycline,Veterinary drug residue,0.1,mg/kg,"Sea foods incl. shrimps, prawns, fish and fishery products","FSSAI (Contaminants, Toxins and Residues) Regulations, 2011 - Version VI (27.01.2022)",FSSAI,Compendium_Contaminants_Regulations_28_01_2022-FSSAI.pdf,40.0,https://www.fssai.gov.in/upload/uploadfiles/files/Compendium_Packaging_Labelling_Regulations_28_01_2022.pdf
"Sea foods incl. shrimps, prawns, fish and fishery products",,Oxytetracycline,Veterinary drug residue,0.1,mg/kg,"Sea foods incl. shrimps, prawns, fish and fishery products","FSSAI (Contaminants, Toxins and Residues) Regulations, 2011 - Version VI (27.01.2022)",FSSAI,Compendium_Contaminants_Regulations_28_01_2022-FSSAI.pdf,40.0,https://www.fssai.gov.in/upload/uploadfiles/files/Compendium_Packaging_Labelling_Regulations_28_01_2022.pdf
"Sea foods incl. shrimps, prawns, fish and fishery products",,Trimethoprim,Veterinary drug residue,0.05,mg/kg,"Sea foods incl. shrimps, prawns, fish and fishery products","FSSAI (Contaminants, Toxins and Residues) Regulations, 2011 - Version VI (27.01.2022)",FSSAI,Compendium_Contaminants_Regulations_28_01_2022-FSSAI.pdf,40.0,https://www.fssai.gov.in/upload/uploadfiles/files/Compendium_Packaging_Labelling_Regulations_28_01_2022.pdf
"Sea foods incl. shrimps, prawns, fish and fishery products",,Oxolinic acid,Veterinary drug residue,0.3,mg/kg,"Sea foods incl. shrimps, prawns, fish and fishery products","FSSAI (Contaminants, Toxins and Residues) Regulations, 2011 - Version VI (27.01.2022)",FSSAI,Compendium_Contaminants_Regulations_28_01_2022-FSSAI.pdf,40.0,https://www.fssai.gov.in/upload/uploadfiles/files/Compendium_Packaging_Labelling_Regulations_28_01_2022.pdf
Honey,,Chloramphenicol,Veterinary drug residue (prohibited substance),0.3,µg/kg (Limit of Quantification),Honey,"FSSAI (Contaminants, Toxins and Residues) Regulations, 2011 - Version VI (27.01.2022)",FSSAI,Compendium_Contaminants_Regulations_28_01_2022-FSSAI.pdf,41.0,https://www.fssai.gov.in/upload/uploadfiles/files/Compendium_Packaging_Labelling_Regulations_28_01_2022.pdf
Honey,,Nitrofurans and metabolites,Veterinary drug residue (prohibited substance),0.5,µg/kg (Limit of Quantification),Honey,"FSSAI (Contaminants, Toxins and Residues) Regulations, 2011 - Version VI (27.01.2022)",FSSAI,Compendium_Contaminants_Regulations_28_01_2022-FSSAI.pdf,41.0,https://www.fssai.gov.in/upload/uploadfiles/files/Compendium_Packaging_Labelling_Regulations_28_01_2022.pdf
Honey,,Sulphonamides and metabolites,Veterinary drug residue (prohibited substance),5.0,µg/kg (Limit of Quantification),Honey,"FSSAI (Contaminants, Toxins and Residues) Regulations, 2011 - Version VI (27.01.2022)",FSSAI,Compendium_Contaminants_Regulations_28_01_2022-FSSAI.pdf,41.0,https://www.fssai.gov.in/upload/uploadfiles/files/Compendium_Packaging_Labelling_Regulations_28_01_2022.pdf
Honey,,Streptomycin,Veterinary drug residue (prohibited substance),5.0,µg/kg (Limit of Quantification),Honey,"FSSAI (Contaminants, Toxins and Residues) Regulations, 2011 - Version VI (27.01.2022)",FSSAI,Compendium_Contaminants_Regulations_28_01_2022-FSSAI.pdf,41.0,https://www.fssai.gov.in/upload/uploadfiles/files/Compendium_Packaging_Labelling_Regulations_28_01_2022.pdf
"All edible animal tissues, fats, milk",,Ampicillin,Veterinary drug residue,0.01,mg/kg,"All edible animal tissues, fats, milk","FSSAI (Contaminants, Toxins and Residues) Regulations, 2011 - Version VI (27.01.2022)",FSSAI,Compendium_Contaminants_Regulations_28_01_2022-FSSAI.pdf,41.0,https://www.fssai.gov.in/upload/uploadfiles/files/Compendium_Packaging_Labelling_Regulations_28_01_2022.pdf
"All edible animal tissues, fats, milk",,Cloxacillin,Veterinary drug residue,0.01,mg/kg,"All edible animal tissues, fats, milk","FSSAI (Contaminants, Toxins and Residues) Regulations, 2011 - Version VI (27.01.2022)",FSSAI,Compendium_Contaminants_Regulations_28_01_2022-FSSAI.pdf,41.0,https://www.fssai.gov.in/upload/uploadfiles/files/Compendium_Packaging_Labelling_Regulations_28_01_2022.pdf
Cattle fat/muscle/liver,,Colistin,Veterinary drug residue,0.15,mg/kg,Cattle fat/muscle/liver,"FSSAI (Contaminants, Toxins and Residues) Regulations, 2011 - Version VI (27.01.2022)",FSSAI,Compendium_Contaminants_Regulations_28_01_2022-FSSAI.pdf,41.0,https://www.fssai.gov.in/upload/uploadfiles/files/Compendium_Packaging_Labelling_Regulations_28_01_2022.pdf
Cattle kidney,,Colistin,Veterinary drug residue,0.2,mg/kg,Cattle kidney,"FSSAI (Contaminants, Toxins and Residues) Regulations, 2011 - Version VI (27.01.2022)",FSSAI,Compendium_Contaminants_Regulations_28_01_2022-FSSAI.pdf,41.0,https://www.fssai.gov.in/upload/uploadfiles/files/Compendium_Packaging_Labelling_Regulations_28_01_2022.pdf
Cattle milk,,Colistin,Veterinary drug residue,0.05,mg/kg,Cattle milk,"FSSAI (Contaminants, Toxins and Residues) Regulations, 2011 - Version VI (27.01.2022)",FSSAI,Compendium_Contaminants_Regulations_28_01_2022-FSSAI.pdf,41.0,https://www.fssai.gov.in/upload/uploadfiles/files/Compendium_Packaging_Labelling_Regulations_28_01_2022.pdf
"Meat/meat products, poultry, eggs, sea foods",,"Extraneous Maximum Residue Limit (general, e.g. Chloroform, Colchicine, Dapsone, Metronidazole, Clenbuterol)",Veterinary drug residue (prohibited substance),0.001 (0.0003 for Chloramphenicol),mg/kg,"Meat/meat products, poultry, eggs, sea foods","FSSAI (Contaminants, Toxins and Residues) Regulations, 2011 - Version VI (27.01.2022)",FSSAI,Compendium_Contaminants_Regulations_28_01_2022-FSSAI.pdf,40.0,https://www.fssai.gov.in/upload/uploadfiles/files/Compendium_Packaging_Labelling_Regulations_28_01_2022.pdf
